brakingPressure, currentGear, distanceCounter, electronicStabilityProgram, engineSpeed, fuelConsumption, gearSelection, lapDistance, laptime, lateralAcceleration, longitudinalAcceleration, longitudinalSlipRR, longitudinalSlipRL, longitudinalSlipFR, longitudinalSlipFL, pedalForce, sectorDistance, sectorTime, speed, steeringWheelAngle, timestamp, tirePressureFR, tirePressureFL, tirePressureRR, tirePressureRL, tripDistance, wpoCharismaDamper, wpoCharismaMotor, wpoCharismaTransmission, wpoOversteer, wpoUndersteer, latitude, longitude, yawVelocity
0.0, 3, 0.000, , 4000, 0.0, , 12.8, 319, 0.900, 0.000, 0.0, 0.0, 0.0, 0.0, 0.50, , , 40.000, 30.00, 1780000000000, 3276.8, 2.1, 3276.8, 3276.8, 0, , , , 0.0, 0.0, 36.562711495, -79.200142673, 0.0
0.0, 4, 4.000, , 4126, 0.0, , 16.8, 419, 0.898, -0.038, 0.0, 0.0, 0.0, 0.0, 0.53, , , 40.000, 29.94, 1780000000100, 3276.8, 2.1, 3276.8, 3276.8, 0, , , , 0.0, 0.0, 36.562709715, -79.200187353, 0.0
0.0, 4, 8.000, , 4251, 0.0, , 20.8, 519, 0.893, -0.075, 0.0, 0.0, 0.0, 0.0, 0.56, , , 40.000, 29.76, 1780000000200, 3276.8, 2.1, 3276.8, 3276.8, 0, , , , 0.0, 0.0, 36.562707454, -79.200232000, 0.0
0.0, 4, 12.000, , 4375, 0.0, , 24.8, 619, 0.884, -0.112, 0.0, 0.0, 0.0, 0.0, 0.59, , , 40.000, 29.47, 1780000000300, 3276.8, 2.1, 3276.8, 3276.8, 0, , , , 0.0, 0.0, 36.562704711, -79.200276606, 0.0
0.0, 4, 16.000, , 4497, 0.0, , 28.8, 719, 0.872, -0.149, 0.0, 0.0, 0.0, 0.0, 0.62, , , 40.000, 29.06, 1780000000400, 3276.8, 2.1, 3276.8, 3276.8, 0, , , , 0.0, 0.0, 36.562701487, -79.200321163, 0.0
0.0, 4, 20.000, , 4618, 0.0, , 32.8, 819, 0.856, -0.185, 0.0, 0.0, 0.0, 0.0, 0.65, , , 40.000, 28.53, 1780000000500, 3276.8, 2.1, 3276.8, 3276.8, 0, , , , 0.0, 0.0, 36.562697783, -79.200365662, 0.0
0.0, 4, 24.000, , 4736, 0.0, , 36.8, 919, 0.837, -0.221, 0.0, 0.0, 0.0, 0.0, 0.68, , , 40.000, 27.89, 1780000000600, 3276.8, 2.1, 3276.8, 3276.8, 0, , , , 0.0, 0.0, 36.562693600, -79.200410097, 0.0
0.0, 4, 28.000, , 4852, 0.0, , 40.8, 1019, 0.814, -0.255, 0.0, 0.0, 0.0, 0.0, 0.71, , , 40.000, 27.14, 1780000000700, 3276.8, 2.1, 3276.8, 3276.8, 0, , , , 0.0, 0.0, 36.562688937, -79.200454458, 0.0
0.0, 4, 32.000, , 4964, 0.0, , 44.8, 1119, 0.789, -0.289, 0.0, 0.0, 0.0, 0.0, 0.74, , , 40.000, 26.29, 1780000000800, 3276.8, 2.1, 3276.8, 3276.8, 0, , , , 0.0, 0.0, 36.562683797, -79.200498739, 0.0
0.0, 4, 36.000, , 5072, 0.0, , 48.8, 1219, 0.760, -0.321, 0.0, 0.0, 0.0, 0.0, 0.77, , , 40.000, 25.33, 1780000000900, 3276.8, 2.1, 3276.8, 3276.8, 0, , , , 0.0, 0.0, 36.562678180, -79.200542931, 0.0
0.0, 4, 40.000, , 5176, 0.0, , 52.8, 1319, 0.728, -0.353, 0.0, 0.0, 0.0, 0.0, 0.79, , , 40.000, 24.27, 1780000001000, 3276.8, 2.1, 3276.8, 3276.8, 0, , , , 0.0, 0.0, 36.562672086, -79.200587026, 0.0
0.0, 4, 44.000, , 5275, 0.0, , 56.8, 1419, 0.693, -0.382, 0.0, 0.0, 0.0, 0.0, 0.82, , , 40.000, 23.12, 1780000001100, 3276.8, 2.1, 3276.8, 3276.8, 0, , , , 0.0, 0.0, 36.562665517, -79.200631018, 0.0
0.0, 4, 48.000, , 5369, 0.0, , 60.8, 1519, 0.656, -0.411, 0.0, 0.0, 0.0, 0.0, 0.84, , , 40.000, 21.87, 1780000001200, 3276.8, 2.1, 3276.8, 3276.8, 0, , , , 0.0, 0.0, 36.562658475, -79.200674897, 0.0
0.0, 4, 52.000, , 5458, 0.0, , 64.8, 1619, 0.616, -0.437, 0.0, 0.0, 0.0, 0.0, 0.86, , , 40.000, 20.54, 1780000001300, 3276.8, 2.1, 3276.8, 3276.8, 0, , , , 0.0, 0.0, 36.562650960, -79.200718656, 0.0
0.0, 4, 56.000, , 5541, 0.0, , 68.8, 1719, 0.574, -0.462, 0.0, 0.0, 0.0, 0.0, 0.89, , , 40.000, 19.12, 1780000001400, 3276.8, 2.1, 3276.8, 3276.8, 0, , , , 0.0, 0.0, 36.562642973, -79.200762287, 0.0
0.0, 4, 60.000, , 5618, 0.0, , 72.8, 1819, 0.529, -0.485, 0.0, 0.0, 0.0, 0.0, 0.90, , , 40.000, 17.63, 1780000001500, 3276.8, 2.1, 3276.8, 3276.8, 0, , , , 0.0, 0.0, 36.562634517, -79.200805783, 0.0
0.0, 4, 64.000, , 5689, 0.0, , 76.8, 1919, 0.482, -0.507, 0.0, 0.0, 0.0, 0.0, 0.92, , , 40.000, 16.07, 1780000001600, 3276.8, 2.1, 3276.8, 3276.8, 0, , , , 0.0, 0.0, 36.562625593, -79.200849135, 0.0
0.0, 4, 68.000, , 5753, 0.0, , 80.8, 2019, 0.434, -0.526, 0.0, 0.0, 0.0, 0.0, 0.94, , , 40.000, 14.45, 1780000001700, 3276.8, 2.1, 3276.8, 3276.8, 0, , , , 0.0, 0.0, 36.562616201, -79.200892337, 0.0
0.0, 4, 72.000, , 5810, 0.0, , 84.8, 2119, 0.383, -0.543, 0.0, 0.0, 0.0, 0.0, 0.95, , , 40.000, 12.77, 1780000001800, 3276.8, 2.1, 3276.8, 3276.8, 0, , , , 0.0, 0.0, 36.562606345, -79.200935380, 0.0
0.0, 4, 76.000, , 5860, 0.0, , 88.8, 2219, 0.331, -0.558, 0.0, 0.0, 0.0, 0.0, 0.96, , , 40.000, 11.04, 1780000001900, 3276.8, 2.1, 3276.8, 3276.8, 0, , , , 0.0, 0.0, 36.562596025, -79.200978257, 0.0
0.0, 4, 80.000, , 5902, 0.0, , 92.8, 2319, 0.278, -0.571, 0.0, 0.0, 0.0, 0.0, 0.98, , , 40.000, 9.27, 1780000002000, 3276.8, 2.1, 3276.8, 3276.8, 0, , , , 0.0, 0.0, 36.562585244, -79.201020959, 0.0
0.0, 4, 84.000, , 5937, 0.0, , 96.8, 2419, 0.224, -0.581, 0.0, 0.0, 0.0, 0.0, 0.98, , , 40.000, 7.46, 1780000002100, 3276.8, 2.1, 3276.8, 3276.8, 0, , , , 0.0, 0.0, 36.562574003, -79.201063481, 0.0
0.0, 4, 88.000, , 5965, 0.0, , 100.8, 2519, 0.169, -0.589, 0.0, 0.0, 0.0, 0.0, 0.99, , , 40.000, 5.62, 1780000002200, 3276.8, 2.1, 3276.8, 3276.8, 0, , , , 0.0, 0.0, 36.562562305, -79.201105813, 0.0
0.0, 4, 92.000, , 5984, 0.0, , 104.8, 2619, 0.113, -0.595, 0.0, 0.0, 0.0, 0.0, 1.00, , , 40.000, 3.76, 1780000002300, 3276.8, 2.1, 3276.8, 3276.8, 0, , , , 0.0, 0.0, 36.562550151, -79.201147948, 0.0
0.0, 4, 96.000, , 5996, 0.0, , 108.8, 2719, 0.057, -0.599, 0.0, 0.0, 0.0, 0.0, 1.00, , , 40.000, 1.88, 1780000002400, 3276.8, 2.1, 3276.8, 3276.8, 0, , , , 0.0, 0.0, 36.562537543, -79.201189880, 0.0
0.0, 4, 100.000, , 6000, 0.0, , 112.8, 2819, 0.000, -0.600, 0.0, 0.0, 0.0, 0.0, 1.00, , , 40.000, 0.00, 1780000002500, 3276.8, 2.1, 3276.8, 3276.8, 0, , , , 0.0, 0.0, 36.562524485, -79.201231600, 0.0
0.0, 4, 104.000, , 5996, 0.0, , 116.8, 2919, -0.057, -0.599, 0.0, 0.0, 0.0, 0.0, 1.00, , , 40.000, -1.88, 1780000002600, 3276.8, 2.1, 3276.8, 3276.8, 0, , , , 0.0, 0.0, 36.562510978, -79.201273101, 0.0
0.0, 4, 108.000, , 5984, 0.0, , 120.8, 3019, -0.113, -0.595, 0.0, 0.0, 0.0, 0.0, 1.00, , , 40.000, -3.76, 1780000002700, 3276.8, 2.1, 3276.8, 3276.8, 0, , , , 0.0, 0.0, 36.562497024, -79.201314376, 0.0
0.0, 4, 112.000, , 5965, 0.0, , 124.8, 3119, -0.169, -0.589, 0.0, 0.0, 0.0, 0.0, 0.99, , , 40.000, -5.62, 1780000002800, 3276.8, 2.1, 3276.8, 3276.8, 0, , , , 0.0, 0.0, 36.562482626, -79.201355417, 0.0
0.0, 4, 116.000, , 5937, 0.0, , 128.8, 3219, -0.224, -0.581, 0.0, 0.0, 0.0, 0.0, 0.98, , , 40.000, -7.46, 1780000002900, 3276.8, 2.1, 3276.8, 3276.8, 0, , , , 0.0, 0.0, 36.562467787, -79.201396217, 0.0
0.0, 4, 120.000, , 5902, 0.0, , 132.8, 3319, -0.278, -0.571, 0.0, 0.0, 0.0, 0.0, 0.98, , , 40.000, -9.27, 1780000003000, 3276.8, 2.1, 3276.8, 3276.8, 0, , , , 0.0, 0.0, 36.562452510, -79.201436769, 0.0
0.0, 4, 124.000, , 5860, 0.0, , 136.8, 3419, -0.331, -0.558, 0.0, 0.0, 0.0, 0.0, 0.96, , , 40.000, -11.04, 1780000003100, 3276.8, 2.1, 3276.8, 3276.8, 0, , , , 0.0, 0.0, 36.562436796, -79.201477065, 0.0
0.0, 4, 128.000, , 5810, 0.0, , 140.8, 3519, -0.383, -0.543, 0.0, 0.0, 0.0, 0.0, 0.95, , , 40.000, -12.77, 1780000003200, 3276.8, 2.1, 3276.8, 3276.8, 0, , , , 0.0, 0.0, 36.562420649, -79.201517099, 0.0
0.0, 4, 132.000, , 5753, 0.0, , 144.8, 3619, -0.434, -0.526, 0.0, 0.0, 0.0, 0.0, 0.94, , , 40.000, -14.45, 1780000003300, 3276.8, 2.1, 3276.8, 3276.8, 0, , , , 0.0, 0.0, 36.562404072, -79.201556863, 0.0
0.0, 4, 136.000, , 5689, 0.0, , 148.8, 3719, -0.482, -0.507, 0.0, 0.0, 0.0, 0.0, 0.92, , , 40.000, -16.07, 1780000003400, 3276.8, 2.1, 3276.8, 3276.8, 0, , , , 0.0, 0.0, 36.562387068, -79.201596350, 0.0
0.0, 4, 140.000, , 5618, 0.0, , 152.8, 3819, -0.529, -0.485, 0.0, 0.0, 0.0, 0.0, 0.90, , , 40.000, -17.63, 1780000003500, 3276.8, 2.1, 3276.8, 3276.8, 0, , , , 0.0, 0.0, 36.562369639, -79.201635554, 0.0
0.0, 4, 144.000, , 5541, 0.0, , 156.8, 3919, -0.574, -0.462, 0.0, 0.0, 0.0, 0.0, 0.89, , , 40.000, -19.12, 1780000003600, 3276.8, 2.1, 3276.8, 3276.8, 0, , , , 0.0, 0.0, 36.562351789, -79.201674467, 0.0
0.0, 4, 148.000, , 5458, 0.0, , 160.8, 4019, -0.616, -0.437, 0.0, 0.0, 0.0, 0.0, 0.86, , , 40.000, -20.54, 1780000003700, 3276.8, 2.1, 3276.8, 3276.8, 0, , , , 0.0, 0.0, 36.562333521, -79.201713082, 0.0
0.0, 4, 152.000, , 5369, 0.0, , 164.8, 4119, -0.656, -0.411, 0.0, 0.0, 0.0, 0.0, 0.84, , , 40.000, -21.87, 1780000003800, 3276.8, 2.1, 3276.8, 3276.8, 0, , , , 0.0, 0.0, 36.562314838, -79.201751393, 0.0
0.0, 4, 156.000, , 5275, 0.0, , 168.8, 4219, -0.693, -0.382, 0.0, 0.0, 0.0, 0.0, 0.82, , , 40.000, -23.12, 1780000003900, 3276.8, 2.1, 3276.8, 3276.8, 0, , , , 0.0, 0.0, 36.562295743, -79.201789392, 0.0
0.0, 4, 160.000, , 5176, 0.0, , 172.8, 4319, -0.728, -0.353, 0.0, 0.0, 0.0, 0.0, 0.79, , , 40.000, -24.27, 1780000004000, 3276.8, 2.1, 3276.8, 3276.8, 0, , , , 0.0, 0.0, 36.562276240, -79.201827073, 0.0
0.0, 4, 164.000, , 5072, 0.0, , 176.8, 4419, -0.760, -0.321, 0.0, 0.0, 0.0, 0.0, 0.77, , , 40.000, -25.33, 1780000004100, 3276.8, 2.1, 3276.8, 3276.8, 0, , , , 0.0, 0.0, 36.562256333, -79.201864429, 0.0
0.0, 4, 168.000, , 4964, 0.0, , 180.8, 4519, -0.789, -0.289, 0.0, 0.0, 0.0, 0.0, 0.74, , , 40.000, -26.29, 1780000004200, 3276.8, 2.1, 3276.8, 3276.8, 0, , , , 0.0, 0.0, 36.562236024, -79.201901454, 0.0
0.0, 4, 172.000, , 4852, 0.0, , 184.8, 4619, -0.814, -0.255, 0.0, 0.0, 0.0, 0.0, 0.71, , , 40.000, -27.14, 1780000004300, 3276.8, 2.1, 3276.8, 3276.8, 0, , , , 0.0, 0.0, 36.562215318, -79.201938141, 0.0
0.0, 4, 176.000, , 4736, 0.0, , 188.8, 4719, -0.837, -0.221, 0.0, 0.0, 0.0, 0.0, 0.68, , , 40.000, -27.89, 1780000004400, 3276.8, 2.1, 3276.8, 3276.8, 0, , , , 0.0, 0.0, 36.562194219, -79.201974484, 0.0
0.0, 4, 180.000, , 4618, 0.0, , 192.8, 4819, -0.856, -0.185, 0.0, 0.0, 0.0, 0.0, 0.65, , , 40.000, -28.53, 1780000004500, 3276.8, 2.1, 3276.8, 3276.8, 0, , , , 0.0, 0.0, 36.562172729, -79.202010475, 0.0
0.0, 4, 184.000, , 4497, 0.0, , 196.8, 4919, -0.872, -0.149, 0.0, 0.0, 0.0, 0.0, 0.62, , , 40.000, -29.06, 1780000004600, 3276.8, 2.1, 3276.8, 3276.8, 0, , , , 0.0, 0.0, 36.562150853, -79.202046109, 0.0
0.0, 4, 188.000, , 4375, 0.0, , 200.8, 5019, -0.884, -0.112, 0.0, 0.0, 0.0, 0.0, 0.59, , , 40.000, -29.47, 1780000004700, 3276.8, 2.1, 3276.8, 3276.8, 0, , , , 0.0, 0.0, 36.562128594, -79.202081379, 0.0
0.0, 4, 192.000, , 4251, 0.0, , 204.8, 5119, -0.893, -0.075, 0.0, 0.0, 0.0, 0.0, 0.56, , , 40.000, -29.76, 1780000004800, 3276.8, 2.1, 3276.8, 3276.8, 0, , , , 0.0, 0.0, 36.562105957, -79.202116279, 0.0
0.0, 4, 196.000, , 4126, 0.0, , 208.8, 5219, -0.898, -0.038, 0.0, 0.0, 0.0, 0.0, 0.53, , , 40.000, -29.94, 1780000004900, 3276.8, 2.1, 3276.8, 3276.8, 0, , , , 0.0, 0.0, 36.562082946, -79.202150803, 0.0
0.0, 3, 200.000, , 4000, 0.0, , 212.8, 5319, -0.900, 0.000, 0.0, 0.0, 0.0, 0.0, 0.50, , , 40.000, -30.00, 1780000005000, 3276.8, 2.1, 3276.8, 3276.8, 0, , , , 0.0, 0.0, 36.562059564, -79.202184944, 0.0
2.5, 3, 204.000, , 3874, 0.0, , 216.8, 5419, -0.898, 0.038, 0.0, 0.0, 0.0, 0.0, 0.47, , , 40.000, -29.94, 1780000005100, 3276.8, 2.1, 3276.8, 3276.8, 0, , , , 0.0, 0.0, 36.562035816, -79.202218698, 0.0
5.0, 3, 208.000, , 3749, 0.0, , 220.8, 5519, -0.893, 0.075, 0.0, 0.0, 0.0, 0.0, 0.44, , , 40.000, -29.76, 1780000005200, 3276.8, 2.1, 3276.8, 3276.8, 0, , , , 0.0, 0.0, 36.562011707, -79.202252056, 0.0
7.5, 3, 212.000, , 3625, 0.0, , 224.8, 5619, -0.884, 0.112, 0.0, 0.0, 0.0, 0.0, 0.41, , , 40.000, -29.47, 1780000005300, 3276.8, 2.1, 3276.8, 3276.8, 0, , , , 0.0, 0.0, 36.561987239, -79.202285015, 0.0
9.9, 3, 216.000, , 3503, 0.0, , 228.8, 5719, -0.872, 0.149, 0.0, 0.0, 0.0, 0.0, 0.38, , , 40.000, -29.06, 1780000005400, 3276.8, 2.1, 3276.8, 3276.8, 0, , , , 0.0, 0.0, 36.561962419, -79.202317567, 0.0
12.4, 3, 220.000, , 3382, 0.0, , 232.8, 5819, -0.856, 0.185, 0.0, 0.0, 0.0, 0.0, 0.35, , , 40.000, -28.53, 1780000005500, 3276.8, 2.1, 3276.8, 3276.8, 0, , , , 0.0, 0.0, 36.561937249, -79.202349707, 0.0
14.7, 3, 224.000, , 3264, 0.0, , 236.8, 5919, -0.837, 0.221, 0.0, 0.0, 0.0, 0.0, 0.32, , , 40.000, -27.89, 1780000005600, 3276.8, 2.1, 3276.8, 3276.8, 0, , , , 0.0, 0.0, 36.561911735, -79.202381429, 0.0
17.0, 3, 228.000, , 3148, 0.0, , 240.8, 6019, -0.814, 0.255, 0.0, 0.0, 0.0, 0.0, 0.29, , , 40.000, -27.14, 1780000005700, 3276.8, 2.1, 3276.8, 3276.8, 0, , , , 0.0, 0.0, 36.561885882, -79.202412728, 0.0
19.3, 3, 232.000, , 3036, 0.0, , 244.8, 6119, -0.789, 0.289, 0.0, 0.0, 0.0, 0.0, 0.26, , , 40.000, -26.29, 1780000005800, 3276.8, 2.1, 3276.8, 3276.8, 0, , , , 0.0, 0.0, 36.561859693, -79.202443598, 0.0
21.4, 3, 236.000, , 2928, 0.0, , 248.8, 6219, -0.760, 0.321, 0.0, 0.0, 0.0, 0.0, 0.23, , , 40.000, -25.33, 1780000005900, 3276.8, 2.1, 3276.8, 3276.8, 0, , , , 0.0, 0.0, 36.561833173, -79.202474034, 0.0
23.5, 3, 240.000, , 2824, 0.0, , 252.8, 6319, -0.728, 0.353, 0.0, 0.0, 0.0, 0.0, 0.21, , , 40.000, -24.27, 1780000006000, 3276.8, 2.1, 3276.8, 3276.8, 0, , , , 0.0, 0.0, 36.561806328, -79.202504030, 0.0
25.5, 3, 244.000, , 2725, 0.0, , 256.8, 6419, -0.693, 0.382, 0.0, 0.0, 0.0, 0.0, 0.18, , , 40.000, -23.12, 1780000006100, 3276.8, 2.1, 3276.8, 3276.8, 0, , , , 0.0, 0.0, 36.561779161, -79.202533581, 0.0
27.4, 3, 248.000, , 2631, 0.0, , 260.8, 6519, -0.656, 0.411, 0.0, 0.0, 0.0, 0.0, 0.16, , , 40.000, -21.87, 1780000006200, 3276.8, 2.1, 3276.8, 3276.8, 0, , , , 0.0, 0.0, 36.561751678, -79.202562681, 0.0
29.2, 3, 252.000, , 2542, 0.0, , 264.8, 6619, -0.616, 0.437, 0.0, 0.0, 0.0, 0.0, 0.14, , , 40.000, -20.54, 1780000006300, 3276.8, 2.1, 3276.8, 3276.8, 0, , , , 0.0, 0.0, 36.561723884, -79.202591326, 0.0
30.8, 3, 256.000, , 2459, 0.0, , 268.8, 6719, -0.574, 0.462, 0.0, 0.0, 0.0, 0.0, 0.11, , , 40.000, -19.12, 1780000006400, 3276.8, 2.1, 3276.8, 3276.8, 0, , , , 0.0, 0.0, 36.561695783, -79.202619510, 0.0
32.4, 3, 260.000, , 2382, 0.0, , 272.8, 6819, -0.529, 0.485, 0.0, 0.0, 0.0, 0.0, 0.10, , , 40.000, -17.63, 1780000006500, 3276.8, 2.1, 3276.8, 3276.8, 0, , , , 0.0, 0.0, 36.561667381, -79.202647228, 0.0
33.8, 3, 264.000, , 2311, 0.0, , 276.8, 6919, -0.482, 0.507, 0.0, 0.0, 0.0, 0.0, 0.08, , , 40.000, -16.07, 1780000006600, 3276.8, 2.1, 3276.8, 3276.8, 0, , , , 0.0, 0.0, 36.561638682, -79.202674476, 0.0
35.1, 3, 268.000, , 2247, 0.0, , 280.8, 7019, -0.434, 0.526, 0.0, 0.0, 0.0, 0.0, 0.06, , , 40.000, -14.45, 1780000006700, 3276.8, 2.1, 3276.8, 3276.8, 0, , , , 0.0, 0.0, 36.561609692, -79.202701248, 0.0
36.2, 3, 272.000, , 2190, 0.0, , 284.8, 7119, -0.383, 0.543, 0.0, 0.0, 0.0, 0.0, 0.05, , , 40.000, -12.77, 1780000006800, 3276.8, 2.1, 3276.8, 3276.8, 0, , , , 0.0, 0.0, 36.561580416, -79.202727540, 0.0
37.2, 3, 276.000, , 2140, 0.0, , 288.8, 7219, -0.331, 0.558, 0.0, 0.0, 0.0, 0.0, 0.04, , , 40.000, -11.04, 1780000006900, 3276.8, 2.1, 3276.8, 3276.8, 0, , , , 0.0, 0.0, 36.561550859, -79.202753347, 0.0
38.0, 3, 280.000, , 2098, 0.0, , 292.8, 7319, -0.278, 0.571, 0.0, 0.0, 0.0, 0.0, 0.02, , , 40.000, -9.27, 1780000007000, 3276.8, 2.1, 3276.8, 3276.8, 0, , , , 0.0, 0.0, 36.561521026, -79.202778665, 0.0
38.7, 3, 284.000, , 2063, 0.0, , 296.8, 7419, -0.224, 0.581, 0.0, 0.0, 0.0, 0.0, 0.02, , , 40.000, -7.46, 1780000007100, 3276.8, 2.1, 3276.8, 3276.8, 0, , , , 0.0, 0.0, 36.561490923, -79.202803489, 0.0
39.3, 3, 288.000, , 2035, 0.0, , 300.8, 7519, -0.169, 0.589, 0.0, 0.0, 0.0, 0.0, 0.01, , , 40.000, -5.62, 1780000007200, 3276.8, 2.1, 3276.8, 3276.8, 0, , , , 0.0, 0.0, 36.561460555, -79.202827814, 0.0
39.7, 3, 292.000, , 2016, 0.0, , 304.8, 7619, -0.113, 0.595, 0.0, 0.0, 0.0, 0.0, 0.00, , , 40.000, -3.76, 1780000007300, 3276.8, 2.1, 3276.8, 3276.8, 0, , , , 0.0, 0.0, 36.561429927, -79.202851637, 0.0
39.9, 3, 296.000, , 2004, 0.0, , 308.8, 7719, -0.057, 0.599, 0.0, 0.0, 0.0, 0.0, 0.00, , , 40.000, -1.88, 1780000007400, 3276.8, 2.1, 3276.8, 3276.8, 0, , , , 0.0, 0.0, 36.561399045, -79.202874953, 0.0
40.0, 3, 300.000, , 2000, 0.0, , 312.8, 7819, 0.000, 0.600, 0.0, 0.0, 0.0, 0.0, 0.00, , , 40.000, 0.00, 1780000007500, 3276.8, 2.1, 3276.8, 3276.8, 0, , , , 0.0, 0.0, 36.561367914, -79.202897757, 0.0
39.9, 3, 304.000, , 2004, 0.0, , 316.8, 7919, 0.057, 0.599, 0.0, 0.0, 0.0, 0.0, 0.00, , , 40.000, 1.88, 1780000007600, 3276.8, 2.1, 3276.8, 3276.8, 0, , , , 0.0, 0.0, 36.561336540, -79.202920047, 0.0
39.7, 3, 308.000, , 2016, 0.0, , 320.8, 8019, 0.113, 0.595, 0.0, 0.0, 0.0, 0.0, 0.00, , , 40.000, 3.76, 1780000007700, 3276.8, 2.1, 3276.8, 3276.8, 0, , , , 0.0, 0.0, 36.561304928, -79.202941817, 0.0
39.3, 3, 312.000, , 2035, 0.0, , 324.8, 8119, 0.169, 0.589, 0.0, 0.0, 0.0, 0.0, 0.01, , , 40.000, 5.62, 1780000007800, 3276.8, 2.1, 3276.8, 3276.8, 0, , , , 0.0, 0.0, 36.561273085, -79.202963064, 0.0
38.7, 3, 316.000, , 2063, 0.0, , 328.8, 8219, 0.224, 0.581, 0.0, 0.0, 0.0, 0.0, 0.02, , , 40.000, 7.46, 1780000007900, 3276.8, 2.1, 3276.8, 3276.8, 0, , , , 0.0, 0.0, 36.561241015, -79.202983785, 0.0
38.0, 3, 320.000, , 2098, 0.0, , 332.8, 8319, 0.278, 0.571, 0.0, 0.0, 0.0, 0.0, 0.02, , , 40.000, 9.27, 1780000008000, 3276.8, 2.1, 3276.8, 3276.8, 0, , , , 0.0, 0.0, 36.561208724, -79.203003975, 0.0
37.2, 3, 324.000, , 2140, 0.0, , 336.8, 8419, 0.331, 0.558, 0.0, 0.0, 0.0, 0.0, 0.04, , , 40.000, 11.04, 1780000008100, 3276.8, 2.1, 3276.8, 3276.8, 0, , , , 0.0, 0.0, 36.561176219, -79.203023631, 0.0
36.2, 3, 328.000, , 2190, 0.0, , 340.8, 8519, 0.383, 0.543, 0.0, 0.0, 0.0, 0.0, 0.05, , , 40.000, 12.77, 1780000008200, 3276.8, 2.1, 3276.8, 3276.8, 0, , , , 0.0, 0.0, 36.561143504, -79.203042750, 0.0
35.1, 3, 332.000, , 2247, 0.0, , 344.8, 8619, 0.434, 0.526, 0.0, 0.0, 0.0, 0.0, 0.06, , , 40.000, 14.45, 1780000008300, 3276.8, 2.1, 3276.8, 3276.8, 0, , , , 0.0, 0.0, 36.561110587, -79.203061327, 0.0
33.8, 3, 336.000, , 2311, 0.0, , 348.8, 8719, 0.482, 0.507, 0.0, 0.0, 0.0, 0.0, 0.08, , , 40.000, 16.07, 1780000008400, 3276.8, 2.1, 3276.8, 3276.8, 0, , , , 0.0, 0.0, 36.561077471, -79.203079361, 0.0
32.4, 3, 340.000, , 2382, 0.0, , 352.8, 8819, 0.529, 0.485, 0.0, 0.0, 0.0, 0.0, 0.10, , , 40.000, 17.63, 1780000008500, 3276.8, 2.1, 3276.8, 3276.8, 0, , , , 0.0, 0.0, 36.561044165, -79.203096847, 0.0
30.8, 3, 344.000, , 2459, 0.0, , 356.8, 8919, 0.574, 0.462, 0.0, 0.0, 0.0, 0.0, 0.11, , , 40.000, 19.12, 1780000008600, 3276.8, 2.1, 3276.8, 3276.8, 0, , , , 0.0, 0.0, 36.561010672, -79.203113782, 0.0
29.2, 3, 348.000, , 2542, 0.0, , 360.8, 9019, 0.616, 0.437, 0.0, 0.0, 0.0, 0.0, 0.14, , , 40.000, 20.54, 1780000008700, 3276.8, 2.1, 3276.8, 3276.8, 0, , , , 0.0, 0.0, 36.560977000, -79.203130164, 0.0
27.4, 3, 352.000, , 2631, 0.0, , 364.8, 9119, 0.656, 0.411, 0.0, 0.0, 0.0, 0.0, 0.16, , , 40.000, 21.87, 1780000008800, 3276.8, 2.1, 3276.8, 3276.8, 0, , , , 0.0, 0.0, 36.560943154, -79.203145990, 0.0
25.5, 3, 356.000, , 2725, 0.0, , 368.8, 9219, 0.693, 0.382, 0.0, 0.0, 0.0, 0.0, 0.18, , , 40.000, 23.12, 1780000008900, 3276.8, 2.1, 3276.8, 3276.8, 0, , , , 0.0, 0.0, 36.560909141, -79.203161256, 0.0
23.5, 3, 360.000, , 2824, 0.0, , 372.8, 9319, 0.728, 0.353, 0.0, 0.0, 0.0, 0.0, 0.21, , , 40.000, 24.27, 1780000009000, 3276.8, 2.1, 3276.8, 3276.8, 0, , , , 0.0, 0.0, 36.560874966, -79.203175960, 0.0
21.4, 3, 364.000, , 2928, 0.0, , 376.8, 9419, 0.760, 0.321, 0.0, 0.0, 0.0, 0.0, 0.23, , , 40.000, 25.33, 1780000009100, 3276.8, 2.1, 3276.8, 3276.8, 0, , , , 0.0, 0.0, 36.560840635, -79.203190099, 0.0
19.3, 3, 368.000, , 3036, 0.0, , 380.8, 9519, 0.789, 0.289, 0.0, 0.0, 0.0, 0.0, 0.26, , , 40.000, 26.29, 1780000009200, 3276.8, 2.1, 3276.8, 3276.8, 0, , , , 0.0, 0.0, 36.560806155, -79.203203672, 0.0
17.0, 3, 372.000, , 3148, 0.0, , 384.8, 9619, 0.814, 0.255, 0.0, 0.0, 0.0, 0.0, 0.29, , , 40.000, 27.14, 1780000009300, 3276.8, 2.1, 3276.8, 3276.8, 0, , , , 0.0, 0.0, 36.560771532, -79.203216675, 0.0
14.7, 3, 376.000, , 3264, 0.0, , 388.8, 9719, 0.837, 0.221, 0.0, 0.0, 0.0, 0.0, 0.32, , , 40.000, 27.89, 1780000009400, 3276.8, 2.1, 3276.8, 3276.8, 0, , , , 0.0, 0.0, 36.560736771, -79.203229106, 0.0
12.4, 3, 380.000, , 3382, 0.0, , 392.8, 9819, 0.856, 0.185, 0.0, 0.0, 0.0, 0.0, 0.35, , , 40.000, 28.53, 1780000009500, 3276.8, 2.1, 3276.8, 3276.8, 0, , , , 0.0, 0.0, 36.560701880, -79.203240963, 0.0
9.9, 3, 384.000, , 3503, 0.0, , 396.8, 9919, 0.872, 0.149, 0.0, 0.0, 0.0, 0.0, 0.38, , , 40.000, 29.06, 1780000009600, 3276.8, 2.1, 3276.8, 3276.8, 0, , , , 0.0, 0.0, 36.560666864, -79.203252244, 0.0
7.5, 3, 388.000, , 3625, 0.0, , 400.8, 10019, 0.884, 0.112, 0.0, 0.0, 0.0, 0.0, 0.41, , , 40.000, 29.47, 1780000009700, 3276.8, 2.1, 3276.8, 3276.8, 0, , , , 0.0, 0.0, 36.560631729, -79.203262946, 0.0
5.0, 3, 392.000, , 3749, 0.0, , 404.8, 10119, 0.893, 0.075, 0.0, 0.0, 0.0, 0.0, 0.44, , , 40.000, 29.76, 1780000009800, 3276.8, 2.1, 3276.8, 3276.8, 0, , , , 0.0, 0.0, 36.560596482, -79.203273069, 0.0
2.5, 3, 396.000, , 3874, 0.0, , 408.8, 10219, 0.898, 0.038, 0.0, 0.0, 0.0, 0.0, 0.47, , , 40.000, 29.94, 1780000009900, 3276.8, 2.1, 3276.8, 3276.8, 0, , , , 0.0, 0.0, 36.560561128, -79.203282610, 0.0
0.0, 4, 400.000, , 4000, 0.0, , 412.8, 10319, 0.900, -0.000, 0.0, 0.0, 0.0, 0.0, 0.50, , , 40.000, 30.00, 1780000010000, 3276.8, 2.1, 3276.8, 3276.8, 0, , , , 0.0, 0.0, 36.560525676, -79.203291567, 0.0
0.0, 4, 404.000, , 4126, 0.0, , 416.8, 10419, 0.898, -0.038, 0.0, 0.0, 0.0, 0.0, 0.53, , , 40.000, 29.94, 1780000010100, 3276.8, 2.1, 3276.8, 3276.8, 0, , , , 0.0, 0.0, 36.560490129, -79.203299939, 0.0
0.0, 4, 408.000, , 4251, 0.0, , 420.8, 10519, 0.893, -0.075, 0.0, 0.0, 0.0, 0.0, 0.56, , , 40.000, 29.76, 1780000010200, 3276.8, 2.1, 3276.8, 3276.8, 0, , , , 0.0, 0.0, 36.560454496, -79.203307724, 0.0
0.0, 4, 412.000, , 4375, 0.0, , 424.8, 10619, 0.884, -0.112, 0.0, 0.0, 0.0, 0.0, 0.59, , , 40.000, 29.47, 1780000010300, 3276.8, 2.1, 3276.8, 3276.8, 0, , , , 0.0, 0.0, 36.560418781, -79.203314922, 0.0
0.0, 4, 416.000, , 4497, 0.0, , 428.8, 10719, 0.872, -0.149, 0.0, 0.0, 0.0, 0.0, 0.62, , , 40.000, 29.06, 1780000010400, 3276.8, 2.1, 3276.8, 3276.8, 0, , , , 0.0, 0.0, 36.560382993, -79.203321530, 0.0
0.0, 4, 420.000, , 4618, 0.0, , 432.8, 10819, 0.856, -0.185, 0.0, 0.0, 0.0, 0.0, 0.65, , , 40.000, 28.53, 1780000010500, 3276.8, 2.1, 3276.8, 3276.8, 0, , , , 0.0, 0.0, 36.560347136, -79.203327547, 0.0
0.0, 4, 424.000, , 4736, 0.0, , 436.8, 10919, 0.837, -0.221, 0.0, 0.0, 0.0, 0.0, 0.68, , , 40.000, 27.89, 1780000010600, 3276.8, 2.1, 3276.8, 3276.8, 0, , , , 0.0, 0.0, 36.560311217, -79.203332973, 0.0
0.0, 4, 428.000, , 4852, 0.0, , 440.8, 11019, 0.814, -0.255, 0.0, 0.0, 0.0, 0.0, 0.71, , , 40.000, 27.14, 1780000010700, 3276.8, 2.1, 3276.8, 3276.8, 0, , , , 0.0, 0.0, 36.560275243, -79.203337807, 0.0
0.0, 4, 432.000, , 4964, 0.0, , 444.8, 11119, 0.789, -0.289, 0.0, 0.0, 0.0, 0.0, 0.74, , , 40.000, 26.29, 1780000010800, 3276.8, 2.1, 3276.8, 3276.8, 0, , , , 0.0, 0.0, 36.560239220, -79.203342047, 0.0
0.0, 4, 436.000, , 5072, 0.0, , 448.8, 11219, 0.760, -0.321, 0.0, 0.0, 0.0, 0.0, 0.77, , , 40.000, 25.33, 1780000010900, 3276.8, 2.1, 3276.8, 3276.8, 0, , , , 0.0, 0.0, 36.560203155, -79.203345693, 0.0
0.0, 4, 440.000, , 5176, 0.0, , 452.8, 11319, 0.728, -0.353, 0.0, 0.0, 0.0, 0.0, 0.79, , , 40.000, 24.27, 1780000011000, 3276.8, 2.1, 3276.8, 3276.8, 0, , , , 0.0, 0.0, 36.560167054, -79.203348744, 0.0
0.0, 4, 444.000, , 5275, 0.0, , 456.8, 11419, 0.693, -0.382, 0.0, 0.0, 0.0, 0.0, 0.82, , , 40.000, 23.12, 1780000011100, 3276.8, 2.1, 3276.8, 3276.8, 0, , , , 0.0, 0.0, 36.560130923, -79.203351200, 0.0
0.0, 4, 448.000, , 5369, 0.0, , 460.8, 11519, 0.656, -0.411, 0.0, 0.0, 0.0, 0.0, 0.84, , , 40.000, 21.87, 1780000011200, 3276.8, 2.1, 3276.8, 3276.8, 0, , , , 0.0, 0.0, 36.560094768, -79.203353060, 0.0
0.0, 4, 452.000, , 5458, 0.0, , 464.8, 11619, 0.616, -0.437, 0.0, 0.0, 0.0, 0.0, 0.86, , , 40.000, 20.54, 1780000011300, 3276.8, 2.1, 3276.8, 3276.8, 0, , , , 0.0, 0.0, 36.560058597, -79.203354324, 0.0
0.0, 4, 456.000, , 5541, 0.0, , 468.8, 11719, 0.574, -0.462, 0.0, 0.0, 0.0, 0.0, 0.89, , , 40.000, 19.12, 1780000011400, 3276.8, 2.1, 3276.8, 3276.8, 0, , , , 0.0, 0.0, 36.560022415, -79.203354991, 0.0
0.0, 4, 460.000, , 5618, 0.0, , 472.8, 11819, 0.529, -0.485, 0.0, 0.0, 0.0, 0.0, 0.90, , , 40.000, 17.63, 1780000011500, 3276.8, 2.1, 3276.8, 3276.8, 0, , , , 0.0, 0.0, 36.559986229, -79.203355063, 0.0
0.0, 4, 464.000, , 5689, 0.0, , 476.8, 11919, 0.482, -0.507, 0.0, 0.0, 0.0, 0.0, 0.92, , , 40.000, 16.07, 1780000011600, 3276.8, 2.1, 3276.8, 3276.8, 0, , , , 0.0, 0.0, 36.559950046, -79.203354538, 0.0
0.0, 4, 468.000, , 5753, 0.0, , 480.8, 12019, 0.434, -0.526, 0.0, 0.0, 0.0, 0.0, 0.94, , , 40.000, 14.45, 1780000011700, 3276.8, 2.1, 3276.8, 3276.8, 0, , , , 0.0, 0.0, 36.559913872, -79.203353416, 0.0
0.0, 4, 472.000, , 5810, 0.0, , 484.8, 12119, 0.383, -0.543, 0.0, 0.0, 0.0, 0.0, 0.95, , , 40.000, 12.77, 1780000011800, 3276.8, 2.1, 3276.8, 3276.8, 0, , , , 0.0, 0.0, 36.559877713, -79.203351698, 0.0
0.0, 4, 476.000, , 5860, 0.0, , 488.8, 12219, 0.331, -0.558, 0.0, 0.0, 0.0, 0.0, 0.96, , , 40.000, 11.04, 1780000011900, 3276.8, 2.1, 3276.8, 3276.8, 0, , , , 0.0, 0.0, 36.559841576, -79.203349385, 0.0
0.0, 4, 480.000, , 5902, 0.0, , 492.8, 12319, 0.278, -0.571, 0.0, 0.0, 0.0, 0.0, 0.98, , , 40.000, 9.27, 1780000012000, 3276.8, 2.1, 3276.8, 3276.8, 0, , , , 0.0, 0.0, 36.559805466, -79.203346476, 0.0
0.0, 4, 484.000, , 5937, 0.0, , 496.8, 12419, 0.224, -0.581, 0.0, 0.0, 0.0, 0.0, 0.98, , , 40.000, 7.46, 1780000012100, 3276.8, 2.1, 3276.8, 3276.8, 0, , , , 0.0, 0.0, 36.559769392, -79.203342972, 0.0
0.0, 4, 488.000, , 5965, 0.0, , 500.8, 12519, 0.169, -0.589, 0.0, 0.0, 0.0, 0.0, 0.99, , , 40.000, 5.62, 1780000012200, 3276.8, 2.1, 3276.8, 3276.8, 0, , , , 0.0, 0.0, 36.559733358, -79.203338874, 0.0
0.0, 4, 492.000, , 5984, 0.0, , 504.8, 12619, 0.113, -0.595, 0.0, 0.0, 0.0, 0.0, 1.00, , , 40.000, 3.76, 1780000012300, 3276.8, 2.1, 3276.8, 3276.8, 0, , , , 0.0, 0.0, 36.559697372, -79.203334182, 0.0
0.0, 4, 496.000, , 5996, 0.0, , 508.8, 12719, 0.057, -0.599, 0.0, 0.0, 0.0, 0.0, 1.00, , , 40.000, 1.88, 1780000012400, 3276.8, 2.1, 3276.8, 3276.8, 0, , , , 0.0, 0.0, 36.559661440, -79.203328897, 0.0
0.0, 4, 500.000, , 6000, 0.0, , 512.8, 12819, -0.000, -0.600, 0.0, 0.0, 0.0, 0.0, 1.00, , , 40.000, -0.00, 1780000012500, 3276.8, 2.1, 3276.8, 3276.8, 0, , , , 0.0, 0.0, 36.559625568, -79.203323021, 0.0
0.0, 4, 504.000, , 5996, 0.0, , 516.8, 12919, -0.057, -0.599, 0.0, 0.0, 0.0, 0.0, 1.00, , , 40.000, -1.88, 1780000012600, 3276.8, 2.1, 3276.8, 3276.8, 0, , , , 0.0, 0.0, 36.559589762, -79.203316554, 0.0
0.0, 4, 508.000, , 5984, 0.0, , 520.8, 13019, -0.113, -0.595, 0.0, 0.0, 0.0, 0.0, 1.00, , , 40.000, -3.76, 1780000012700, 3276.8, 2.1, 3276.8, 3276.8, 0, , , , 0.0, 0.0, 36.559554029, -79.203309497, 0.0
0.0, 4, 512.000, , 5965, 0.0, , 524.8, 13119, -0.169, -0.589, 0.0, 0.0, 0.0, 0.0, 0.99, , , 40.000, -5.62, 1780000012800, 3276.8, 2.1, 3276.8, 3276.8, 0, , , , 0.0, 0.0, 36.559518376, -79.203301852, 0.0
0.0, 4, 516.000, , 5937, 0.0, , 528.8, 13219, -0.224, -0.581, 0.0, 0.0, 0.0, 0.0, 0.98, , , 40.000, -7.46, 1780000012900, 3276.8, 2.1, 3276.8, 3276.8, 0, , , , 0.0, 0.0, 36.559482808, -79.203293620, 0.0
0.0, 4, 520.000, , 5902, 0.0, , 532.8, 13319, -0.278, -0.571, 0.0, 0.0, 0.0, 0.0, 0.98, , , 40.000, -9.27, 1780000013000, 3276.8, 2.1, 3276.8, 3276.8, 0, , , , 0.0, 0.0, 36.559447332, -79.203284803, 0.0
0.0, 4, 524.000, , 5860, 0.0, , 536.8, 13419, -0.331, -0.558, 0.0, 0.0, 0.0, 0.0, 0.96, , , 40.000, -11.04, 1780000013100, 3276.8, 2.1, 3276.8, 3276.8, 0, , , , 0.0, 0.0, 36.559411955, -79.203275401, 0.0
0.0, 4, 528.000, , 5810, 0.0, , 540.8, 13519, -0.383, -0.543, 0.0, 0.0, 0.0, 0.0, 0.95, , , 40.000, -12.77, 1780000013200, 3276.8, 2.1, 3276.8, 3276.8, 0, , , , 0.0, 0.0, 36.559376682, -79.203265417, 0.0
0.0, 4, 532.000, , 5753, 0.0, , 544.8, 13619, -0.434, -0.526, 0.0, 0.0, 0.0, 0.0, 0.94, , , 40.000, -14.45, 1780000013300, 3276.8, 2.1, 3276.8, 3276.8, 0, , , , 0.0, 0.0, 36.559341519, -79.203254853, 0.0
0.0, 4, 536.000, , 5689, 0.0, , 548.8, 13719, -0.482, -0.507, 0.0, 0.0, 0.0, 0.0, 0.92, , , 40.000, -16.07, 1780000013400, 3276.8, 2.1, 3276.8, 3276.8, 0, , , , 0.0, 0.0, 36.559306474, -79.203243710, 0.0
0.0, 4, 540.000, , 5618, 0.0, , 552.8, 13819, -0.529, -0.485, 0.0, 0.0, 0.0, 0.0, 0.90, , , 40.000, -17.63, 1780000013500, 3276.8, 2.1, 3276.8, 3276.8, 0, , , , 0.0, 0.0, 36.559271552, -79.203231991, 0.0
0.0, 4, 544.000, , 5541, 0.0, , 556.8, 13919, -0.574, -0.462, 0.0, 0.0, 0.0, 0.0, 0.89, , , 40.000, -19.12, 1780000013600, 3276.8, 2.1, 3276.8, 3276.8, 0, , , , 0.0, 0.0, 36.559236760, -79.203219697, 0.0
0.0, 4, 548.000, , 5458, 0.0, , 560.8, 14019, -0.616, -0.437, 0.0, 0.0, 0.0, 0.0, 0.86, , , 40.000, -20.54, 1780000013700, 3276.8, 2.1, 3276.8, 3276.8, 0, , , , 0.0, 0.0, 36.559202103, -79.203206830, 0.0
0.0, 4, 552.000, , 5369, 0.0, , 564.8, 14119, -0.656, -0.411, 0.0, 0.0, 0.0, 0.0, 0.84, , , 40.000, -21.87, 1780000013800, 3276.8, 2.1, 3276.8, 3276.8, 0, , , , 0.0, 0.0, 36.559167589, -79.203193394, 0.0
0.0, 4, 556.000, , 5275, 0.0, , 568.8, 14219, -0.693, -0.382, 0.0, 0.0, 0.0, 0.0, 0.82, , , 40.000, -23.12, 1780000013900, 3276.8, 2.1, 3276.8, 3276.8, 0, , , , 0.0, 0.0, 36.559133222, -79.203179389, 0.0
0.0, 4, 560.000, , 5176, 0.0, , 572.8, 14319, -0.728, -0.353, 0.0, 0.0, 0.0, 0.0, 0.79, , , 40.000, -24.27, 1780000014000, 3276.8, 2.1, 3276.8, 3276.8, 0, , , , 0.0, 0.0, 36.559099009, -79.203164820, 0.0
0.0, 4, 564.000, , 5072, 0.0, , 576.8, 14419, -0.760, -0.321, 0.0, 0.0, 0.0, 0.0, 0.77, , , 40.000, -25.33, 1780000014100, 3276.8, 2.1, 3276.8, 3276.8, 0, , , , 0.0, 0.0, 36.559064956, -79.203149688, 0.0
0.0, 4, 568.000, , 4964, 0.0, , 580.8, 14519, -0.789, -0.289, 0.0, 0.0, 0.0, 0.0, 0.74, , , 40.000, -26.29, 1780000014200, 3276.8, 2.1, 3276.8, 3276.8, 0, , , , 0.0, 0.0, 36.559031070, -79.203133995, 0.0
0.0, 4, 572.000, , 4852, 0.0, , 584.8, 14619, -0.814, -0.255, 0.0, 0.0, 0.0, 0.0, 0.71, , , 40.000, -27.14, 1780000014300, 3276.8, 2.1, 3276.8, 3276.8, 0, , , , 0.0, 0.0, 36.558997356, -79.203117746, 0.0
0.0, 4, 576.000, , 4736, 0.0, , 588.8, 14719, -0.837, -0.221, 0.0, 0.0, 0.0, 0.0, 0.68, , , 40.000, -27.89, 1780000014400, 3276.8, 2.1, 3276.8, 3276.8, 0, , , , 0.0, 0.0, 36.558963820, -79.203100943, 0.0
0.0, 4, 580.000, , 4618, 0.0, , 592.8, 14819, -0.856, -0.185, 0.0, 0.0, 0.0, 0.0, 0.65, , , 40.000, -28.53, 1780000014500, 3276.8, 2.1, 3276.8, 3276.8, 0, , , , 0.0, 0.0, 36.558930468, -79.203083588, 0.0
0.0, 4, 584.000, , 4497, 0.0, , 596.8, 14919, -0.872, -0.149, 0.0, 0.0, 0.0, 0.0, 0.62, , , 40.000, -29.06, 1780000014600, 3276.8, 2.1, 3276.8, 3276.8, 0, , , , 0.0, 0.0, 36.558897307, -79.203065685, 0.0
0.0, 4, 588.000, , 4375, 0.0, , 600.8, 15019, -0.884, -0.112, 0.0, 0.0, 0.0, 0.0, 0.59, , , 40.000, -29.47, 1780000014700, 3276.8, 2.1, 3276.8, 3276.8, 0, , , , 0.0, 0.0, 36.558864341, -79.203047237, 0.0
0.0, 4, 592.000, , 4251, 0.0, , 604.8, 15119, -0.893, -0.075, 0.0, 0.0, 0.0, 0.0, 0.56, , , 40.000, -29.76, 1780000014800, 3276.8, 2.1, 3276.8, 3276.8, 0, , , , 0.0, 0.0, 36.558831578, -79.203028247, 0.0
0.0, 4, 596.000, , 4126, 0.0, , 608.8, 15219, -0.898, -0.038, 0.0, 0.0, 0.0, 0.0, 0.53, , , 40.000, -29.94, 1780000014900, 3276.8, 2.1, 3276.8, 3276.8, 0, , , , 0.0, 0.0, 36.558799022, -79.203008719, 0.0
0.0, 4, 600.000, , 4000, 0.0, , 612.8, 15319, -0.900, -0.000, 0.0, 0.0, 0.0, 0.0, 0.50, , , 40.000, -30.00, 1780000015000, 3276.8, 2.1, 3276.8, 3276.8, 0, , , , 0.0, 0.0, 36.558766679, -79.202988657, 0.0
2.5, 3, 604.000, , 3874, 0.0, , 616.8, 15419, -0.898, 0.038, 0.0, 0.0, 0.0, 0.0, 0.47, , , 40.000, -29.94, 1780000015100, 3276.8, 2.1, 3276.8, 3276.8, 0, , , , 0.0, 0.0, 36.558734556, -79.202968062, 0.0
5.0, 3, 608.000, , 3749, 0.0, , 620.8, 15519, -0.893, 0.075, 0.0, 0.0, 0.0, 0.0, 0.44, , , 40.000, -29.76, 1780000015200, 3276.8, 2.1, 3276.8, 3276.8, 0, , , , 0.0, 0.0, 36.558702658, -79.202946941, 0.0
7.5, 3, 612.000, , 3625, 0.0, , 624.8, 15619, -0.884, 0.112, 0.0, 0.0, 0.0, 0.0, 0.41, , , 40.000, -29.47, 1780000015300, 3276.8, 2.1, 3276.8, 3276.8, 0, , , , 0.0, 0.0, 36.558670991, -79.202925295, 0.0
9.9, 3, 616.000, , 3503, 0.0, , 628.8, 15719, -0.872, 0.149, 0.0, 0.0, 0.0, 0.0, 0.38, , , 40.000, -29.06, 1780000015400, 3276.8, 2.1, 3276.8, 3276.8, 0, , , , 0.0, 0.0, 36.558639559, -79.202903129, 0.0
12.4, 3, 620.000, , 3382, 0.0, , 632.8, 15819, -0.856, 0.185, 0.0, 0.0, 0.0, 0.0, 0.35, , , 40.000, -28.53, 1780000015500, 3276.8, 2.1, 3276.8, 3276.8, 0, , , , 0.0, 0.0, 36.558608370, -79.202880447, 0.0
14.7, 3, 624.000, , 3264, 0.0, , 636.8, 15919, -0.837, 0.221, 0.0, 0.0, 0.0, 0.0, 0.32, , , 40.000, -27.89, 1780000015600, 3276.8, 2.1, 3276.8, 3276.8, 0, , , , 0.0, 0.0, 36.558577428, -79.202857253, 0.0
17.0, 3, 628.000, , 3148, 0.0, , 640.8, 16019, -0.814, 0.255, 0.0, 0.0, 0.0, 0.0, 0.29, , , 40.000, -27.14, 1780000015700, 3276.8, 2.1, 3276.8, 3276.8, 0, , , , 0.0, 0.0, 36.558546739, -79.202833551, 0.0
19.3, 3, 632.000, , 3036, 0.0, , 644.8, 16119, -0.789, 0.289, 0.0, 0.0, 0.0, 0.0, 0.26, , , 40.000, -26.29, 1780000015800, 3276.8, 2.1, 3276.8, 3276.8, 0, , , , 0.0, 0.0, 36.558516308, -79.202809346, 0.0
21.4, 3, 636.000, , 2928, 0.0, , 648.8, 16219, -0.760, 0.321, 0.0, 0.0, 0.0, 0.0, 0.23, , , 40.000, -25.33, 1780000015900, 3276.8, 2.1, 3276.8, 3276.8, 0, , , , 0.0, 0.0, 36.558486141, -79.202784641, 0.0
23.5, 3, 640.000, , 2824, 0.0, , 652.8, 16319, -0.728, 0.353, 0.0, 0.0, 0.0, 0.0, 0.21, , , 40.000, -24.27, 1780000016000, 3276.8, 2.1, 3276.8, 3276.8, 0, , , , 0.0, 0.0, 36.558456243, -79.202759440, 0.0
25.5, 3, 644.000, , 2725, 0.0, , 656.8, 16419, -0.693, 0.382, 0.0, 0.0, 0.0, 0.0, 0.18, , , 40.000, -23.12, 1780000016100, 3276.8, 2.1, 3276.8, 3276.8, 0, , , , 0.0, 0.0, 36.558426620, -79.202733750, 0.0
27.4, 3, 648.000, , 2631, 0.0, , 660.8, 16519, -0.656, 0.411, 0.0, 0.0, 0.0, 0.0, 0.16, , , 40.000, -21.87, 1780000016200, 3276.8, 2.1, 3276.8, 3276.8, 0, , , , 0.0, 0.0, 36.558397276, -79.202707573, 0.0
29.2, 3, 652.000, , 2542, 0.0, , 664.8, 16619, -0.616, 0.437, 0.0, 0.0, 0.0, 0.0, 0.14, , , 40.000, -20.54, 1780000016300, 3276.8, 2.1, 3276.8, 3276.8, 0, , , , 0.0, 0.0, 36.558368217, -79.202680915, 0.0
30.8, 3, 656.000, , 2459, 0.0, , 668.8, 16719, -0.574, 0.462, 0.0, 0.0, 0.0, 0.0, 0.11, , , 40.000, -19.12, 1780000016400, 3276.8, 2.1, 3276.8, 3276.8, 0, , , , 0.0, 0.0, 36.558339448, -79.202653780, 0.0
32.4, 3, 660.000, , 2382, 0.0, , 672.8, 16819, -0.529, 0.485, 0.0, 0.0, 0.0, 0.0, 0.10, , , 40.000, -17.63, 1780000016500, 3276.8, 2.1, 3276.8, 3276.8, 0, , , , 0.0, 0.0, 36.558310975, -79.202626174, 0.0
33.8, 3, 664.000, , 2311, 0.0, , 676.8, 16919, -0.482, 0.507, 0.0, 0.0, 0.0, 0.0, 0.08, , , 40.000, -16.07, 1780000016600, 3276.8, 2.1, 3276.8, 3276.8, 0, , , , 0.0, 0.0, 36.558282802, -79.202598101, 0.0
35.1, 3, 668.000, , 2247, 0.0, , 680.8, 17019, -0.434, 0.526, 0.0, 0.0, 0.0, 0.0, 0.06, , , 40.000, -14.45, 1780000016700, 3276.8, 2.1, 3276.8, 3276.8, 0, , , , 0.0, 0.0, 36.558254934, -79.202569566, 0.0
36.2, 3, 672.000, , 2190, 0.0, , 684.8, 17119, -0.383, 0.543, 0.0, 0.0, 0.0, 0.0, 0.05, , , 40.000, -12.77, 1780000016800, 3276.8, 2.1, 3276.8, 3276.8, 0, , , , 0.0, 0.0, 36.558227376, -79.202540574, 0.0
37.2, 3, 676.000, , 2140, 0.0, , 688.8, 17219, -0.331, 0.558, 0.0, 0.0, 0.0, 0.0, 0.04, , , 40.000, -11.04, 1780000016900, 3276.8, 2.1, 3276.8, 3276.8, 0, , , , 0.0, 0.0, 36.558200133, -79.202511130, 0.0
38.0, 3, 680.000, , 2098, 0.0, , 692.8, 17319, -0.278, 0.571, 0.0, 0.0, 0.0, 0.0, 0.02, , , 40.000, -9.27, 1780000017000, 3276.8, 2.1, 3276.8, 3276.8, 0, , , , 0.0, 0.0, 36.558173211, -79.202481240, 0.0
38.7, 3, 684.000, , 2063, 0.0, , 696.8, 17419, -0.224, 0.581, 0.0, 0.0, 0.0, 0.0, 0.02, , , 40.000, -7.46, 1780000017100, 3276.8, 2.1, 3276.8, 3276.8, 0, , , , 0.0, 0.0, 36.558146613, -79.202450909, 0.0
39.3, 3, 688.000, , 2035, 0.0, , 700.8, 17519, -0.169, 0.589, 0.0, 0.0, 0.0, 0.0, 0.01, , , 40.000, -5.62, 1780000017200, 3276.8, 2.1, 3276.8, 3276.8, 0, , , , 0.0, 0.0, 36.558120345, -79.202420142, 0.0
39.7, 3, 692.000, , 2016, 0.0, , 704.8, 17619, -0.113, 0.595, 0.0, 0.0, 0.0, 0.0, 0.00, , , 40.000, -3.76, 1780000017300, 3276.8, 2.1, 3276.8, 3276.8, 0, , , , 0.0, 0.0, 36.558094410, -79.202388945, 0.0
39.9, 3, 696.000, , 2004, 0.0, , 708.8, 17719, -0.057, 0.599, 0.0, 0.0, 0.0, 0.0, 0.00, , , 40.000, -1.88, 1780000017400, 3276.8, 2.1, 3276.8, 3276.8, 0, , , , 0.0, 0.0, 36.558068815, -79.202357323, 0.0
40.0, 3, 700.000, , 2000, 0.0, , 712.8, 17819, -0.000, 0.600, 0.0, 0.0, 0.0, 0.0, 0.00, , , 40.000, -0.00, 1780000017500, 3276.8, 2.1, 3276.8, 3276.8, 0, , , , 0.0, 0.0, 36.558043563, -79.202325283, 0.0
39.9, 3, 704.000, , 2004, 0.0, , 716.8, 17919, 0.057, 0.599, 0.0, 0.0, 0.0, 0.0, 0.00, , , 40.000, 1.88, 1780000017600, 3276.8, 2.1, 3276.8, 3276.8, 0, , , , 0.0, 0.0, 36.558018658, -79.202292828, 0.0
39.7, 3, 708.000, , 2016, 0.0, , 720.8, 18019, 0.113, 0.595, 0.0, 0.0, 0.0, 0.0, 0.00, , , 40.000, 3.76, 1780000017700, 3276.8, 2.1, 3276.8, 3276.8, 0, , , , 0.0, 0.0, 36.557994106, -79.202259967, 0.0
39.3, 3, 712.000, , 2035, 0.0, , 724.8, 18119, 0.169, 0.589, 0.0, 0.0, 0.0, 0.0, 0.01, , , 40.000, 5.62, 1780000017800, 3276.8, 2.1, 3276.8, 3276.8, 0, , , , 0.0, 0.0, 36.557969911, -79.202226703, 0.0
38.7, 3, 716.000, , 2063, 0.0, , 728.8, 18219, 0.224, 0.581, 0.0, 0.0, 0.0, 0.0, 0.02, , , 40.000, 7.46, 1780000017900, 3276.8, 2.1, 3276.8, 3276.8, 0, , , , 0.0, 0.0, 36.557946076, -79.202193044, 0.0
38.0, 3, 720.000, , 2098, 0.0, , 732.8, 18319, 0.278, 0.571, 0.0, 0.0, 0.0, 0.0, 0.02, , , 40.000, 9.27, 1780000018000, 3276.8, 2.1, 3276.8, 3276.8, 0, , , , 0.0, 0.0, 36.557922607, -79.202158994, 0.0
37.2, 3, 724.000, , 2140, 0.0, , 736.8, 18419, 0.331, 0.558, 0.0, 0.0, 0.0, 0.0, 0.04, , , 40.000, 11.04, 1780000018100, 3276.8, 2.1, 3276.8, 3276.8, 0, , , , 0.0, 0.0, 36.557899506, -79.202124561, 0.0
36.2, 3, 728.000, , 2190, 0.0, , 740.8, 18519, 0.383, 0.543, 0.0, 0.0, 0.0, 0.0, 0.05, , , 40.000, 12.77, 1780000018200, 3276.8, 2.1, 3276.8, 3276.8, 0, , , , 0.0, 0.0, 36.557876780, -79.202089750, 0.0
35.1, 3, 732.000, , 2247, 0.0, , 744.8, 18619, 0.434, 0.526, 0.0, 0.0, 0.0, 0.0, 0.06, , , 40.000, 14.45, 1780000018300, 3276.8, 2.1, 3276.8, 3276.8, 0, , , , 0.0, 0.0, 36.557854430, -79.202054568, 0.0
33.8, 3, 736.000, , 2311, 0.0, , 748.8, 18719, 0.482, 0.507, 0.0, 0.0, 0.0, 0.0, 0.08, , , 40.000, 16.07, 1780000018400, 3276.8, 2.1, 3276.8, 3276.8, 0, , , , 0.0, 0.0, 36.557832463, -79.202019020, 0.0
32.4, 3, 740.000, , 2382, 0.0, , 752.8, 18819, 0.529, 0.485, 0.0, 0.0, 0.0, 0.0, 0.10, , , 40.000, 17.63, 1780000018500, 3276.8, 2.1, 3276.8, 3276.8, 0, , , , 0.0, 0.0, 36.557810880, -79.201983114, 0.0
30.8, 3, 744.000, , 2459, 0.0, , 756.8, 18919, 0.574, 0.462, 0.0, 0.0, 0.0, 0.0, 0.11, , , 40.000, 19.12, 1780000018600, 3276.8, 2.1, 3276.8, 3276.8, 0, , , , 0.0, 0.0, 36.557789687, -79.201946855, 0.0
29.2, 3, 748.000, , 2542, 0.0, , 760.8, 19019, 0.616, 0.437, 0.0, 0.0, 0.0, 0.0, 0.14, , , 40.000, 20.54, 1780000018700, 3276.8, 2.1, 3276.8, 3276.8, 0, , , , 0.0, 0.0, 36.557768886, -79.201910250, 0.0
27.4, 3, 752.000, , 2631, 0.0, , 764.8, 19119, 0.656, 0.411, 0.0, 0.0, 0.0, 0.0, 0.16, , , 40.000, 21.87, 1780000018800, 3276.8, 2.1, 3276.8, 3276.8, 0, , , , 0.0, 0.0, 36.557748482, -79.201873305, 0.0
25.5, 3, 756.000, , 2725, 0.0, , 768.8, 19219, 0.693, 0.382, 0.0, 0.0, 0.0, 0.0, 0.18, , , 40.000, 23.12, 1780000018900, 3276.8, 2.1, 3276.8, 3276.8, 0, , , , 0.0, 0.0, 36.557728479, -79.201836027, 0.0
23.5, 3, 760.000, , 2824, 0.0, , 772.8, 19319, 0.728, 0.353, 0.0, 0.0, 0.0, 0.0, 0.21, , , 40.000, 24.27, 1780000019000, 3276.8, 2.1, 3276.8, 3276.8, 0, , , , 0.0, 0.0, 36.557708879, -79.201798423, 0.0
21.4, 3, 764.000, , 2928, 0.0, , 776.8, 19419, 0.760, 0.321, 0.0, 0.0, 0.0, 0.0, 0.23, , , 40.000, 25.33, 1780000019100, 3276.8, 2.1, 3276.8, 3276.8, 0, , , , 0.0, 0.0, 36.557689687, -79.201760499, 0.0
19.3, 3, 768.000, , 3036, 0.0, , 780.8, 19519, 0.789, 0.289, 0.0, 0.0, 0.0, 0.0, 0.26, , , 40.000, 26.29, 1780000019200, 3276.8, 2.1, 3276.8, 3276.8, 0, , , , 0.0, 0.0, 36.557670905, -79.201722262, 0.0
17.0, 3, 772.000, , 3148, 0.0, , 784.8, 19619, 0.814, 0.255, 0.0, 0.0, 0.0, 0.0, 0.29, , , 40.000, 27.14, 1780000019300, 3276.8, 2.1, 3276.8, 3276.8, 0, , , , 0.0, 0.0, 36.557652537, -79.201683719, 0.0
14.7, 3, 776.000, , 3264, 0.0, , 788.8, 19719, 0.837, 0.221, 0.0, 0.0, 0.0, 0.0, 0.32, , , 40.000, 27.89, 1780000019400, 3276.8, 2.1, 3276.8, 3276.8, 0, , , , 0.0, 0.0, 36.557634587, -79.201644877, 0.0
12.4, 3, 780.000, , 3382, 0.0, , 792.8, 19819, 0.856, 0.185, 0.0, 0.0, 0.0, 0.0, 0.35, , , 40.000, 28.53, 1780000019500, 3276.8, 2.1, 3276.8, 3276.8, 0, , , , 0.0, 0.0, 36.557617057, -79.201605742, 0.0
9.9, 3, 784.000, , 3503, 0.0, , 796.8, 19919, 0.872, 0.149, 0.0, 0.0, 0.0, 0.0, 0.38, , , 40.000, 29.06, 1780000019600, 3276.8, 2.1, 3276.8, 3276.8, 0, , , , 0.0, 0.0, 36.557599951, -79.201566322, 0.0
7.5, 3, 788.000, , 3625, 0.0, , 800.8, 20019, 0.884, 0.112, 0.0, 0.0, 0.0, 0.0, 0.41, , , 40.000, 29.47, 1780000019700, 3276.8, 2.1, 3276.8, 3276.8, 0, , , , 0.0, 0.0, 36.557583272, -79.201526623, 0.0
5.0, 3, 792.000, , 3749, 0.0, , 804.8, 20119, 0.893, 0.075, 0.0, 0.0, 0.0, 0.0, 0.44, , , 40.000, 29.76, 1780000019800, 3276.8, 2.1, 3276.8, 3276.8, 0, , , , 0.0, 0.0, 36.557567022, -79.201486653, 0.0
2.5, 3, 796.000, , 3874, 0.0, , 808.8, 20219, 0.898, 0.038, 0.0, 0.0, 0.0, 0.0, 0.47, , , 40.000, 29.94, 1780000019900, 3276.8, 2.1, 3276.8, 3276.8, 0, , , , 0.0, 0.0, 36.557551205, -79.201446419, 0.0
0.0, 3, 800.000, , 4000, 0.0, , 812.8, 20319, 0.900, 0.000, 0.0, 0.0, 0.0, 0.0, 0.50, , , 40.000, 30.00, 1780000020000, 3276.8, 2.1, 3276.8, 3276.8, 0, , , , 0.0, 0.0, 36.557535823, -79.201405927, 0.0
0.0, 4, 804.000, , 4126, 0.0, , 816.8, 20419, 0.898, -0.038, 0.0, 0.0, 0.0, 0.0, 0.53, , , 40.000, 29.94, 1780000020100, 3276.8, 2.1, 3276.8, 3276.8, 0, , , , 0.0, 0.0, 36.557520879, -79.201365186, 0.0
0.0, 4, 808.000, , 4251, 0.0, , 820.8, 20519, 0.893, -0.075, 0.0, 0.0, 0.0, 0.0, 0.56, , , 40.000, 29.76, 1780000020200, 3276.8, 2.1, 3276.8, 3276.8, 0, , , , 0.0, 0.0, 36.557506375, -79.201324202, 0.0
0.0, 4, 812.000, , 4375, 0.0, , 824.8, 20619, 0.884, -0.112, 0.0, 0.0, 0.0, 0.0, 0.59, , , 40.000, 29.47, 1780000020300, 3276.8, 2.1, 3276.8, 3276.8, 0, , , , 0.0, 0.0, 36.557492315, -79.201282982, 0.0
0.0, 4, 816.000, , 4497, 0.0, , 828.8, 20719, 0.872, -0.149, 0.0, 0.0, 0.0, 0.0, 0.62, , , 40.000, 29.06, 1780000020400, 3276.8, 2.1, 3276.8, 3276.8, 0, , , , 0.0, 0.0, 36.557478701, -79.201241535, 0.0
0.0, 4, 820.000, , 4618, 0.0, , 832.8, 20819, 0.856, -0.185, 0.0, 0.0, 0.0, 0.0, 0.65, , , 40.000, 28.53, 1780000020500, 3276.8, 2.1, 3276.8, 3276.8, 0, , , , 0.0, 0.0, 36.557465535, -79.201199866, 0.0
0.0, 4, 824.000, , 4736, 0.0, , 836.8, 20919, 0.837, -0.221, 0.0, 0.0, 0.0, 0.0, 0.68, , , 40.000, 27.89, 1780000020600, 3276.8, 2.1, 3276.8, 3276.8, 0, , , , 0.0, 0.0, 36.557452820, -79.201157985, 0.0
0.0, 4, 828.000, , 4852, 0.0, , 840.8, 21019, 0.814, -0.255, 0.0, 0.0, 0.0, 0.0, 0.71, , , 40.000, 27.14, 1780000020700, 3276.8, 2.1, 3276.8, 3276.8, 0, , , , 0.0, 0.0, 36.557440558, -79.201115897, 0.0
0.0, 4, 832.000, , 4964, 0.0, , 844.8, 21119, 0.789, -0.289, 0.0, 0.0, 0.0, 0.0, 0.74, , , 40.000, 26.29, 1780000020800, 3276.8, 2.1, 3276.8, 3276.8, 0, , , , 0.0, 0.0, 36.557428750, -79.201073611, 0.0
0.0, 4, 836.000, , 5072, 0.0, , 848.8, 21219, 0.760, -0.321, 0.0, 0.0, 0.0, 0.0, 0.77, , , 40.000, 25.33, 1780000020900, 3276.8, 2.1, 3276.8, 3276.8, 0, , , , 0.0, 0.0, 36.557417400, -79.201031134, 0.0
0.0, 4, 840.000, , 5176, 0.0, , 852.8, 21319, 0.728, -0.353, 0.0, 0.0, 0.0, 0.0, 0.79, , , 40.000, 24.27, 1780000021000, 3276.8, 2.1, 3276.8, 3276.8, 0, , , , 0.0, 0.0, 36.557406509, -79.200988474, 0.0
0.0, 4, 844.000, , 5275, 0.0, , 856.8, 21419, 0.693, -0.382, 0.0, 0.0, 0.0, 0.0, 0.82, , , 40.000, 23.12, 1780000021100, 3276.8, 2.1, 3276.8, 3276.8, 0, , , , 0.0, 0.0, 36.557396078, -79.200945638, 0.0
0.0, 4, 848.000, , 5369, 0.0, , 860.8, 21519, 0.656, -0.411, 0.0, 0.0, 0.0, 0.0, 0.84, , , 40.000, 21.87, 1780000021200, 3276.8, 2.1, 3276.8, 3276.8, 0, , , , 0.0, 0.0, 36.557386111, -79.200902635, 0.0
0.0, 4, 852.000, , 5458, 0.0, , 864.8, 21619, 0.616, -0.437, 0.0, 0.0, 0.0, 0.0, 0.86, , , 40.000, 20.54, 1780000021300, 3276.8, 2.1, 3276.8, 3276.8, 0, , , , 0.0, 0.0, 36.557376608, -79.200859470, 0.0
0.0, 4, 856.000, , 5541, 0.0, , 868.8, 21719, 0.574, -0.462, 0.0, 0.0, 0.0, 0.0, 0.89, , , 40.000, 19.12, 1780000021400, 3276.8, 2.1, 3276.8, 3276.8, 0, , , , 0.0, 0.0, 36.557367572, -79.200816153, 0.0
0.0, 4, 860.000, , 5618, 0.0, , 872.8, 21819, 0.529, -0.485, 0.0, 0.0, 0.0, 0.0, 0.90, , , 40.000, 17.63, 1780000021500, 3276.8, 2.1, 3276.8, 3276.8, 0, , , , 0.0, 0.0, 36.557359004, -79.200772691, 0.0
0.0, 4, 864.000, , 5689, 0.0, , 876.8, 21919, 0.482, -0.507, 0.0, 0.0, 0.0, 0.0, 0.92, , , 40.000, 16.07, 1780000021600, 3276.8, 2.1, 3276.8, 3276.8, 0, , , , 0.0, 0.0, 36.557350905, -79.200729091, 0.0
0.0, 4, 868.000, , 5753, 0.0, , 880.8, 22019, 0.434, -0.526, 0.0, 0.0, 0.0, 0.0, 0.94, , , 40.000, 14.45, 1780000021700, 3276.8, 2.1, 3276.8, 3276.8, 0, , , , 0.0, 0.0, 36.557343277, -79.200685362, 0.0
0.0, 4, 872.000, , 5810, 0.0, , 884.8, 22119, 0.383, -0.543, 0.0, 0.0, 0.0, 0.0, 0.95, , , 40.000, 12.77, 1780000021800, 3276.8, 2.1, 3276.8, 3276.8, 0, , , , 0.0, 0.0, 36.557336122, -79.200641511, 0.0
0.0, 4, 876.000, , 5860, 0.0, , 888.8, 22219, 0.331, -0.558, 0.0, 0.0, 0.0, 0.0, 0.96, , , 40.000, 11.04, 1780000021900, 3276.8, 2.1, 3276.8, 3276.8, 0, , , , 0.0, 0.0, 36.557329440, -79.200597546, 0.0
0.0, 4, 880.000, , 5902, 0.0, , 892.8, 22319, 0.278, -0.571, 0.0, 0.0, 0.0, 0.0, 0.98, , , 40.000, 9.27, 1780000022000, 3276.8, 2.1, 3276.8, 3276.8, 0, , , , 0.0, 0.0, 36.557323233, -79.200553474, 0.0
0.0, 4, 884.000, , 5937, 0.0, , 896.8, 22419, 0.224, -0.581, 0.0, 0.0, 0.0, 0.0, 0.98, , , 40.000, 7.46, 1780000022100, 3276.8, 2.1, 3276.8, 3276.8, 0, , , , 0.0, 0.0, 36.557317502, -79.200509305, 0.0
0.0, 4, 888.000, , 5965, 0.0, , 900.8, 22519, 0.169, -0.589, 0.0, 0.0, 0.0, 0.0, 0.99, , , 40.000, 5.62, 1780000022200, 3276.8, 2.1, 3276.8, 3276.8, 0, , , , 0.0, 0.0, 36.557312247, -79.200465044, 0.0
0.0, 4, 892.000, , 5984, 0.0, , 904.8, 22619, 0.113, -0.595, 0.0, 0.0, 0.0, 0.0, 1.00, , , 40.000, 3.76, 1780000022300, 3276.8, 2.1, 3276.8, 3276.8, 0, , , , 0.0, 0.0, 36.557307471, -79.200420701, 0.0
0.0, 4, 896.000, , 5996, 0.0, , 908.8, 22719, 0.057, -0.599, 0.0, 0.0, 0.0, 0.0, 1.00, , , 40.000, 1.88, 1780000022400, 3276.8, 2.1, 3276.8, 3276.8, 0, , , , 0.0, 0.0, 36.557303173, -79.200376284, 0.0
0.0, 4, 900.000, , 6000, 0.0, , 912.8, 22819, 0.000, -0.600, 0.0, 0.0, 0.0, 0.0, 1.00, , , 40.000, 0.00, 1780000022500, 3276.8, 2.1, 3276.8, 3276.8, 0, , , , 0.0, 0.0, 36.557299354, -79.200331799, 0.0
0.0, 4, 904.000, , 5996, 0.0, , 916.8, 22919, -0.057, -0.599, 0.0, 0.0, 0.0, 0.0, 1.00, , , 40.000, -1.88, 1780000022600, 3276.8, 2.1, 3276.8, 3276.8, 0, , , , 0.0, 0.0, 36.557296016, -79.200287255, 0.0
0.0, 4, 908.000, , 5984, 0.0, , 920.8, 23019, -0.113, -0.595, 0.0, 0.0, 0.0, 0.0, 1.00, , , 40.000, -3.76, 1780000022700, 3276.8, 2.1, 3276.8, 3276.8, 0, , , , 0.0, 0.0, 36.557293158, -79.200242661, 0.0
0.0, 4, 912.000, , 5965, 0.0, , 924.8, 23119, -0.169, -0.589, 0.0, 0.0, 0.0, 0.0, 0.99, , , 40.000, -5.62, 1780000022800, 3276.8, 2.1, 3276.8, 3276.8, 0, , , , 0.0, 0.0, 36.557290781, -79.200198023, 0.0
0.0, 4, 916.000, , 5937, 0.0, , 928.8, 23219, -0.224, -0.581, 0.0, 0.0, 0.0, 0.0, 0.98, , , 40.000, -7.46, 1780000022900, 3276.8, 2.1, 3276.8, 3276.8, 0, , , , 0.0, 0.0, 36.557288887, -79.200153350, 0.0
0.0, 4, 920.000, , 5902, 0.0, , 932.8, 23319, -0.278, -0.571, 0.0, 0.0, 0.0, 0.0, 0.98, , , 40.000, -9.27, 1780000023000, 3276.8, 2.1, 3276.8, 3276.8, 0, , , , 0.0, 0.0, 36.557287474, -79.200108649, 0.0
0.0, 4, 924.000, , 5860, 0.0, , 936.8, 23419, -0.331, -0.558, 0.0, 0.0, 0.0, 0.0, 0.96, , , 40.000, -11.04, 1780000023100, 3276.8, 2.1, 3276.8, 3276.8, 0, , , , 0.0, 0.0, 36.557286543, -79.200063930, 0.0
0.0, 4, 928.000, , 5810, 0.0, , 940.8, 23519, -0.383, -0.543, 0.0, 0.0, 0.0, 0.0, 0.95, , , 40.000, -12.77, 1780000023200, 3276.8, 2.1, 3276.8, 3276.8, 0, , , , 0.0, 0.0, 36.557286095, -79.200019199, 0.0
0.0, 4, 932.000, , 5753, 0.0, , 944.8, 23619, -0.434, -0.526, 0.0, 0.0, 0.0, 0.0, 0.94, , , 40.000, -14.45, 1780000023300, 3276.8, 2.1, 3276.8, 3276.8, 0, , , , 0.0, 0.0, 36.557286129, -79.199974464, 0.0
0.0, 4, 936.000, , 5689, 0.0, , 948.8, 23719, -0.482, -0.507, 0.0, 0.0, 0.0, 0.0, 0.92, , , 40.000, -16.07, 1780000023400, 3276.8, 2.1, 3276.8, 3276.8, 0, , , , 0.0, 0.0, 36.557286646, -79.199929735, 0.0
0.0, 4, 940.000, , 5618, 0.0, , 952.8, 23819, -0.529, -0.485, 0.0, 0.0, 0.0, 0.0, 0.90, , , 40.000, -17.63, 1780000023500, 3276.8, 2.1, 3276.8, 3276.8, 0, , , , 0.0, 0.0, 36.557287645, -79.199885017, 0.0
0.0, 4, 944.000, , 5541, 0.0, , 956.8, 23919, -0.574, -0.462, 0.0, 0.0, 0.0, 0.0, 0.89, , , 40.000, -19.12, 1780000023600, 3276.8, 2.1, 3276.8, 3276.8, 0, , , , 0.0, 0.0, 36.557289126, -79.199840320, 0.0
0.0, 4, 948.000, , 5458, 0.0, , 960.8, 24019, -0.616, -0.437, 0.0, 0.0, 0.0, 0.0, 0.86, , , 40.000, -20.54, 1780000023700, 3276.8, 2.1, 3276.8, 3276.8, 0, , , , 0.0, 0.0, 36.557291089, -79.199795652, 0.0
0.0, 4, 952.000, , 5369, 0.0, , 964.8, 24119, -0.656, -0.411, 0.0, 0.0, 0.0, 0.0, 0.84, , , 40.000, -21.87, 1780000023800, 3276.8, 2.1, 3276.8, 3276.8, 0, , , , 0.0, 0.0, 36.557293534, -79.199751020, 0.0
0.0, 4, 956.000, , 5275, 0.0, , 968.8, 24219, -0.693, -0.382, 0.0, 0.0, 0.0, 0.0, 0.82, , , 40.000, -23.12, 1780000023900, 3276.8, 2.1, 3276.8, 3276.8, 0, , , , 0.0, 0.0, 36.557296459, -79.199706432, 0.0
0.0, 4, 960.000, , 5176, 0.0, , 972.8, 24319, -0.728, -0.353, 0.0, 0.0, 0.0, 0.0, 0.79, , , 40.000, -24.27, 1780000024000, 3276.8, 2.1, 3276.8, 3276.8, 0, , , , 0.0, 0.0, 36.557299866, -79.199661896, 0.0
0.0, 4, 964.000, , 5072, 0.0, , 976.8, 24419, -0.760, -0.321, 0.0, 0.0, 0.0, 0.0, 0.77, , , 40.000, -25.33, 1780000024100, 3276.8, 2.1, 3276.8, 3276.8, 0, , , , 0.0, 0.0, 36.557303752, -79.199617420, 0.0
0.0, 4, 968.000, , 4964, 0.0, , 980.8, 24519, -0.789, -0.289, 0.0, 0.0, 0.0, 0.0, 0.74, , , 40.000, -26.29, 1780000024200, 3276.8, 2.1, 3276.8, 3276.8, 0, , , , 0.0, 0.0, 36.557308118, -79.199573013, 0.0
0.0, 4, 972.000, , 4852, 0.0, , 984.8, 24619, -0.814, -0.255, 0.0, 0.0, 0.0, 0.0, 0.71, , , 40.000, -27.14, 1780000024300, 3276.8, 2.1, 3276.8, 3276.8, 0, , , , 0.0, 0.0, 36.557312962, -79.199528681, 0.0
0.0, 4, 976.000, , 4736, 0.0, , 988.8, 24719, -0.837, -0.221, 0.0, 0.0, 0.0, 0.0, 0.68, , , 40.000, -27.89, 1780000024400, 3276.8, 2.1, 3276.8, 3276.8, 0, , , , 0.0, 0.0, 36.557318284, -79.199484433, 0.0
0.0, 4, 980.000, , 4618, 0.0, , 992.8, 24819, -0.856, -0.185, 0.0, 0.0, 0.0, 0.0, 0.65, , , 40.000, -28.53, 1780000024500, 3276.8, 2.1, 3276.8, 3276.8, 0, , , , 0.0, 0.0, 36.557324083, -79.199440277, 0.0
0.0, 4, 984.000, , 4497, 0.0, , 996.8, 24919, -0.872, -0.149, 0.0, 0.0, 0.0, 0.0, 0.62, , , 40.000, -29.06, 1780000024600, 3276.8, 2.1, 3276.8, 3276.8, 0, , , , 0.0, 0.0, 36.557330358, -79.199396220, 0.0
0.0, 4, 988.000, , 4375, 0.0, , 1000.8, 25019, -0.884, -0.112, 0.0, 0.0, 0.0, 0.0, 0.59, , , 40.000, -29.47, 1780000024700, 3276.8, 2.1, 3276.8, 3276.8, 0, , , , 0.0, 0.0, 36.557337107, -79.199352270, 0.0
0.0, 4, 992.000, , 4251, 0.0, , 1004.8, 25119, -0.893, -0.075, 0.0, 0.0, 0.0, 0.0, 0.56, , , 40.000, -29.76, 1780000024800, 3276.8, 2.1, 3276.8, 3276.8, 0, , , , 0.0, 0.0, 36.557344329, -79.199308436, 0.0
0.0, 4, 996.000, , 4126, 0.0, , 1008.8, 25219, -0.898, -0.038, 0.0, 0.0, 0.0, 0.0, 0.53, , , 40.000, -29.94, 1780000024900, 3276.8, 2.1, 3276.8, 3276.8, 0, , , , 0.0, 0.0, 36.557352024, -79.199264725, 0.0
0.0, 4, 1000.000, , 4000, 0.0, , 1012.8, 25319, -0.900, -0.000, 0.0, 0.0, 0.0, 0.0, 0.50, , , 40.000, -30.00, 1780000025000, 3276.8, 2.1, 3276.8, 3276.8, 0, , , , 0.0, 0.0, 36.557360189, -79.199221144, 0.0
2.5, 3, 1004.000, , 3874, 0.0, , 1016.8, 25419, -0.898, 0.038, 0.0, 0.0, 0.0, 0.0, 0.47, , , 40.000, -29.94, 1780000025100, 3276.8, 2.1, 3276.8, 3276.8, 0, , , , 0.0, 0.0, 36.557368824, -79.199177702, 0.0
5.0, 3, 1008.000, , 3749, 0.0, , 1020.8, 25519, -0.893, 0.075, 0.0, 0.0, 0.0, 0.0, 0.44, , , 40.000, -29.76, 1780000025200, 3276.8, 2.1, 3276.8, 3276.8, 0, , , , 0.0, 0.0, 36.557377926, -79.199134406, 0.0
7.5, 3, 1012.000, , 3625, 0.0, , 1024.8, 25619, -0.884, 0.112, 0.0, 0.0, 0.0, 0.0, 0.41, , , 40.000, -29.47, 1780000025300, 3276.8, 2.1, 3276.8, 3276.8, 0, , , , 0.0, 0.0, 36.557387495, -79.199091264, 0.0
9.9, 3, 1016.000, , 3503, 0.0, , 1028.8, 25719, -0.872, 0.149, 0.0, 0.0, 0.0, 0.0, 0.38, , , 40.000, -29.06, 1780000025400, 3276.8, 2.1, 3276.8, 3276.8, 0, , , , 0.0, 0.0, 36.557397528, -79.199048283, 0.0
12.4, 3, 1020.000, , 3382, 0.0, , 1032.8, 25819, -0.856, 0.185, 0.0, 0.0, 0.0, 0.0, 0.35, , , 40.000, -28.53, 1780000025500, 3276.8, 2.1, 3276.8, 3276.8, 0, , , , 0.0, 0.0, 36.557408023, -79.199005472, 0.0
14.7, 3, 1024.000, , 3264, 0.0, , 1036.8, 25919, -0.837, 0.221, 0.0, 0.0, 0.0, 0.0, 0.32, , , 40.000, -27.89, 1780000025600, 3276.8, 2.1, 3276.8, 3276.8, 0, , , , 0.0, 0.0, 36.557418980, -79.198962837, 0.0
17.0, 3, 1028.000, , 3148, 0.0, , 1040.8, 26019, -0.814, 0.255, 0.0, 0.0, 0.0, 0.0, 0.29, , , 40.000, -27.14, 1780000025700, 3276.8, 2.1, 3276.8, 3276.8, 0, , , , 0.0, 0.0, 36.557430395, -79.198920387, 0.0
19.3, 3, 1032.000, , 3036, 0.0, , 1044.8, 26119, -0.789, 0.289, 0.0, 0.0, 0.0, 0.0, 0.26, , , 40.000, -26.29, 1780000025800, 3276.8, 2.1, 3276.8, 3276.8, 0, , , , 0.0, 0.0, 36.557442267, -79.198878129, 0.0
21.4, 3, 1036.000, , 2928, 0.0, , 1048.8, 26219, -0.760, 0.321, 0.0, 0.0, 0.0, 0.0, 0.23, , , 40.000, -25.33, 1780000025900, 3276.8, 2.1, 3276.8, 3276.8, 0, , , , 0.0, 0.0, 36.557454594, -79.198836070, 0.0
23.5, 3, 1040.000, , 2824, 0.0, , 1052.8, 26319, -0.728, 0.353, 0.0, 0.0, 0.0, 0.0, 0.21, , , 40.000, -24.27, 1780000026000, 3276.8, 2.1, 3276.8, 3276.8, 0, , , , 0.0, 0.0, 36.557467373, -79.198794218, 0.0
25.5, 3, 1044.000, , 2725, 0.0, , 1056.8, 26419, -0.693, 0.382, 0.0, 0.0, 0.0, 0.0, 0.18, , , 40.000, -23.12, 1780000026100, 3276.8, 2.1, 3276.8, 3276.8, 0, , , , 0.0, 0.0, 36.557480603, -79.198752581, 0.0
27.4, 3, 1048.000, , 2631, 0.0, , 1060.8, 26519, -0.656, 0.411, 0.0, 0.0, 0.0, 0.0, 0.16, , , 40.000, -21.87, 1780000026200, 3276.8, 2.1, 3276.8, 3276.8, 0, , , , 0.0, 0.0, 36.557494280, -79.198711165, 0.0
29.2, 3, 1052.000, , 2542, 0.0, , 1064.8, 26619, -0.616, 0.437, 0.0, 0.0, 0.0, 0.0, 0.14, , , 40.000, -20.54, 1780000026300, 3276.8, 2.1, 3276.8, 3276.8, 0, , , , 0.0, 0.0, 36.557508403, -79.198669978, 0.0
30.8, 3, 1056.000, , 2459, 0.0, , 1068.8, 26719, -0.574, 0.462, 0.0, 0.0, 0.0, 0.0, 0.11, , , 40.000, -19.12, 1780000026400, 3276.8, 2.1, 3276.8, 3276.8, 0, , , , 0.0, 0.0, 36.557522969, -79.198629028, 0.0
32.4, 3, 1060.000, , 2382, 0.0, , 1072.8, 26819, -0.529, 0.485, 0.0, 0.0, 0.0, 0.0, 0.10, , , 40.000, -17.63, 1780000026500, 3276.8, 2.1, 3276.8, 3276.8, 0, , , , 0.0, 0.0, 36.557537975, -79.198588322, 0.0
33.8, 3, 1064.000, , 2311, 0.0, , 1076.8, 26919, -0.482, 0.507, 0.0, 0.0, 0.0, 0.0, 0.08, , , 40.000, -16.07, 1780000026600, 3276.8, 2.1, 3276.8, 3276.8, 0, , , , 0.0, 0.0, 36.557553419, -79.198547866, 0.0
35.1, 3, 1068.000, , 2247, 0.0, , 1080.8, 27019, -0.434, 0.526, 0.0, 0.0, 0.0, 0.0, 0.06, , , 40.000, -14.45, 1780000026700, 3276.8, 2.1, 3276.8, 3276.8, 0, , , , 0.0, 0.0, 36.557569297, -79.198507669, 0.0
36.2, 3, 1072.000, , 2190, 0.0, , 1084.8, 27119, -0.383, 0.543, 0.0, 0.0, 0.0, 0.0, 0.05, , , 40.000, -12.77, 1780000026800, 3276.8, 2.1, 3276.8, 3276.8, 0, , , , 0.0, 0.0, 36.557585608, -79.198467737, 0.0
37.2, 3, 1076.000, , 2140, 0.0, , 1088.8, 27219, -0.331, 0.558, 0.0, 0.0, 0.0, 0.0, 0.04, , , 40.000, -11.04, 1780000026900, 3276.8, 2.1, 3276.8, 3276.8, 0, , , , 0.0, 0.0, 36.557602349, -79.198428077, 0.0
38.0, 3, 1080.000, , 2098, 0.0, , 1092.8, 27319, -0.278, 0.571, 0.0, 0.0, 0.0, 0.0, 0.02, , , 40.000, -9.27, 1780000027000, 3276.8, 2.1, 3276.8, 3276.8, 0, , , , 0.0, 0.0, 36.557619515, -79.198388697, 0.0
38.7, 3, 1084.000, , 2063, 0.0, , 1096.8, 27419, -0.224, 0.581, 0.0, 0.0, 0.0, 0.0, 0.02, , , 40.000, -7.46, 1780000027100, 3276.8, 2.1, 3276.8, 3276.8, 0, , , , 0.0, 0.0, 36.557637104, -79.198349603, 0.0
39.3, 3, 1088.000, , 2035, 0.0, , 1100.8, 27519, -0.169, 0.589, 0.0, 0.0, 0.0, 0.0, 0.01, , , 40.000, -5.62, 1780000027200, 3276.8, 2.1, 3276.8, 3276.8, 0, , , , 0.0, 0.0, 36.557655114, -79.198310803, 0.0
39.7, 3, 1092.000, , 2016, 0.0, , 1104.8, 27619, -0.113, 0.595, 0.0, 0.0, 0.0, 0.0, 0.00, , , 40.000, -3.76, 1780000027300, 3276.8, 2.1, 3276.8, 3276.8, 0, , , , 0.0, 0.0, 36.557673541, -79.198272303, 0.0
39.9, 3, 1096.000, , 2004, 0.0, , 1108.8, 27719, -0.057, 0.599, 0.0, 0.0, 0.0, 0.0, 0.00, , , 40.000, -1.88, 1780000027400, 3276.8, 2.1, 3276.8, 3276.8, 0, , , , 0.0, 0.0, 36.557692381, -79.198234110, 0.0
40.0, 3, 1100.000, , 2000, 0.0, , 1112.8, 27819, 0.000, 0.600, 0.0, 0.0, 0.0, 0.0, 0.00, , , 40.000, 0.00, 1780000027500, 3276.8, 2.1, 3276.8, 3276.8, 0, , , , 0.0, 0.0, 36.557711631, -79.198196231, 0.0
39.9, 3, 1104.000, , 2004, 0.0, , 1116.8, 27919, 0.057, 0.599, 0.0, 0.0, 0.0, 0.0, 0.00, , , 40.000, 1.88, 1780000027600, 3276.8, 2.1, 3276.8, 3276.8, 0, , , , 0.0, 0.0, 36.557731288, -79.198158672, 0.0
39.7, 3, 1108.000, , 2016, 0.0, , 1120.8, 28019, 0.113, 0.595, 0.0, 0.0, 0.0, 0.0, 0.00, , , 40.000, 3.76, 1780000027700, 3276.8, 2.1, 3276.8, 3276.8, 0, , , , 0.0, 0.0, 36.557751348, -79.198121441, 0.0
39.3, 3, 1112.000, , 2035, 0.0, , 1124.8, 28119, 0.169, 0.589, 0.0, 0.0, 0.0, 0.0, 0.01, , , 40.000, 5.62, 1780000027800, 3276.8, 2.1, 3276.8, 3276.8, 0, , , , 0.0, 0.0, 36.557771809, -79.198084544, 0.0
38.7, 3, 1116.000, , 2063, 0.0, , 1128.8, 28219, 0.224, 0.581, 0.0, 0.0, 0.0, 0.0, 0.02, , , 40.000, 7.46, 1780000027900, 3276.8, 2.1, 3276.8, 3276.8, 0, , , , 0.0, 0.0, 36.557792665, -79.198047988, 0.0
38.0, 3, 1120.000, , 2098, 0.0, , 1132.8, 28319, 0.278, 0.571, 0.0, 0.0, 0.0, 0.0, 0.02, , , 40.000, 9.27, 1780000028000, 3276.8, 2.1, 3276.8, 3276.8, 0, , , , 0.0, 0.0, 36.557813914, -79.198011778, 0.0
37.2, 3, 1124.000, , 2140, 0.0, , 1136.8, 28419, 0.331, 0.558, 0.0, 0.0, 0.0, 0.0, 0.04, , , 40.000, 11.04, 1780000028100, 3276.8, 2.1, 3276.8, 3276.8, 0, , , , 0.0, 0.0, 36.557835551, -79.197975922, 0.0
36.2, 3, 1128.000, , 2190, 0.0, , 1140.8, 28519, 0.383, 0.543, 0.0, 0.0, 0.0, 0.0, 0.05, , , 40.000, 12.77, 1780000028200, 3276.8, 2.1, 3276.8, 3276.8, 0, , , , 0.0, 0.0, 36.557857573, -79.197940426, 0.0
35.1, 3, 1132.000, , 2247, 0.0, , 1144.8, 28619, 0.434, 0.526, 0.0, 0.0, 0.0, 0.0, 0.06, , , 40.000, 14.45, 1780000028300, 3276.8, 2.1, 3276.8, 3276.8, 0, , , , 0.0, 0.0, 36.557879976, -79.197905296, 0.0
33.8, 3, 1136.000, , 2311, 0.0, , 1148.8, 28719, 0.482, 0.507, 0.0, 0.0, 0.0, 0.0, 0.08, , , 40.000, 16.07, 1780000028400, 3276.8, 2.1, 3276.8, 3276.8, 0, , , , 0.0, 0.0, 36.557902756, -79.197870538, 0.0
32.4, 3, 1140.000, , 2382, 0.0, , 1152.8, 28819, 0.529, 0.485, 0.0, 0.0, 0.0, 0.0, 0.10, , , 40.000, 17.63, 1780000028500, 3276.8, 2.1, 3276.8, 3276.8, 0, , , , 0.0, 0.0, 36.557925909, -79.197836159, 0.0
30.8, 3, 1144.000, , 2459, 0.0, , 1156.8, 28919, 0.574, 0.462, 0.0, 0.0, 0.0, 0.0, 0.11, , , 40.000, 19.12, 1780000028600, 3276.8, 2.1, 3276.8, 3276.8, 0, , , , 0.0, 0.0, 36.557949430, -79.197802165, 0.0
29.2, 3, 1148.000, , 2542, 0.0, , 1160.8, 29019, 0.616, 0.437, 0.0, 0.0, 0.0, 0.0, 0.14, , , 40.000, 20.54, 1780000028700, 3276.8, 2.1, 3276.8, 3276.8, 0, , , , 0.0, 0.0, 36.557973316, -79.197768561, 0.0
27.4, 3, 1152.000, , 2631, 0.0, , 1164.8, 29119, 0.656, 0.411, 0.0, 0.0, 0.0, 0.0, 0.16, , , 40.000, 21.87, 1780000028800, 3276.8, 2.1, 3276.8, 3276.8, 0, , , , 0.0, 0.0, 36.557997563, -79.197735354, 0.0
25.5, 3, 1156.000, , 2725, 0.0, , 1168.8, 29219, 0.693, 0.382, 0.0, 0.0, 0.0, 0.0, 0.18, , , 40.000, 23.12, 1780000028900, 3276.8, 2.1, 3276.8, 3276.8, 0, , , , 0.0, 0.0, 36.558022165, -79.197702549, 0.0
23.5, 3, 1160.000, , 2824, 0.0, , 1172.8, 29319, 0.728, 0.353, 0.0, 0.0, 0.0, 0.0, 0.21, , , 40.000, 24.27, 1780000029000, 3276.8, 2.1, 3276.8, 3276.8, 0, , , , 0.0, 0.0, 36.558047119, -79.197670153, 0.0
21.4, 3, 1164.000, , 2928, 0.0, , 1176.8, 29419, 0.760, 0.321, 0.0, 0.0, 0.0, 0.0, 0.23, , , 40.000, 25.33, 1780000029100, 3276.8, 2.1, 3276.8, 3276.8, 0, , , , 0.0, 0.0, 36.558072420, -79.197638172, 0.0
19.3, 3, 1168.000, , 3036, 0.0, , 1180.8, 29519, 0.789, 0.289, 0.0, 0.0, 0.0, 0.0, 0.26, , , 40.000, 26.29, 1780000029200, 3276.8, 2.1, 3276.8, 3276.8, 0, , , , 0.0, 0.0, 36.558098063, -79.197606610, 0.0
17.0, 3, 1172.000, , 3148, 0.0, , 1184.8, 29619, 0.814, 0.255, 0.0, 0.0, 0.0, 0.0, 0.29, , , 40.000, 27.14, 1780000029300, 3276.8, 2.1, 3276.8, 3276.8, 0, , , , 0.0, 0.0, 36.558124045, -79.197575473, 0.0
14.7, 3, 1176.000, , 3264, 0.0, , 1188.8, 29719, 0.837, 0.221, 0.0, 0.0, 0.0, 0.0, 0.32, , , 40.000, 27.89, 1780000029400, 3276.8, 2.1, 3276.8, 3276.8, 0, , , , 0.0, 0.0, 36.558150361, -79.197544768, 0.0
12.4, 3, 1180.000, , 3382, 0.0, , 1192.8, 29819, 0.856, 0.185, 0.0, 0.0, 0.0, 0.0, 0.35, , , 40.000, 28.53, 1780000029500, 3276.8, 2.1, 3276.8, 3276.8, 0, , , , 0.0, 0.0, 36.558177005, -79.197514499, 0.0
9.9, 3, 1184.000, , 3503, 0.0, , 1196.8, 29919, 0.872, 0.149, 0.0, 0.0, 0.0, 0.0, 0.38, , , 40.000, 29.06, 1780000029600, 3276.8, 2.1, 3276.8, 3276.8, 0, , , , 0.0, 0.0, 36.558203973, -79.197484672, 0.0
7.5, 3, 1188.000, , 3625, 0.0, , 1200.8, 30019, 0.884, 0.112, 0.0, 0.0, 0.0, 0.0, 0.41, , , 40.000, 29.47, 1780000029700, 3276.8, 2.1, 3276.8, 3276.8, 0, , , , 0.0, 0.0, 36.558231261, -79.197455292, 0.0
5.0, 3, 1192.000, , 3749, 0.0, , 1204.8, 30119, 0.893, 0.075, 0.0, 0.0, 0.0, 0.0, 0.44, , , 40.000, 29.76, 1780000029800, 3276.8, 2.1, 3276.8, 3276.8, 0, , , , 0.0, 0.0, 36.558258863, -79.197426364, 0.0
2.5, 3, 1196.000, , 3874, 0.0, , 1208.8, 30219, 0.898, 0.038, 0.0, 0.0, 0.0, 0.0, 0.47, , , 40.000, 29.94, 1780000029900, 3276.8, 2.1, 3276.8, 3276.8, 0, , , , 0.0, 0.0, 36.558286774, -79.197397894, 0.0
0.0, 3, 1200.000, , 4000, 0.0, , 1212.8, 30319, 0.900, 0.000, 0.0, 0.0, 0.0, 0.0, 0.50, , , 40.000, 30.00, 1780000030000, 3276.8, 2.1, 3276.8, 3276.8, 0, , , , 0.0, 0.0, 36.558314990, -79.197369887, 0.0
0.0, 4, 1204.000, , 4126, 0.0, , 1216.8, 30419, 0.898, -0.038, 0.0, 0.0, 0.0, 0.0, 0.53, , , 40.000, 29.94, 1780000030100, 3276.8, 2.1, 3276.8, 3276.8, 0, , , , 0.0, 0.0, 36.558343506, -79.197342347, 0.0
0.0, 4, 1208.000, , 4251, 0.0, , 1220.8, 30519, 0.893, -0.075, 0.0, 0.0, 0.0, 0.0, 0.56, , , 40.000, 29.76, 1780000030200, 3276.8, 2.1, 3276.8, 3276.8, 0, , , , 0.0, 0.0, 36.558372316, -79.197315280, 0.0
0.0, 4, 1212.000, , 4375, 0.0, , 1224.8, 30619, 0.884, -0.112, 0.0, 0.0, 0.0, 0.0, 0.59, , , 40.000, 29.47, 1780000030300, 3276.8, 2.1, 3276.8, 3276.8, 0, , , , 0.0, 0.0, 36.558401415, -79.197288690, 0.0
0.0, 4, 1216.000, , 4497, 0.0, , 1228.8, 30719, 0.872, -0.149, 0.0, 0.0, 0.0, 0.0, 0.62, , , 40.000, 29.06, 1780000030400, 3276.8, 2.1, 3276.8, 3276.8, 0, , , , 0.0, 0.0, 36.558430799, -79.197262581, 0.0
0.0, 4, 1220.000, , 4618, 0.0, , 1232.8, 30819, 0.856, -0.185, 0.0, 0.0, 0.0, 0.0, 0.65, , , 40.000, 28.53, 1780000030500, 3276.8, 2.1, 3276.8, 3276.8, 0, , , , 0.0, 0.0, 36.558460462, -79.197236960, 0.0
0.0, 4, 1224.000, , 4736, 0.0, , 1236.8, 30919, 0.837, -0.221, 0.0, 0.0, 0.0, 0.0, 0.68, , , 40.000, 27.89, 1780000030600, 3276.8, 2.1, 3276.8, 3276.8, 0, , , , 0.0, 0.0, 36.558490398, -79.197211830, 0.0
0.0, 4, 1228.000, , 4852, 0.0, , 1240.8, 31019, 0.814, -0.255, 0.0, 0.0, 0.0, 0.0, 0.71, , , 40.000, 27.14, 1780000030700, 3276.8, 2.1, 3276.8, 3276.8, 0, , , , 0.0, 0.0, 36.558520603, -79.197187195, 0.0
0.0, 4, 1232.000, , 4964, 0.0, , 1244.8, 31119, 0.789, -0.289, 0.0, 0.0, 0.0, 0.0, 0.74, , , 40.000, 26.29, 1780000030800, 3276.8, 2.1, 3276.8, 3276.8, 0, , , , 0.0, 0.0, 36.558551070, -79.197163061, 0.0
0.0, 4, 1236.000, , 5072, 0.0, , 1248.8, 31219, 0.760, -0.321, 0.0, 0.0, 0.0, 0.0, 0.77, , , 40.000, 25.33, 1780000030900, 3276.8, 2.1, 3276.8, 3276.8, 0, , , , 0.0, 0.0, 36.558581796, -79.197139430, 0.0
0.0, 4, 1240.000, , 5176, 0.0, , 1252.8, 31319, 0.728, -0.353, 0.0, 0.0, 0.0, 0.0, 0.79, , , 40.000, 24.27, 1780000031000, 3276.8, 2.1, 3276.8, 3276.8, 0, , , , 0.0, 0.0, 36.558612773, -79.197116309, 0.0
0.0, 4, 1244.000, , 5275, 0.0, , 1256.8, 31419, 0.693, -0.382, 0.0, 0.0, 0.0, 0.0, 0.82, , , 40.000, 23.12, 1780000031100, 3276.8, 2.1, 3276.8, 3276.8, 0, , , , 0.0, 0.0, 36.558643997, -79.197093700, 0.0
0.0, 4, 1248.000, , 5369, 0.0, , 1260.8, 31519, 0.656, -0.411, 0.0, 0.0, 0.0, 0.0, 0.84, , , 40.000, 21.87, 1780000031200, 3276.8, 2.1, 3276.8, 3276.8, 0, , , , 0.0, 0.0, 36.558675462, -79.197071607, 0.0
0.0, 4, 1252.000, , 5458, 0.0, , 1264.8, 31619, 0.616, -0.437, 0.0, 0.0, 0.0, 0.0, 0.86, , , 40.000, 20.54, 1780000031300, 3276.8, 2.1, 3276.8, 3276.8, 0, , , , 0.0, 0.0, 36.558707163, -79.197050036, 0.0
0.0, 4, 1256.000, , 5541, 0.0, , 1268.8, 31719, 0.574, -0.462, 0.0, 0.0, 0.0, 0.0, 0.89, , , 40.000, 19.12, 1780000031400, 3276.8, 2.1, 3276.8, 3276.8, 0, , , , 0.0, 0.0, 36.558739093, -79.197028988, 0.0
0.0, 4, 1260.000, , 5618, 0.0, , 1272.8, 31819, 0.529, -0.485, 0.0, 0.0, 0.0, 0.0, 0.90, , , 40.000, 17.63, 1780000031500, 3276.8, 2.1, 3276.8, 3276.8, 0, , , , 0.0, 0.0, 36.558771248, -79.197008469, 0.0
0.0, 4, 1264.000, , 5689, 0.0, , 1276.8, 31919, 0.482, -0.507, 0.0, 0.0, 0.0, 0.0, 0.92, , , 40.000, 16.07, 1780000031600, 3276.8, 2.1, 3276.8, 3276.8, 0, , , , 0.0, 0.0, 36.558803621, -79.196988482, 0.0
0.0, 4, 1268.000, , 5753, 0.0, , 1280.8, 32019, 0.434, -0.526, 0.0, 0.0, 0.0, 0.0, 0.94, , , 40.000, 14.45, 1780000031700, 3276.8, 2.1, 3276.8, 3276.8, 0, , , , 0.0, 0.0, 36.558836206, -79.196969030, 0.0
0.0, 4, 1272.000, , 5810, 0.0, , 1284.8, 32119, 0.383, -0.543, 0.0, 0.0, 0.0, 0.0, 0.95, , , 40.000, 12.77, 1780000031800, 3276.8, 2.1, 3276.8, 3276.8, 0, , , , 0.0, 0.0, 36.558868999, -79.196950117, 0.0
0.0, 4, 1276.000, , 5860, 0.0, , 1288.8, 32219, 0.331, -0.558, 0.0, 0.0, 0.0, 0.0, 0.96, , , 40.000, 11.04, 1780000031900, 3276.8, 2.1, 3276.8, 3276.8, 0, , , , 0.0, 0.0, 36.558901992, -79.196931746, 0.0
0.0, 4, 1280.000, , 5902, 0.0, , 1292.8, 32319, 0.278, -0.571, 0.0, 0.0, 0.0, 0.0, 0.98, , , 40.000, 9.27, 1780000032000, 3276.8, 2.1, 3276.8, 3276.8, 0, , , , 0.0, 0.0, 36.558935181, -79.196913920, 0.0
0.0, 4, 1284.000, , 5937, 0.0, , 1296.8, 32419, 0.224, -0.581, 0.0, 0.0, 0.0, 0.0, 0.98, , , 40.000, 7.46, 1780000032100, 3276.8, 2.1, 3276.8, 3276.8, 0, , , , 0.0, 0.0, 36.558968559, -79.196896643, 0.0
0.0, 4, 1288.000, , 5965, 0.0, , 1300.8, 32519, 0.169, -0.589, 0.0, 0.0, 0.0, 0.0, 0.99, , , 40.000, 5.62, 1780000032200, 3276.8, 2.1, 3276.8, 3276.8, 0, , , , 0.0, 0.0, 36.559002121, -79.196879918, 0.0
0.0, 4, 1292.000, , 5984, 0.0, , 1304.8, 32619, 0.113, -0.595, 0.0, 0.0, 0.0, 0.0, 1.00, , , 40.000, 3.76, 1780000032300, 3276.8, 2.1, 3276.8, 3276.8, 0, , , , 0.0, 0.0, 36.559035860, -79.196863748, 0.0
0.0, 4, 1296.000, , 5996, 0.0, , 1308.8, 32719, 0.057, -0.599, 0.0, 0.0, 0.0, 0.0, 1.00, , , 40.000, 1.88, 1780000032400, 3276.8, 2.1, 3276.8, 3276.8, 0, , , , 0.0, 0.0, 36.559069770, -79.196848135, 0.0
0.0, 4, 1300.000, , 6000, 0.0, , 1312.8, 32819, 0.000, -0.600, 0.0, 0.0, 0.0, 0.0, 1.00, , , 40.000, 0.00, 1780000032500, 3276.8, 2.1, 3276.8, 3276.8, 0, , , , 0.0, 0.0, 36.559103846, -79.196833082, 0.0
0.0, 4, 1304.000, , 5996, 0.0, , 1316.8, 32919, -0.057, -0.599, 0.0, 0.0, 0.0, 0.0, 1.00, , , 40.000, -1.88, 1780000032600, 3276.8, 2.1, 3276.8, 3276.8, 0, , , , 0.0, 0.0, 36.559138081, -79.196818593, 0.0
0.0, 4, 1308.000, , 5984, 0.0, , 1320.8, 33019, -0.113, -0.595, 0.0, 0.0, 0.0, 0.0, 1.00, , , 40.000, -3.76, 1780000032700, 3276.8, 2.1, 3276.8, 3276.8, 0, , , , 0.0, 0.0, 36.559172469, -79.196804669, 0.0
0.0, 4, 1312.000, , 5965, 0.0, , 1324.8, 33119, -0.169, -0.589, 0.0, 0.0, 0.0, 0.0, 0.99, , , 40.000, -5.62, 1780000032800, 3276.8, 2.1, 3276.8, 3276.8, 0, , , , 0.0, 0.0, 36.559207004, -79.196791313, 0.0
0.0, 4, 1316.000, , 5937, 0.0, , 1328.8, 33219, -0.224, -0.581, 0.0, 0.0, 0.0, 0.0, 0.98, , , 40.000, -7.46, 1780000032900, 3276.8, 2.1, 3276.8, 3276.8, 0, , , , 0.0, 0.0, 36.559241680, -79.196778527, 0.0
0.0, 4, 1320.000, , 5902, 0.0, , 1332.8, 33319, -0.278, -0.571, 0.0, 0.0, 0.0, 0.0, 0.98, , , 40.000, -9.27, 1780000033000, 3276.8, 2.1, 3276.8, 3276.8, 0, , , , 0.0, 0.0, 36.559276491, -79.196766314, 0.0
0.0, 4, 1324.000, , 5860, 0.0, , 1336.8, 33419, -0.331, -0.558, 0.0, 0.0, 0.0, 0.0, 0.96, , , 40.000, -11.04, 1780000033100, 3276.8, 2.1, 3276.8, 3276.8, 0, , , , 0.0, 0.0, 36.559311431, -79.196754676, 0.0
0.0, 4, 1328.000, , 5810, 0.0, , 1340.8, 33519, -0.383, -0.543, 0.0, 0.0, 0.0, 0.0, 0.95, , , 40.000, -12.77, 1780000033200, 3276.8, 2.1, 3276.8, 3276.8, 0, , , , 0.0, 0.0, 36.559346493, -79.196743615, 0.0
0.0, 4, 1332.000, , 5753, 0.0, , 1344.8, 33619, -0.434, -0.526, 0.0, 0.0, 0.0, 0.0, 0.94, , , 40.000, -14.45, 1780000033300, 3276.8, 2.1, 3276.8, 3276.8, 0, , , , 0.0, 0.0, 36.559381672, -79.196733133, 0.0
0.0, 4, 1336.000, , 5689, 0.0, , 1348.8, 33719, -0.482, -0.507, 0.0, 0.0, 0.0, 0.0, 0.92, , , 40.000, -16.07, 1780000033400, 3276.8, 2.1, 3276.8, 3276.8, 0, , , , 0.0, 0.0, 36.559416960, -79.196723232, 0.0
0.0, 4, 1340.000, , 5618, 0.0, , 1352.8, 33819, -0.529, -0.485, 0.0, 0.0, 0.0, 0.0, 0.90, , , 40.000, -17.63, 1780000033500, 3276.8, 2.1, 3276.8, 3276.8, 0, , , , 0.0, 0.0, 36.559452352, -79.196713913, 0.0
0.0, 4, 1344.000, , 5541, 0.0, , 1356.8, 33919, -0.574, -0.462, 0.0, 0.0, 0.0, 0.0, 0.89, , , 40.000, -19.12, 1780000033600, 3276.8, 2.1, 3276.8, 3276.8, 0, , , , 0.0, 0.0, 36.559487841, -79.196705178, 0.0
0.0, 4, 1348.000, , 5458, 0.0, , 1360.8, 34019, -0.616, -0.437, 0.0, 0.0, 0.0, 0.0, 0.86, , , 40.000, -20.54, 1780000033700, 3276.8, 2.1, 3276.8, 3276.8, 0, , , , 0.0, 0.0, 36.559523421, -79.196697029, 0.0
0.0, 4, 1352.000, , 5369, 0.0, , 1364.8, 34119, -0.656, -0.411, 0.0, 0.0, 0.0, 0.0, 0.84, , , 40.000, -21.87, 1780000033800, 3276.8, 2.1, 3276.8, 3276.8, 0, , , , 0.0, 0.0, 36.559559086, -79.196689467, 0.0
0.0, 4, 1356.000, , 5275, 0.0, , 1368.8, 34219, -0.693, -0.382, 0.0, 0.0, 0.0, 0.0, 0.82, , , 40.000, -23.12, 1780000033900, 3276.8, 2.1, 3276.8, 3276.8, 0, , , , 0.0, 0.0, 36.559594830, -79.196682494, 0.0
0.0, 4, 1360.000, , 5176, 0.0, , 1372.8, 34319, -0.728, -0.353, 0.0, 0.0, 0.0, 0.0, 0.79, , , 40.000, -24.27, 1780000034000, 3276.8, 2.1, 3276.8, 3276.8, 0, , , , 0.0, 0.0, 36.559630645, -79.196676111, 0.0
0.0, 4, 1364.000, , 5072, 0.0, , 1376.8, 34419, -0.760, -0.321, 0.0, 0.0, 0.0, 0.0, 0.77, , , 40.000, -25.33, 1780000034100, 3276.8, 2.1, 3276.8, 3276.8, 0, , , , 0.0, 0.0, 36.559666526, -79.196670318, 0.0
0.0, 4, 1368.000, , 4964, 0.0, , 1380.8, 34519, -0.789, -0.289, 0.0, 0.0, 0.0, 0.0, 0.74, , , 40.000, -26.29, 1780000034200, 3276.8, 2.1, 3276.8, 3276.8, 0, , , , 0.0, 0.0, 36.559702467, -79.196665118, 0.0
0.0, 4, 1372.000, , 4852, 0.0, , 1384.8, 34619, -0.814, -0.255, 0.0, 0.0, 0.0, 0.0, 0.71, , , 40.000, -27.14, 1780000034300, 3276.8, 2.1, 3276.8, 3276.8, 0, , , , 0.0, 0.0, 36.559738460, -79.196660510, 0.0
0.0, 4, 1376.000, , 4736, 0.0, , 1388.8, 34719, -0.837, -0.221, 0.0, 0.0, 0.0, 0.0, 0.68, , , 40.000, -27.89, 1780000034400, 3276.8, 2.1, 3276.8, 3276.8, 0, , , , 0.0, 0.0, 36.559774500, -79.196656496, 0.0
0.0, 4, 1380.000, , 4618, 0.0, , 1392.8, 34819, -0.856, -0.185, 0.0, 0.0, 0.0, 0.0, 0.65, , , 40.000, -28.53, 1780000034500, 3276.8, 2.1, 3276.8, 3276.8, 0, , , , 0.0, 0.0, 36.559810579, -79.196653076, 0.0
0.0, 4, 1384.000, , 4497, 0.0, , 1396.8, 34919, -0.872, -0.149, 0.0, 0.0, 0.0, 0.0, 0.62, , , 40.000, -29.06, 1780000034600, 3276.8, 2.1, 3276.8, 3276.8, 0, , , , 0.0, 0.0, 36.559846693, -79.196650251, 0.0
0.0, 4, 1388.000, , 4375, 0.0, , 1400.8, 35019, -0.884, -0.112, 0.0, 0.0, 0.0, 0.0, 0.59, , , 40.000, -29.47, 1780000034700, 3276.8, 2.1, 3276.8, 3276.8, 0, , , , 0.0, 0.0, 36.559882834, -79.196648022, 0.0
0.0, 4, 1392.000, , 4251, 0.0, , 1404.8, 35119, -0.893, -0.075, 0.0, 0.0, 0.0, 0.0, 0.56, , , 40.000, -29.76, 1780000034800, 3276.8, 2.1, 3276.8, 3276.8, 0, , , , 0.0, 0.0, 36.559918995, -79.196646389, 0.0
0.0, 4, 1396.000, , 4126, 0.0, , 1408.8, 35219, -0.898, -0.038, 0.0, 0.0, 0.0, 0.0, 0.53, , , 40.000, -29.94, 1780000034900, 3276.8, 2.1, 3276.8, 3276.8, 0, , , , 0.0, 0.0, 36.559955171, -79.196645352, 0.0
0.0, 4, 1400.000, , 4000, 0.0, , 1412.8, 35319, -0.900, -0.000, 0.0, 0.0, 0.0, 0.0, 0.50, , , 40.000, -30.00, 1780000035000, 3276.8, 2.1, 3276.8, 3276.8, 0, , , , 0.0, 0.0, 36.559991355, -79.196644911, 0.0
2.5, 3, 1404.000, , 3874, 0.0, , 1416.8, 35419, -0.898, 0.038, 0.0, 0.0, 0.0, 0.0, 0.47, , , 40.000, -29.94, 1780000035100, 3276.8, 2.1, 3276.8, 3276.8, 0, , , , 0.0, 0.0, 36.560027541, -79.196645067, 0.0
5.0, 3, 1408.000, , 3749, 0.0, , 1420.8, 35519, -0.893, 0.075, 0.0, 0.0, 0.0, 0.0, 0.44, , , 40.000, -29.76, 1780000035200, 3276.8, 2.1, 3276.8, 3276.8, 0, , , , 0.0, 0.0, 36.560063721, -79.196645819, 0.0
7.5, 3, 1412.000, , 3625, 0.0, , 1424.8, 35619, -0.884, 0.112, 0.0, 0.0, 0.0, 0.0, 0.41, , , 40.000, -29.47, 1780000035300, 3276.8, 2.1, 3276.8, 3276.8, 0, , , , 0.0, 0.0, 36.560099891, -79.196647167, 0.0
9.9, 3, 1416.000, , 3503, 0.0, , 1428.8, 35719, -0.872, 0.149, 0.0, 0.0, 0.0, 0.0, 0.38, , , 40.000, -29.06, 1780000035400, 3276.8, 2.1, 3276.8, 3276.8, 0, , , , 0.0, 0.0, 36.560136042, -79.196649112, 0.0
12.4, 3, 1420.000, , 3382, 0.0, , 1432.8, 35819, -0.856, 0.185, 0.0, 0.0, 0.0, 0.0, 0.35, , , 40.000, -28.53, 1780000035500, 3276.8, 2.1, 3276.8, 3276.8, 0, , , , 0.0, 0.0, 36.560172170, -79.196651652, 0.0
14.7, 3, 1424.000, , 3264, 0.0, , 1436.8, 35919, -0.837, 0.221, 0.0, 0.0, 0.0, 0.0, 0.32, , , 40.000, -27.89, 1780000035600, 3276.8, 2.1, 3276.8, 3276.8, 0, , , , 0.0, 0.0, 36.560208266, -79.196654788, 0.0
17.0, 3, 1428.000, , 3148, 0.0, , 1440.8, 36019, -0.814, 0.255, 0.0, 0.0, 0.0, 0.0, 0.29, , , 40.000, -27.14, 1780000035700, 3276.8, 2.1, 3276.8, 3276.8, 0, , , , 0.0, 0.0, 36.560244326, -79.196658518, 0.0
19.3, 3, 1432.000, , 3036, 0.0, , 1444.8, 36119, -0.789, 0.289, 0.0, 0.0, 0.0, 0.0, 0.26, , , 40.000, -26.29, 1780000035800, 3276.8, 2.1, 3276.8, 3276.8, 0, , , , 0.0, 0.0, 36.560280342, -79.196662842, 0.0
21.4, 3, 1436.000, , 2928, 0.0, , 1448.8, 36219, -0.760, 0.321, 0.0, 0.0, 0.0, 0.0, 0.23, , , 40.000, -25.33, 1780000035900, 3276.8, 2.1, 3276.8, 3276.8, 0, , , , 0.0, 0.0, 36.560316309, -79.196667759, 0.0
23.5, 3, 1440.000, , 2824, 0.0, , 1452.8, 36319, -0.728, 0.353, 0.0, 0.0, 0.0, 0.0, 0.21, , , 40.000, -24.27, 1780000036000, 3276.8, 2.1, 3276.8, 3276.8, 0, , , , 0.0, 0.0, 36.560352219, -79.196673269, 0.0
25.5, 3, 1444.000, , 2725, 0.0, , 1456.8, 36419, -0.693, 0.382, 0.0, 0.0, 0.0, 0.0, 0.18, , , 40.000, -23.12, 1780000036100, 3276.8, 2.1, 3276.8, 3276.8, 0, , , , 0.0, 0.0, 36.560388066, -79.196679371, 0.0
27.4, 3, 1448.000, , 2631, 0.0, , 1460.8, 36519, -0.656, 0.411, 0.0, 0.0, 0.0, 0.0, 0.16, , , 40.000, -21.87, 1780000036200, 3276.8, 2.1, 3276.8, 3276.8, 0, , , , 0.0, 0.0, 36.560423845, -79.196686062, 0.0
29.2, 3, 1452.000, , 2542, 0.0, , 1464.8, 36619, -0.616, 0.437, 0.0, 0.0, 0.0, 0.0, 0.14, , , 40.000, -20.54, 1780000036300, 3276.8, 2.1, 3276.8, 3276.8, 0, , , , 0.0, 0.0, 36.560459548, -79.196693343, 0.0
30.8, 3, 1456.000, , 2459, 0.0, , 1468.8, 36719, -0.574, 0.462, 0.0, 0.0, 0.0, 0.0, 0.11, , , 40.000, -19.12, 1780000036400, 3276.8, 2.1, 3276.8, 3276.8, 0, , , , 0.0, 0.0, 36.560495170, -79.196701211, 0.0
32.4, 3, 1460.000, , 2382, 0.0, , 1472.8, 36819, -0.529, 0.485, 0.0, 0.0, 0.0, 0.0, 0.10, , , 40.000, -17.63, 1780000036500, 3276.8, 2.1, 3276.8, 3276.8, 0, , , , 0.0, 0.0, 36.560530703, -79.196709666, 0.0
33.8, 3, 1464.000, , 2311, 0.0, , 1476.8, 36919, -0.482, 0.507, 0.0, 0.0, 0.0, 0.0, 0.08, , , 40.000, -16.07, 1780000036600, 3276.8, 2.1, 3276.8, 3276.8, 0, , , , 0.0, 0.0, 36.560566143, -79.196718706, 0.0
35.1, 3, 1468.000, , 2247, 0.0, , 1480.8, 37019, -0.434, 0.526, 0.0, 0.0, 0.0, 0.0, 0.06, , , 40.000, -14.45, 1780000036700, 3276.8, 2.1, 3276.8, 3276.8, 0, , , , 0.0, 0.0, 36.560601481, -79.196728330, 0.0
36.2, 3, 1472.000, , 2190, 0.0, , 1484.8, 37119, -0.383, 0.543, 0.0, 0.0, 0.0, 0.0, 0.05, , , 40.000, -12.77, 1780000036800, 3276.8, 2.1, 3276.8, 3276.8, 0, , , , 0.0, 0.0, 36.560636713, -79.196738534, 0.0
37.2, 3, 1476.000, , 2140, 0.0, , 1488.8, 37219, -0.331, 0.558, 0.0, 0.0, 0.0, 0.0, 0.04, , , 40.000, -11.04, 1780000036900, 3276.8, 2.1, 3276.8, 3276.8, 0, , , , 0.0, 0.0, 36.560671831, -79.196749319, 0.0
38.0, 3, 1480.000, , 2098, 0.0, , 1492.8, 37319, -0.278, 0.571, 0.0, 0.0, 0.0, 0.0, 0.02, , , 40.000, -9.27, 1780000037000, 3276.8, 2.1, 3276.8, 3276.8, 0, , , , 0.0, 0.0, 36.560706830, -79.196760682, 0.0
38.7, 3, 1484.000, , 2063, 0.0, , 1496.8, 37419, -0.224, 0.581, 0.0, 0.0, 0.0, 0.0, 0.02, , , 40.000, -7.46, 1780000037100, 3276.8, 2.1, 3276.8, 3276.8, 0, , , , 0.0, 0.0, 36.560741703, -79.196772620, 0.0
39.3, 3, 1488.000, , 2035, 0.0, , 1500.8, 37519, -0.169, 0.589, 0.0, 0.0, 0.0, 0.0, 0.01, , , 40.000, -5.62, 1780000037200, 3276.8, 2.1, 3276.8, 3276.8, 0, , , , 0.0, 0.0, 36.560776445, -79.196785132, 0.0
39.7, 3, 1492.000, , 2016, 0.0, , 1504.8, 37619, -0.113, 0.595, 0.0, 0.0, 0.0, 0.0, 0.00, , , 40.000, -3.76, 1780000037300, 3276.8, 2.1, 3276.8, 3276.8, 0, , , , 0.0, 0.0, 36.560811048, -79.196798216, 0.0
39.9, 3, 1496.000, , 2004, 0.0, , 1508.8, 37719, -0.057, 0.599, 0.0, 0.0, 0.0, 0.0, 0.00, , , 40.000, -1.88, 1780000037400, 3276.8, 2.1, 3276.8, 3276.8, 0, , , , 0.0, 0.0, 36.560845508, -79.196811869, 0.0
40.0, 3, 1500.000, , 2000, 0.0, , 1512.8, 37819, -0.000, 0.600, 0.0, 0.0, 0.0, 0.0, 0.00, , , 40.000, -0.00, 1780000037500, 3276.8, 2.1, 3276.8, 3276.8, 0, , , , 0.0, 0.0, 36.560879817, -79.196826089, 0.0
39.9, 3, 1504.000, , 2004, 0.0, , 1516.8, 37919, 0.057, 0.599, 0.0, 0.0, 0.0, 0.0, 0.00, , , 40.000, 1.88, 1780000037600, 3276.8, 2.1, 3276.8, 3276.8, 0, , , , 0.0, 0.0, 36.560913969, -79.196840873, 0.0
39.7, 3, 1508.000, , 2016, 0.0, , 1520.8, 38019, 0.113, 0.595, 0.0, 0.0, 0.0, 0.0, 0.00, , , 40.000, 3.76, 1780000037700, 3276.8, 2.1, 3276.8, 3276.8, 0, , , , 0.0, 0.0, 36.560947959, -79.196856218, 0.0
39.3, 3, 1512.000, , 2035, 0.0, , 1524.8, 38119, 0.169, 0.589, 0.0, 0.0, 0.0, 0.0, 0.01, , , 40.000, 5.62, 1780000037800, 3276.8, 2.1, 3276.8, 3276.8, 0, , , , 0.0, 0.0, 36.560981781, -79.196872123, 0.0
38.7, 3, 1516.000, , 2063, 0.0, , 1528.8, 38219, 0.224, 0.581, 0.0, 0.0, 0.0, 0.0, 0.02, , , 40.000, 7.46, 1780000037900, 3276.8, 2.1, 3276.8, 3276.8, 0, , , , 0.0, 0.0, 36.561015428, -79.196888583, 0.0
38.0, 3, 1520.000, , 2098, 0.0, , 1532.8, 38319, 0.278, 0.571, 0.0, 0.0, 0.0, 0.0, 0.02, , , 40.000, 9.27, 1780000038000, 3276.8, 2.1, 3276.8, 3276.8, 0, , , , 0.0, 0.0, 36.561048894, -79.196905597, 0.0
37.2, 3, 1524.000, , 2140, 0.0, , 1536.8, 38419, 0.331, 0.558, 0.0, 0.0, 0.0, 0.0, 0.04, , , 40.000, 11.04, 1780000038100, 3276.8, 2.1, 3276.8, 3276.8, 0, , , , 0.0, 0.0, 36.561082174, -79.196923161, 0.0
36.2, 3, 1528.000, , 2190, 0.0, , 1540.8, 38519, 0.383, 0.543, 0.0, 0.0, 0.0, 0.0, 0.05, , , 40.000, 12.77, 1780000038200, 3276.8, 2.1, 3276.8, 3276.8, 0, , , , 0.0, 0.0, 36.561115262, -79.196941271, 0.0
35.1, 3, 1532.000, , 2247, 0.0, , 1544.8, 38619, 0.434, 0.526, 0.0, 0.0, 0.0, 0.0, 0.06, , , 40.000, 14.45, 1780000038300, 3276.8, 2.1, 3276.8, 3276.8, 0, , , , 0.0, 0.0, 36.561148151, -79.196959926, 0.0
33.8, 3, 1536.000, , 2311, 0.0, , 1548.8, 38719, 0.482, 0.507, 0.0, 0.0, 0.0, 0.0, 0.08, , , 40.000, 16.07, 1780000038400, 3276.8, 2.1, 3276.8, 3276.8, 0, , , , 0.0, 0.0, 36.561180836, -79.196979121, 0.0
32.4, 3, 1540.000, , 2382, 0.0, , 1552.8, 38819, 0.529, 0.485, 0.0, 0.0, 0.0, 0.0, 0.10, , , 40.000, 17.63, 1780000038500, 3276.8, 2.1, 3276.8, 3276.8, 0, , , , 0.0, 0.0, 36.561213312, -79.196998853, 0.0
30.8, 3, 1544.000, , 2459, 0.0, , 1556.8, 38919, 0.574, 0.462, 0.0, 0.0, 0.0, 0.0, 0.11, , , 40.000, 19.12, 1780000038600, 3276.8, 2.1, 3276.8, 3276.8, 0, , , , 0.0, 0.0, 36.561245571, -79.197019118, 0.0
29.2, 3, 1548.000, , 2542, 0.0, , 1560.8, 39019, 0.616, 0.437, 0.0, 0.0, 0.0, 0.0, 0.14, , , 40.000, 20.54, 1780000038700, 3276.8, 2.1, 3276.8, 3276.8, 0, , , , 0.0, 0.0, 36.561277609, -79.197039914, 0.0
27.4, 3, 1552.000, , 2631, 0.0, , 1564.8, 39119, 0.656, 0.411, 0.0, 0.0, 0.0, 0.0, 0.16, , , 40.000, 21.87, 1780000038800, 3276.8, 2.1, 3276.8, 3276.8, 0, , , , 0.0, 0.0, 36.561309421, -79.197061235, 0.0
25.5, 3, 1556.000, , 2725, 0.0, , 1568.8, 39219, 0.693, 0.382, 0.0, 0.0, 0.0, 0.0, 0.18, , , 40.000, 23.12, 1780000038900, 3276.8, 2.1, 3276.8, 3276.8, 0, , , , 0.0, 0.0, 36.561340999, -79.197083079, 0.0
23.5, 3, 1560.000, , 2824, 0.0, , 1572.8, 39319, 0.728, 0.353, 0.0, 0.0, 0.0, 0.0, 0.21, , , 40.000, 24.27, 1780000039000, 3276.8, 2.1, 3276.8, 3276.8, 0, , , , 0.0, 0.0, 36.561372339, -79.197105442, 0.0
21.4, 3, 1564.000, , 2928, 0.0, , 1576.8, 39419, 0.760, 0.321, 0.0, 0.0, 0.0, 0.0, 0.23, , , 40.000, 25.33, 1780000039100, 3276.8, 2.1, 3276.8, 3276.8, 0, , , , 0.0, 0.0, 36.561403435, -79.197128319, 0.0
19.3, 3, 1568.000, , 3036, 0.0, , 1580.8, 39519, 0.789, 0.289, 0.0, 0.0, 0.0, 0.0, 0.26, , , 40.000, 26.29, 1780000039200, 3276.8, 2.1, 3276.8, 3276.8, 0, , , , 0.0, 0.0, 36.561434281, -79.197151707, 0.0
17.0, 3, 1572.000, , 3148, 0.0, , 1584.8, 39619, 0.814, 0.255, 0.0, 0.0, 0.0, 0.0, 0.29, , , 40.000, 27.14, 1780000039300, 3276.8, 2.1, 3276.8, 3276.8, 0, , , , 0.0, 0.0, 36.561464872, -79.197175601, 0.0
14.7, 3, 1576.000, , 3264, 0.0, , 1588.8, 39719, 0.837, 0.221, 0.0, 0.0, 0.0, 0.0, 0.32, , , 40.000, 27.89, 1780000039400, 3276.8, 2.1, 3276.8, 3276.8, 0, , , , 0.0, 0.0, 36.561495203, -79.197199997, 0.0
12.4, 3, 1580.000, , 3382, 0.0, , 1592.8, 39819, 0.856, 0.185, 0.0, 0.0, 0.0, 0.0, 0.35, , , 40.000, 28.53, 1780000039500, 3276.8, 2.1, 3276.8, 3276.8, 0, , , , 0.0, 0.0, 36.561525269, -79.197224891, 0.0
9.9, 3, 1584.000, , 3503, 0.0, , 1596.8, 39919, 0.872, 0.149, 0.0, 0.0, 0.0, 0.0, 0.38, , , 40.000, 29.06, 1780000039600, 3276.8, 2.1, 3276.8, 3276.8, 0, , , , 0.0, 0.0, 36.561555063, -79.197250279, 0.0
7.5, 3, 1588.000, , 3625, 0.0, , 1600.8, 40019, 0.884, 0.112, 0.0, 0.0, 0.0, 0.0, 0.41, , , 40.000, 29.47, 1780000039700, 3276.8, 2.1, 3276.8, 3276.8, 0, , , , 0.0, 0.0, 36.561584580, -79.197276155, 0.0
5.0, 3, 1592.000, , 3749, 0.0, , 1604.8, 40119, 0.893, 0.075, 0.0, 0.0, 0.0, 0.0, 0.44, , , 40.000, 29.76, 1780000039800, 3276.8, 2.1, 3276.8, 3276.8, 0, , , , 0.0, 0.0, 36.561613816, -79.197302515, 0.0
2.5, 3, 1596.000, , 3874, 0.0, , 1608.8, 40219, 0.898, 0.038, 0.0, 0.0, 0.0, 0.0, 0.47, , , 40.000, 29.94, 1780000039900, 3276.8, 2.1, 3276.8, 3276.8, 0, , , , 0.0, 0.0, 36.561642765, -79.197329355, 0.0
0.0, 3, 1600.000, , 4000, 0.0, , 1612.8, 40319, 0.900, 0.000, 0.0, 0.0, 0.0, 0.0, 0.50, , , 40.000, 30.00, 1780000040000, 3276.8, 2.1, 3276.8, 3276.8, 0, , , , 0.0, 0.0, 36.561671422, -79.197356670, 0.0
0.0, 4, 1604.000, , 4126, 0.0, , 1616.8, 40419, 0.898, -0.038, 0.0, 0.0, 0.0, 0.0, 0.53, , , 40.000, 29.94, 1780000040100, 3276.8, 2.1, 3276.8, 3276.8, 0, , , , 0.0, 0.0, 36.561699782, -79.197384454, 0.0
0.0, 4, 1608.000, , 4251, 0.0, , 1620.8, 40519, 0.893, -0.075, 0.0, 0.0, 0.0, 0.0, 0.56, , , 40.000, 29.76, 1780000040200, 3276.8, 2.1, 3276.8, 3276.8, 0, , , , 0.0, 0.0, 36.561727840, -79.197412704, 0.0
0.0, 4, 1612.000, , 4375, 0.0, , 1624.8, 40619, 0.884, -0.112, 0.0, 0.0, 0.0, 0.0, 0.59, , , 40.000, 29.47, 1780000040300, 3276.8, 2.1, 3276.8, 3276.8, 0, , , , 0.0, 0.0, 36.561755590, -79.197441414, 0.0
0.0, 4, 1616.000, , 4497, 0.0, , 1628.8, 40719, 0.872, -0.149, 0.0, 0.0, 0.0, 0.0, 0.62, , , 40.000, 29.06, 1780000040400, 3276.8, 2.1, 3276.8, 3276.8, 0, , , , 0.0, 0.0, 36.561783029, -79.197470578, 0.0
0.0, 4, 1620.000, , 4618, 0.0, , 1632.8, 40819, 0.856, -0.185, 0.0, 0.0, 0.0, 0.0, 0.65, , , 40.000, 28.53, 1780000040500, 3276.8, 2.1, 3276.8, 3276.8, 0, , , , 0.0, 0.0, 36.561810150, -79.197500192, 0.0
0.0, 4, 1624.000, , 4736, 0.0, , 1636.8, 40919, 0.837, -0.221, 0.0, 0.0, 0.0, 0.0, 0.68, , , 40.000, 27.89, 1780000040600, 3276.8, 2.1, 3276.8, 3276.8, 0, , , , 0.0, 0.0, 36.561836950, -79.197530251, 0.0
0.0, 4, 1628.000, , 4852, 0.0, , 1640.8, 41019, 0.814, -0.255, 0.0, 0.0, 0.0, 0.0, 0.71, , , 40.000, 27.14, 1780000040700, 3276.8, 2.1, 3276.8, 3276.8, 0, , , , 0.0, 0.0, 36.561863423, -79.197560748, 0.0
0.0, 4, 1632.000, , 4964, 0.0, , 1644.8, 41119, 0.789, -0.289, 0.0, 0.0, 0.0, 0.0, 0.74, , , 40.000, 26.29, 1780000040800, 3276.8, 2.1, 3276.8, 3276.8, 0, , , , 0.0, 0.0, 36.561889564, -79.197591679, 0.0
0.0, 4, 1636.000, , 5072, 0.0, , 1648.8, 41219, 0.760, -0.321, 0.0, 0.0, 0.0, 0.0, 0.77, , , 40.000, 25.33, 1780000040900, 3276.8, 2.1, 3276.8, 3276.8, 0, , , , 0.0, 0.0, 36.561915370, -79.197623039, 0.0
0.0, 4, 1640.000, , 5176, 0.0, , 1652.8, 41319, 0.728, -0.353, 0.0, 0.0, 0.0, 0.0, 0.79, , , 40.000, 24.27, 1780000041000, 3276.8, 2.1, 3276.8, 3276.8, 0, , , , 0.0, 0.0, 36.561940836, -79.197654821, 0.0
0.0, 4, 1644.000, , 5275, 0.0, , 1656.8, 41419, 0.693, -0.382, 0.0, 0.0, 0.0, 0.0, 0.82, , , 40.000, 23.12, 1780000041100, 3276.8, 2.1, 3276.8, 3276.8, 0, , , , 0.0, 0.0, 36.561965956, -79.197687019, 0.0
0.0, 4, 1648.000, , 5369, 0.0, , 1660.8, 41519, 0.656, -0.411, 0.0, 0.0, 0.0, 0.0, 0.84, , , 40.000, 21.87, 1780000041200, 3276.8, 2.1, 3276.8, 3276.8, 0, , , , 0.0, 0.0, 36.561990727, -79.197719629, 0.0
0.0, 4, 1652.000, , 5458, 0.0, , 1664.8, 41619, 0.616, -0.437, 0.0, 0.0, 0.0, 0.0, 0.86, , , 40.000, 20.54, 1780000041300, 3276.8, 2.1, 3276.8, 3276.8, 0, , , , 0.0, 0.0, 36.562015144, -79.197752645, 0.0
0.0, 4, 1656.000, , 5541, 0.0, , 1668.8, 41719, 0.574, -0.462, 0.0, 0.0, 0.0, 0.0, 0.89, , , 40.000, 19.12, 1780000041400, 3276.8, 2.1, 3276.8, 3276.8, 0, , , , 0.0, 0.0, 36.562039202, -79.197786060, 0.0
0.0, 4, 1660.000, , 5618, 0.0, , 1672.8, 41819, 0.529, -0.485, 0.0, 0.0, 0.0, 0.0, 0.90, , , 40.000, 17.63, 1780000041500, 3276.8, 2.1, 3276.8, 3276.8, 0, , , , 0.0, 0.0, 36.562062899, -79.197819868, 0.0
0.0, 4, 1664.000, , 5689, 0.0, , 1676.8, 41919, 0.482, -0.507, 0.0, 0.0, 0.0, 0.0, 0.92, , , 40.000, 16.07, 1780000041600, 3276.8, 2.1, 3276.8, 3276.8, 0, , , , 0.0, 0.0, 36.562086228, -79.197854064, 0.0
0.0, 4, 1668.000, , 5753, 0.0, , 1680.8, 42019, 0.434, -0.526, 0.0, 0.0, 0.0, 0.0, 0.94, , , 40.000, 14.45, 1780000041700, 3276.8, 2.1, 3276.8, 3276.8, 0, , , , 0.0, 0.0, 36.562109186, -79.197888642, 0.0
0.0, 4, 1672.000, , 5810, 0.0, , 1684.8, 42119, 0.383, -0.543, 0.0, 0.0, 0.0, 0.0, 0.95, , , 40.000, 12.77, 1780000041800, 3276.8, 2.1, 3276.8, 3276.8, 0, , , , 0.0, 0.0, 36.562131770, -79.197923595, 0.0
0.0, 4, 1676.000, , 5860, 0.0, , 1688.8, 42219, 0.331, -0.558, 0.0, 0.0, 0.0, 0.0, 0.96, , , 40.000, 11.04, 1780000041900, 3276.8, 2.1, 3276.8, 3276.8, 0, , , , 0.0, 0.0, 36.562153975, -79.197958917, 0.0
0.0, 4, 1680.000, , 5902, 0.0, , 1692.8, 42319, 0.278, -0.571, 0.0, 0.0, 0.0, 0.0, 0.98, , , 40.000, 9.27, 1780000042000, 3276.8, 2.1, 3276.8, 3276.8, 0, , , , 0.0, 0.0, 36.562175796, -79.197994602, 0.0
0.0, 4, 1684.000, , 5937, 0.0, , 1696.8, 42419, 0.224, -0.581, 0.0, 0.0, 0.0, 0.0, 0.98, , , 40.000, 7.46, 1780000042100, 3276.8, 2.1, 3276.8, 3276.8, 0, , , , 0.0, 0.0, 36.562197231, -79.198030643, 0.0
0.0, 4, 1688.000, , 5965, 0.0, , 1700.8, 42519, 0.169, -0.589, 0.0, 0.0, 0.0, 0.0, 0.99, , , 40.000, 5.62, 1780000042200, 3276.8, 2.1, 3276.8, 3276.8, 0, , , , 0.0, 0.0, 36.562218275, -79.198067035, 0.0
0.0, 4, 1692.000, , 5984, 0.0, , 1704.8, 42619, 0.113, -0.595, 0.0, 0.0, 0.0, 0.0, 1.00, , , 40.000, 3.76, 1780000042300, 3276.8, 2.1, 3276.8, 3276.8, 0, , , , 0.0, 0.0, 36.562238925, -79.198103770, 0.0
0.0, 4, 1696.000, , 5996, 0.0, , 1708.8, 42719, 0.057, -0.599, 0.0, 0.0, 0.0, 0.0, 1.00, , , 40.000, 1.88, 1780000042400, 3276.8, 2.1, 3276.8, 3276.8, 0, , , , 0.0, 0.0, 36.562259177, -79.198140842, 0.0
0.0, 4, 1700.000, , 6000, 0.0, , 1712.8, 42819, -0.000, -0.600, 0.0, 0.0, 0.0, 0.0, 1.00, , , 40.000, -0.00, 1780000042500, 3276.8, 2.1, 3276.8, 3276.8, 0, , , , 0.0, 0.0, 36.562279028, -79.198178245, 0.0
0.0, 4, 1704.000, , 5996, 0.0, , 1716.8, 42919, -0.057, -0.599, 0.0, 0.0, 0.0, 0.0, 1.00, , , 40.000, -1.88, 1780000042600, 3276.8, 2.1, 3276.8, 3276.8, 0, , , , 0.0, 0.0, 36.562298473, -79.198215972, 0.0
0.0, 4, 1708.000, , 5984, 0.0, , 1720.8, 43019, -0.113, -0.595, 0.0, 0.0, 0.0, 0.0, 1.00, , , 40.000, -3.76, 1780000042700, 3276.8, 2.1, 3276.8, 3276.8, 0, , , , 0.0, 0.0, 36.562317509, -79.198254015, 0.0
0.0, 4, 1712.000, , 5965, 0.0, , 1724.8, 43119, -0.169, -0.589, 0.0, 0.0, 0.0, 0.0, 0.99, , , 40.000, -5.62, 1780000042800, 3276.8, 2.1, 3276.8, 3276.8, 0, , , , 0.0, 0.0, 36.562336134, -79.198292370, 0.0
0.0, 4, 1716.000, , 5937, 0.0, , 1728.8, 43219, -0.224, -0.581, 0.0, 0.0, 0.0, 0.0, 0.98, , , 40.000, -7.46, 1780000042900, 3276.8, 2.1, 3276.8, 3276.8, 0, , , , 0.0, 0.0, 36.562354343, -79.198331027, 0.0
0.0, 4, 1720.000, , 5902, 0.0, , 1732.8, 43319, -0.278, -0.571, 0.0, 0.0, 0.0, 0.0, 0.98, , , 40.000, -9.27, 1780000043000, 3276.8, 2.1, 3276.8, 3276.8, 0, , , , 0.0, 0.0, 36.562372134, -79.198369982, 0.0
0.0, 4, 1724.000, , 5860, 0.0, , 1736.8, 43419, -0.331, -0.558, 0.0, 0.0, 0.0, 0.0, 0.96, , , 40.000, -11.04, 1780000043100, 3276.8, 2.1, 3276.8, 3276.8, 0, , , , 0.0, 0.0, 36.562389502, -79.198409226, 0.0
0.0, 4, 1728.000, , 5810, 0.0, , 1740.8, 43519, -0.383, -0.543, 0.0, 0.0, 0.0, 0.0, 0.95, , , 40.000, -12.77, 1780000043200, 3276.8, 2.1, 3276.8, 3276.8, 0, , , , 0.0, 0.0, 36.562406447, -79.198448753, 0.0
0.0, 4, 1732.000, , 5753, 0.0, , 1744.8, 43619, -0.434, -0.526, 0.0, 0.0, 0.0, 0.0, 0.94, , , 40.000, -14.45, 1780000043300, 3276.8, 2.1, 3276.8, 3276.8, 0, , , , 0.0, 0.0, 36.562422963, -79.198488556, 0.0
0.0, 4, 1736.000, , 5689, 0.0, , 1748.8, 43719, -0.482, -0.507, 0.0, 0.0, 0.0, 0.0, 0.92, , , 40.000, -16.07, 1780000043400, 3276.8, 2.1, 3276.8, 3276.8, 0, , , , 0.0, 0.0, 36.562439049, -79.198528627, 0.0
0.0, 4, 1740.000, , 5618, 0.0, , 1752.8, 43819, -0.529, -0.485, 0.0, 0.0, 0.0, 0.0, 0.90, , , 40.000, -17.63, 1780000043500, 3276.8, 2.1, 3276.8, 3276.8, 0, , , , 0.0, 0.0, 36.562454701, -79.198568960, 0.0
0.0, 4, 1744.000, , 5541, 0.0, , 1756.8, 43919, -0.574, -0.462, 0.0, 0.0, 0.0, 0.0, 0.89, , , 40.000, -19.12, 1780000043600, 3276.8, 2.1, 3276.8, 3276.8, 0, , , , 0.0, 0.0, 36.562469916, -79.198609548, 0.0
0.0, 4, 1748.000, , 5458, 0.0, , 1760.8, 44019, -0.616, -0.437, 0.0, 0.0, 0.0, 0.0, 0.86, , , 40.000, -20.54, 1780000043700, 3276.8, 2.1, 3276.8, 3276.8, 0, , , , 0.0, 0.0, 36.562484693, -79.198650382, 0.0
0.0, 4, 1752.000, , 5369, 0.0, , 1764.8, 44119, -0.656, -0.411, 0.0, 0.0, 0.0, 0.0, 0.84, , , 40.000, -21.87, 1780000043800, 3276.8, 2.1, 3276.8, 3276.8, 0, , , , 0.0, 0.0, 36.562499028, -79.198691457, 0.0
0.0, 4, 1756.000, , 5275, 0.0, , 1768.8, 44219, -0.693, -0.382, 0.0, 0.0, 0.0, 0.0, 0.82, , , 40.000, -23.12, 1780000043900, 3276.8, 2.1, 3276.8, 3276.8, 0, , , , 0.0, 0.0, 36.562512918, -79.198732764, 0.0
0.0, 4, 1760.000, , 5176, 0.0, , 1772.8, 44319, -0.728, -0.353, 0.0, 0.0, 0.0, 0.0, 0.79, , , 40.000, -24.27, 1780000044000, 3276.8, 2.1, 3276.8, 3276.8, 0, , , , 0.0, 0.0, 36.562526362, -79.198774297, 0.0
0.0, 4, 1764.000, , 5072, 0.0, , 1776.8, 44419, -0.760, -0.321, 0.0, 0.0, 0.0, 0.0, 0.77, , , 40.000, -25.33, 1780000044100, 3276.8, 2.1, 3276.8, 3276.8, 0, , , , 0.0, 0.0, 36.562539357, -79.198816047, 0.0
0.0, 4, 1768.000, , 4964, 0.0, , 1780.8, 44519, -0.789, -0.289, 0.0, 0.0, 0.0, 0.0, 0.74, , , 40.000, -26.29, 1780000044200, 3276.8, 2.1, 3276.8, 3276.8, 0, , , , 0.0, 0.0, 36.562551900, -79.198858008, 0.0
0.0, 4, 1772.000, , 4852, 0.0, , 1784.8, 44619, -0.814, -0.255, 0.0, 0.0, 0.0, 0.0, 0.71, , , 40.000, -27.14, 1780000044300, 3276.8, 2.1, 3276.8, 3276.8, 0, , , , 0.0, 0.0, 36.562563989, -79.198900172, 0.0
0.0, 4, 1776.000, , 4736, 0.0, , 1788.8, 44719, -0.837, -0.221, 0.0, 0.0, 0.0, 0.0, 0.68, , , 40.000, -27.89, 1780000044400, 3276.8, 2.1, 3276.8, 3276.8, 0, , , , 0.0, 0.0, 36.562575623, -79.198942531, 0.0
0.0, 4, 1780.000, , 4618, 0.0, , 1792.8, 44819, -0.856, -0.185, 0.0, 0.0, 0.0, 0.0, 0.65, , , 40.000, -28.53, 1780000044500, 3276.8, 2.1, 3276.8, 3276.8, 0, , , , 0.0, 0.0, 36.562586799, -79.198985079, 0.0
0.0, 4, 1784.000, , 4497, 0.0, , 1796.8, 44919, -0.872, -0.149, 0.0, 0.0, 0.0, 0.0, 0.62, , , 40.000, -29.06, 1780000044600, 3276.8, 2.1, 3276.8, 3276.8, 0, , , , 0.0, 0.0, 36.562597515, -79.199027807, 0.0
0.0, 4, 1788.000, , 4375, 0.0, , 1800.8, 45019, -0.884, -0.112, 0.0, 0.0, 0.0, 0.0, 0.59, , , 40.000, -29.47, 1780000044700, 3276.8, 2.1, 3276.8, 3276.8, 0, , , , 0.0, 0.0, 36.562607769, -79.199070707, 0.0
0.0, 4, 1792.000, , 4251, 0.0, , 1804.8, 45119, -0.893, -0.075, 0.0, 0.0, 0.0, 0.0, 0.56, , , 40.000, -29.76, 1780000044800, 3276.8, 2.1, 3276.8, 3276.8, 0, , , , 0.0, 0.0, 36.562617560, -79.199113773, 0.0
0.0, 4, 1796.000, , 4126, 0.0, , 1808.8, 45219, -0.898, -0.038, 0.0, 0.0, 0.0, 0.0, 0.53, , , 40.000, -29.94, 1780000044900, 3276.8, 2.1, 3276.8, 3276.8, 0, , , , 0.0, 0.0, 36.562626885, -79.199156997, 0.0
0.0, 4, 1800.000, , 4000, 0.0, , 1812.8, 45319, -0.900, -0.000, 0.0, 0.0, 0.0, 0.0, 0.50, , , 40.000, -30.00, 1780000045000, 3276.8, 2.1, 3276.8, 3276.8, 0, , , , 0.0, 0.0, 36.562635744, -79.199200370, 0.0
2.5, 3, 1804.000, , 3874, 0.0, , 1816.8, 45419, -0.898, 0.038, 0.0, 0.0, 0.0, 0.0, 0.47, , , 40.000, -29.94, 1780000045100, 3276.8, 2.1, 3276.8, 3276.8, 0, , , , 0.0, 0.0, 36.562644133, -79.199243885, 0.0
5.0, 3, 1808.000, , 3749, 0.0, , 1820.8, 45519, -0.893, 0.075, 0.0, 0.0, 0.0, 0.0, 0.44, , , 40.000, -29.76, 1780000045200, 3276.8, 2.1, 3276.8, 3276.8, 0, , , , 0.0, 0.0, 36.562652053, -79.199287535, 0.0
7.5, 3, 1812.000, , 3625, 0.0, , 1824.8, 45619, -0.884, 0.112, 0.0, 0.0, 0.0, 0.0, 0.41, , , 40.000, -29.47, 1780000045300, 3276.8, 2.1, 3276.8, 3276.8, 0, , , , 0.0, 0.0, 36.562659501, -79.199331312, 0.0
9.9, 3, 1816.000, , 3503, 0.0, , 1828.8, 45719, -0.872, 0.149, 0.0, 0.0, 0.0, 0.0, 0.38, , , 40.000, -29.06, 1780000045400, 3276.8, 2.1, 3276.8, 3276.8, 0, , , , 0.0, 0.0, 36.562666477, -79.199375207, 0.0
12.4, 3, 1820.000, , 3382, 0.0, , 1832.8, 45819, -0.856, 0.185, 0.0, 0.0, 0.0, 0.0, 0.35, , , 40.000, -28.53, 1780000045500, 3276.8, 2.1, 3276.8, 3276.8, 0, , , , 0.0, 0.0, 36.562672978, -79.199419214, 0.0
14.7, 3, 1824.000, , 3264, 0.0, , 1836.8, 45919, -0.837, 0.221, 0.0, 0.0, 0.0, 0.0, 0.32, , , 40.000, -27.89, 1780000045600, 3276.8, 2.1, 3276.8, 3276.8, 0, , , , 0.0, 0.0, 36.562679004, -79.199463323, 0.0
17.0, 3, 1828.000, , 3148, 0.0, , 1840.8, 46019, -0.814, 0.255, 0.0, 0.0, 0.0, 0.0, 0.29, , , 40.000, -27.14, 1780000045700, 3276.8, 2.1, 3276.8, 3276.8, 0, , , , 0.0, 0.0, 36.562684554, -79.199507528, 0.0
19.3, 3, 1832.000, , 3036, 0.0, , 1844.8, 46119, -0.789, 0.289, 0.0, 0.0, 0.0, 0.0, 0.26, , , 40.000, -26.29, 1780000045800, 3276.8, 2.1, 3276.8, 3276.8, 0, , , , 0.0, 0.0, 36.562689627, -79.199551821, 0.0
21.4, 3, 1836.000, , 2928, 0.0, , 1848.8, 46219, -0.760, 0.321, 0.0, 0.0, 0.0, 0.0, 0.23, , , 40.000, -25.33, 1780000045900, 3276.8, 2.1, 3276.8, 3276.8, 0, , , , 0.0, 0.0, 36.562694222, -79.199596193, 0.0
23.5, 3, 1840.000, , 2824, 0.0, , 1852.8, 46319, -0.728, 0.353, 0.0, 0.0, 0.0, 0.0, 0.21, , , 40.000, -24.27, 1780000046000, 3276.8, 2.1, 3276.8, 3276.8, 0, , , , 0.0, 0.0, 36.562698337, -79.199640638, 0.0
25.5, 3, 1844.000, , 2725, 0.0, , 1856.8, 46419, -0.693, 0.382, 0.0, 0.0, 0.0, 0.0, 0.18, , , 40.000, -23.12, 1780000046100, 3276.8, 2.1, 3276.8, 3276.8, 0, , , , 0.0, 0.0, 36.562701973, -79.199685146, 0.0
27.4, 3, 1848.000, , 2631, 0.0, , 1860.8, 46519, -0.656, 0.411, 0.0, 0.0, 0.0, 0.0, 0.16, , , 40.000, -21.87, 1780000046200, 3276.8, 2.1, 3276.8, 3276.8, 0, , , , 0.0, 0.0, 36.562705129, -79.199729710, 0.0
29.2, 3, 1852.000, , 2542, 0.0, , 1864.8, 46619, -0.616, 0.437, 0.0, 0.0, 0.0, 0.0, 0.14, , , 40.000, -20.54, 1780000046300, 3276.8, 2.1, 3276.8, 3276.8, 0, , , , 0.0, 0.0, 36.562707803, -79.199774322, 0.0
30.8, 3, 1856.000, , 2459, 0.0, , 1868.8, 46719, -0.574, 0.462, 0.0, 0.0, 0.0, 0.0, 0.11, , , 40.000, -19.12, 1780000046400, 3276.8, 2.1, 3276.8, 3276.8, 0, , , , 0.0, 0.0, 36.562709996, -79.199818974, 0.0
32.4, 3, 1860.000, , 2382, 0.0, , 1872.8, 46819, -0.529, 0.485, 0.0, 0.0, 0.0, 0.0, 0.10, , , 40.000, -17.63, 1780000046500, 3276.8, 2.1, 3276.8, 3276.8, 0, , , , 0.0, 0.0, 36.562711708, -79.199863658, 0.0
33.8, 3, 1864.000, , 2311, 0.0, , 1876.8, 46919, -0.482, 0.507, 0.0, 0.0, 0.0, 0.0, 0.08, , , 40.000, -16.07, 1780000046600, 3276.8, 2.1, 3276.8, 3276.8, 0, , , , 0.0, 0.0, 36.562712937, -79.199908367, 0.0
35.1, 3, 1868.000, , 2247, 0.0, , 1880.8, 47019, -0.434, 0.526, 0.0, 0.0, 0.0, 0.0, 0.06, , , 40.000, -14.45, 1780000046700, 3276.8, 2.1, 3276.8, 3276.8, 0, , , , 0.0, 0.0, 36.562713684, -79.199953092, 0.0
36.2, 3, 1872.000, , 2190, 0.0, , 1884.8, 47119, -0.383, 0.543, 0.0, 0.0, 0.0, 0.0, 0.05, , , 40.000, -12.77, 1780000046800, 3276.8, 2.1, 3276.8, 3276.8, 0, , , , 0.0, 0.0, 36.562713949, -79.199997825, 0.0
37.2, 3, 1876.000, , 2140, 0.0, , 3.8, 95, -0.331, 0.558, 0.0, 0.0, 0.0, 0.0, 0.04, , , 40.000, -11.04, 1780000046900, 3276.8, 2.1, 3276.8, 3276.8, 0, , , , 0.0, 0.0, 36.562713731, -79.200042558, 0.0
38.0, 3, 1880.000, , 2098, 0.0, , 7.8, 195, -0.278, 0.571, 0.0, 0.0, 0.0, 0.0, 0.02, , , 40.000, -9.27, 1780000047000, 3276.8, 2.1, 3276.8, 3276.8, 0, , , , 0.0, 0.0, 36.562713031, -79.200087285, 0.0
38.7, 3, 1884.000, , 2063, 0.0, , 11.8, 295, -0.224, 0.581, 0.0, 0.0, 0.0, 0.0, 0.02, , , 40.000, -7.46, 1780000047100, 3276.8, 2.1, 3276.8, 3276.8, 0, , , , 0.0, 0.0, 36.562711849, -79.200131995, 0.0
39.3, 3, 1888.000, , 2035, 0.0, , 15.8, 395, -0.169, 0.589, 0.0, 0.0, 0.0, 0.0, 0.01, , , 40.000, -5.62, 1780000047200, 3276.8, 2.1, 3276.8, 3276.8, 0, , , , 0.0, 0.0, 36.562710184, -79.200176682, 0.0
39.7, 3, 1892.000, , 2016, 0.0, , 19.8, 495, -0.113, 0.595, 0.0, 0.0, 0.0, 0.0, 0.00, , , 40.000, -3.76, 1780000047300, 3276.8, 2.1, 3276.8, 3276.8, 0, , , , 0.0, 0.0, 36.562708038, -79.200221338, 0.0
39.9, 3, 1896.000, , 2004, 0.0, , 23.8, 595, -0.057, 0.599, 0.0, 0.0, 0.0, 0.0, 0.00, , , 40.000, -1.88, 1780000047400, 3276.8, 2.1, 3276.8, 3276.8, 0, , , , 0.0, 0.0, 36.562705410, -79.200265954, 0.0
40.0, 3, 1900.000, , 2000, 0.0, , 27.8, 695, 0.000, 0.600, 0.0, 0.0, 0.0, 0.0, 0.00, , , 40.000, 0.00, 1780000047500, 3276.8, 2.1, 3276.8, 3276.8, 0, , , , 0.0, 0.0, 36.562702301, -79.200310523, 0.0
39.9, 3, 1904.000, , 2004, 0.0, , 31.8, 795, 0.057, 0.599, 0.0, 0.0, 0.0, 0.0, 0.00, , , 40.000, 1.88, 1780000047600, 3276.8, 2.1, 3276.8, 3276.8, 0, , , , 0.0, 0.0, 36.562698712, -79.200355037, 0.0
39.7, 3, 1908.000, , 2016, 0.0, , 35.8, 895, 0.113, 0.595, 0.0, 0.0, 0.0, 0.0, 0.00, , , 40.000, 3.76, 1780000047700, 3276.8, 2.1, 3276.8, 3276.8, 0, , , , 0.0, 0.0, 36.562694643, -79.200399488, 0.0
39.3, 3, 1912.000, , 2035, 0.0, , 39.8, 995, 0.169, 0.589, 0.0, 0.0, 0.0, 0.0, 0.01, , , 40.000, 5.62, 1780000047800, 3276.8, 2.1, 3276.8, 3276.8, 0, , , , 0.0, 0.0, 36.562690095, -79.200443867, 0.0
38.7, 3, 1916.000, , 2063, 0.0, , 43.8, 1095, 0.224, 0.581, 0.0, 0.0, 0.0, 0.0, 0.02, , , 40.000, 7.46, 1780000047900, 3276.8, 2.1, 3276.8, 3276.8, 0, , , , 0.0, 0.0, 36.562685069, -79.200488168, 0.0
38.0, 3, 1920.000, , 2098, 0.0, , 47.8, 1195, 0.278, 0.571, 0.0, 0.0, 0.0, 0.0, 0.02, , , 40.000, 9.27, 1780000048000, 3276.8, 2.1, 3276.8, 3276.8, 0, , , , 0.0, 0.0, 36.562679565, -79.200532382, 0.0
37.2, 3, 1924.000, , 2140, 0.0, , 51.8, 1295, 0.331, 0.558, 0.0, 0.0, 0.0, 0.0, 0.04, , , 40.000, 11.04, 1780000048100, 3276.8, 2.1, 3276.8, 3276.8, 0, , , , 0.0, 0.0, 36.562673585, -79.200576501, 0.0
36.2, 3, 1928.000, , 2190, 0.0, , 55.8, 1395, 0.383, 0.543, 0.0, 0.0, 0.0, 0.0, 0.05, , , 40.000, 12.77, 1780000048200, 3276.8, 2.1, 3276.8, 3276.8, 0, , , , 0.0, 0.0, 36.562667130, -79.200620518, 0.0
35.1, 3, 1932.000, , 2247, 0.0, , 59.8, 1495, 0.434, 0.526, 0.0, 0.0, 0.0, 0.0, 0.06, , , 40.000, 14.45, 1780000048300, 3276.8, 2.1, 3276.8, 3276.8, 0, , , , 0.0, 0.0, 36.562660200, -79.200664425, 0.0
33.8, 3, 1936.000, , 2311, 0.0, , 63.8, 1595, 0.482, 0.507, 0.0, 0.0, 0.0, 0.0, 0.08, , , 40.000, 16.07, 1780000048400, 3276.8, 2.1, 3276.8, 3276.8, 0, , , , 0.0, 0.0, 36.562652798, -79.200708213, 0.0
32.4, 3, 1940.000, , 2382, 0.0, , 67.8, 1695, 0.529, 0.485, 0.0, 0.0, 0.0, 0.0, 0.10, , , 40.000, 17.63, 1780000048500, 3276.8, 2.1, 3276.8, 3276.8, 0, , , , 0.0, 0.0, 36.562644924, -79.200751876, 0.0
30.8, 3, 1944.000, , 2459, 0.0, , 71.8, 1795, 0.574, 0.462, 0.0, 0.0, 0.0, 0.0, 0.11, , , 40.000, 19.12, 1780000048600, 3276.8, 2.1, 3276.8, 3276.8, 0, , , , 0.0, 0.0, 36.562636580, -79.200795405, 0.0
29.2, 3, 1948.000, , 2542, 0.0, , 75.8, 1895, 0.616, 0.437, 0.0, 0.0, 0.0, 0.0, 0.14, , , 40.000, 20.54, 1780000048700, 3276.8, 2.1, 3276.8, 3276.8, 0, , , , 0.0, 0.0, 36.562627767, -79.200838792, 0.0
27.4, 3, 1952.000, , 2631, 0.0, , 79.8, 1995, 0.656, 0.411, 0.0, 0.0, 0.0, 0.0, 0.16, , , 40.000, 21.87, 1780000048800, 3276.8, 2.1, 3276.8, 3276.8, 0, , , , 0.0, 0.0, 36.562618487, -79.200882030, 0.0
25.5, 3, 1956.000, , 2725, 0.0, , 83.8, 2095, 0.693, 0.382, 0.0, 0.0, 0.0, 0.0, 0.18, , , 40.000, 23.12, 1780000048900, 3276.8, 2.1, 3276.8, 3276.8, 0, , , , 0.0, 0.0, 36.562608742, -79.200925112, 0.0
23.5, 3, 1960.000, , 2824, 0.0, , 87.8, 2195, 0.728, 0.353, 0.0, 0.0, 0.0, 0.0, 0.21, , , 40.000, 24.27, 1780000049000, 3276.8, 2.1, 3276.8, 3276.8, 0, , , , 0.0, 0.0, 36.562598533, -79.200968029, 0.0
21.4, 3, 1964.000, , 2928, 0.0, , 91.8, 2295, 0.760, 0.321, 0.0, 0.0, 0.0, 0.0, 0.23, , , 40.000, 25.33, 1780000049100, 3276.8, 2.1, 3276.8, 3276.8, 0, , , , 0.0, 0.0, 36.562587861, -79.201010774, 0.0
19.3, 3, 1968.000, , 3036, 0.0, , 95.8, 2395, 0.789, 0.289, 0.0, 0.0, 0.0, 0.0, 0.26, , , 40.000, 26.29, 1780000049200, 3276.8, 2.1, 3276.8, 3276.8, 0, , , , 0.0, 0.0, 36.562576730, -79.201053339, 0.0
17.0, 3, 1972.000, , 3148, 0.0, , 99.8, 2495, 0.814, 0.255, 0.0, 0.0, 0.0, 0.0, 0.29, , , 40.000, 27.14, 1780000049300, 3276.8, 2.1, 3276.8, 3276.8, 0, , , , 0.0, 0.0, 36.562565141, -79.201095717, 0.0
14.7, 3, 1976.000, , 3264, 0.0, , 103.8, 2595, 0.837, 0.221, 0.0, 0.0, 0.0, 0.0, 0.32, , , 40.000, 27.89, 1780000049400, 3276.8, 2.1, 3276.8, 3276.8, 0, , , , 0.0, 0.0, 36.562553095, -79.201137900, 0.0
12.4, 3, 1980.000, , 3382, 0.0, , 107.8, 2695, 0.856, 0.185, 0.0, 0.0, 0.0, 0.0, 0.35, , , 40.000, 28.53, 1780000049500, 3276.8, 2.1, 3276.8, 3276.8, 0, , , , 0.0, 0.0, 36.562540596, -79.201179881, 0.0
9.9, 3, 1984.000, , 3503, 0.0, , 111.8, 2795, 0.872, 0.149, 0.0, 0.0, 0.0, 0.0, 0.38, , , 40.000, 29.06, 1780000049600, 3276.8, 2.1, 3276.8, 3276.8, 0, , , , 0.0, 0.0, 36.562527645, -79.201221653, 0.0
7.5, 3, 1988.000, , 3625, 0.0, , 115.8, 2895, 0.884, 0.112, 0.0, 0.0, 0.0, 0.0, 0.41, , , 40.000, 29.47, 1780000049700, 3276.8, 2.1, 3276.8, 3276.8, 0, , , , 0.0, 0.0, 36.562514245, -79.201263207, 0.0
5.0, 3, 1992.000, , 3749, 0.0, , 119.8, 2995, 0.893, 0.075, 0.0, 0.0, 0.0, 0.0, 0.44, , , 40.000, 29.76, 1780000049800, 3276.8, 2.1, 3276.8, 3276.8, 0, , , , 0.0, 0.0, 36.562500398, -79.201304536, 0.0
2.5, 3, 1996.000, , 3874, 0.0, , 123.8, 3095, 0.898, 0.038, 0.0, 0.0, 0.0, 0.0, 0.47, , , 40.000, 29.94, 1780000049900, 3276.8, 2.1, 3276.8, 3276.8, 0, , , , 0.0, 0.0, 36.562486106, -79.201345634, 0.0
0.0, 3, 2000.000, , 4000, 0.0, , 127.8, 3195, 0.900, 0.000, 0.0, 0.0, 0.0, 0.0, 0.50, , , 40.000, 30.00, 1780000050000, 3276.8, 2.1, 3276.8, 3276.8, 0, , , , 0.0, 0.0, 36.562471372, -79.201386492, 0.0
0.0, 4, 2004.000, , 4126, 0.0, , 131.8, 3295, 0.898, -0.038, 0.0, 0.0, 0.0, 0.0, 0.53, , , 40.000, 29.94, 1780000050100, 3276.8, 2.1, 3276.8, 3276.8, 0, , , , 0.0, 0.0, 36.562456199, -79.201427104, 0.0
0.0, 4, 2008.000, , 4251, 0.0, , 135.8, 3395, 0.893, -0.075, 0.0, 0.0, 0.0, 0.0, 0.56, , , 40.000, 29.76, 1780000050200, 3276.8, 2.1, 3276.8, 3276.8, 0, , , , 0.0, 0.0, 36.562440590, -79.201467462, 0.0
0.0, 4, 2012.000, , 4375, 0.0, , 139.8, 3495, 0.884, -0.112, 0.0, 0.0, 0.0, 0.0, 0.59, , , 40.000, 29.47, 1780000050300, 3276.8, 2.1, 3276.8, 3276.8, 0, , , , 0.0, 0.0, 36.562424546, -79.201507559, 0.0
0.0, 4, 2016.000, , 4497, 0.0, , 143.8, 3595, 0.872, -0.149, 0.0, 0.0, 0.0, 0.0, 0.62, , , 40.000, 29.06, 1780000050400, 3276.8, 2.1, 3276.8, 3276.8, 0, , , , 0.0, 0.0, 36.562408072, -79.201547388, 0.0
0.0, 4, 2020.000, , 4618, 0.0, , 147.8, 3695, 0.856, -0.185, 0.0, 0.0, 0.0, 0.0, 0.65, , , 40.000, 28.53, 1780000050500, 3276.8, 2.1, 3276.8, 3276.8, 0, , , , 0.0, 0.0, 36.562391169, -79.201586943, 0.0
0.0, 4, 2024.000, , 4736, 0.0, , 151.8, 3795, 0.837, -0.221, 0.0, 0.0, 0.0, 0.0, 0.68, , , 40.000, 27.89, 1780000050600, 3276.8, 2.1, 3276.8, 3276.8, 0, , , , 0.0, 0.0, 36.562373841, -79.201626215, 0.0
0.0, 4, 2028.000, , 4852, 0.0, , 155.8, 3895, 0.814, -0.255, 0.0, 0.0, 0.0, 0.0, 0.71, , , 40.000, 27.14, 1780000050700, 3276.8, 2.1, 3276.8, 3276.8, 0, , , , 0.0, 0.0, 36.562356091, -79.201665198, 0.0
0.0, 4, 2032.000, , 4964, 0.0, , 159.8, 3995, 0.789, -0.289, 0.0, 0.0, 0.0, 0.0, 0.74, , , 40.000, 26.29, 1780000050800, 3276.8, 2.1, 3276.8, 3276.8, 0, , , , 0.0, 0.0, 36.562337923, -79.201703884, 0.0
0.0, 4, 2036.000, , 5072, 0.0, , 163.8, 4095, 0.760, -0.321, 0.0, 0.0, 0.0, 0.0, 0.77, , , 40.000, 25.33, 1780000050900, 3276.8, 2.1, 3276.8, 3276.8, 0, , , , 0.0, 0.0, 36.562319338, -79.201742268, 0.0
0.0, 4, 2040.000, , 5176, 0.0, , 167.8, 4195, 0.728, -0.353, 0.0, 0.0, 0.0, 0.0, 0.79, , , 40.000, 24.27, 1780000051000, 3276.8, 2.1, 3276.8, 3276.8, 0, , , , 0.0, 0.0, 36.562300342, -79.201780343, 0.0
0.0, 4, 2044.000, , 5275, 0.0, , 171.8, 4295, 0.693, -0.382, 0.0, 0.0, 0.0, 0.0, 0.82, , , 40.000, 23.12, 1780000051100, 3276.8, 2.1, 3276.8, 3276.8, 0, , , , 0.0, 0.0, 36.562280936, -79.201818100, 0.0
0.0, 4, 2048.000, , 5369, 0.0, , 175.8, 4395, 0.656, -0.411, 0.0, 0.0, 0.0, 0.0, 0.84, , , 40.000, 21.87, 1780000051200, 3276.8, 2.1, 3276.8, 3276.8, 0, , , , 0.0, 0.0, 36.562261125, -79.201855535, 0.0
0.0, 4, 2052.000, , 5458, 0.0, , 179.8, 4495, 0.616, -0.437, 0.0, 0.0, 0.0, 0.0, 0.86, , , 40.000, 20.54, 1780000051300, 3276.8, 2.1, 3276.8, 3276.8, 0, , , , 0.0, 0.0, 36.562240912, -79.201892640, 0.0
0.0, 4, 2056.000, , 5541, 0.0, , 183.8, 4595, 0.574, -0.462, 0.0, 0.0, 0.0, 0.0, 0.89, , , 40.000, 19.12, 1780000051400, 3276.8, 2.1, 3276.8, 3276.8, 0, , , , 0.0, 0.0, 36.562220301, -79.201929408, 0.0
0.0, 4, 2060.000, , 5618, 0.0, , 187.8, 4695, 0.529, -0.485, 0.0, 0.0, 0.0, 0.0, 0.90, , , 40.000, 17.63, 1780000051500, 3276.8, 2.1, 3276.8, 3276.8, 0, , , , 0.0, 0.0, 36.562199295, -79.201965833, 0.0
0.0, 4, 2064.000, , 5689, 0.0, , 191.8, 4795, 0.482, -0.507, 0.0, 0.0, 0.0, 0.0, 0.92, , , 40.000, 16.07, 1780000051600, 3276.8, 2.1, 3276.8, 3276.8, 0, , , , 0.0, 0.0, 36.562177898, -79.202001909, 0.0
0.0, 4, 2068.000, , 5753, 0.0, , 195.8, 4895, 0.434, -0.526, 0.0, 0.0, 0.0, 0.0, 0.94, , , 40.000, 14.45, 1780000051700, 3276.8, 2.1, 3276.8, 3276.8, 0, , , , 0.0, 0.0, 36.562156114, -79.202037629, 0.0
0.0, 4, 2072.000, , 5810, 0.0, , 199.8, 4995, 0.383, -0.543, 0.0, 0.0, 0.0, 0.0, 0.95, , , 40.000, 12.77, 1780000051800, 3276.8, 2.1, 3276.8, 3276.8, 0, , , , 0.0, 0.0, 36.562133946, -79.202072986, 0.0
0.0, 4, 2076.000, , 5860, 0.0, , 203.8, 5095, 0.331, -0.558, 0.0, 0.0, 0.0, 0.0, 0.96, , , 40.000, 11.04, 1780000051900, 3276.8, 2.1, 3276.8, 3276.8, 0, , , , 0.0, 0.0, 36.562111399, -79.202107975, 0.0
0.0, 4, 2080.000, , 5902, 0.0, , 207.8, 5195, 0.278, -0.571, 0.0, 0.0, 0.0, 0.0, 0.98, , , 40.000, 9.27, 1780000052000, 3276.8, 2.1, 3276.8, 3276.8, 0, , , , 0.0, 0.0, 36.562088477, -79.202142590, 0.0
0.0, 4, 2084.000, , 5937, 0.0, , 211.8, 5295, 0.224, -0.581, 0.0, 0.0, 0.0, 0.0, 0.98, , , 40.000, 7.46, 1780000052100, 3276.8, 2.1, 3276.8, 3276.8, 0, , , , 0.0, 0.0, 36.562065183, -79.202176823, 0.0
0.0, 4, 2088.000, , 5965, 0.0, , 215.8, 5395, 0.169, -0.589, 0.0, 0.0, 0.0, 0.0, 0.99, , , 40.000, 5.62, 1780000052200, 3276.8, 2.1, 3276.8, 3276.8, 0, , , , 0.0, 0.0, 36.562041523, -79.202210670, 0.0
0.0, 4, 2092.000, , 5984, 0.0, , 219.8, 5495, 0.113, -0.595, 0.0, 0.0, 0.0, 0.0, 1.00, , , 40.000, 3.76, 1780000052300, 3276.8, 2.1, 3276.8, 3276.8, 0, , , , 0.0, 0.0, 36.562017499, -79.202244123, 0.0
0.0, 4, 2096.000, , 5996, 0.0, , 223.8, 5595, 0.057, -0.599, 0.0, 0.0, 0.0, 0.0, 1.00, , , 40.000, 1.88, 1780000052400, 3276.8, 2.1, 3276.8, 3276.8, 0, , , , 0.0, 0.0, 36.561993117, -79.202277178, 0.0
0.0, 4, 2100.000, , 6000, 0.0, , 227.8, 5695, 0.000, -0.600, 0.0, 0.0, 0.0, 0.0, 1.00, , , 40.000, 0.00, 1780000052500, 3276.8, 2.1, 3276.8, 3276.8, 0, , , , 0.0, 0.0, 36.561968380, -79.202309827, 0.0
0.0, 4, 2104.000, , 5996, 0.0, , 231.8, 5795, -0.057, -0.599, 0.0, 0.0, 0.0, 0.0, 1.00, , , 40.000, -1.88, 1780000052600, 3276.8, 2.1, 3276.8, 3276.8, 0, , , , 0.0, 0.0, 36.561943294, -79.202342066, 0.0
0.0, 4, 2108.000, , 5984, 0.0, , 235.8, 5895, -0.113, -0.595, 0.0, 0.0, 0.0, 0.0, 1.00, , , 40.000, -3.76, 1780000052700, 3276.8, 2.1, 3276.8, 3276.8, 0, , , , 0.0, 0.0, 36.561917862, -79.202373889, 0.0
0.0, 4, 2112.000, , 5965, 0.0, , 239.8, 5995, -0.169, -0.589, 0.0, 0.0, 0.0, 0.0, 0.99, , , 40.000, -5.62, 1780000052800, 3276.8, 2.1, 3276.8, 3276.8, 0, , , , 0.0, 0.0, 36.561892089, -79.202405290, 0.0
0.0, 4, 2116.000, , 5937, 0.0, , 243.8, 6095, -0.224, -0.581, 0.0, 0.0, 0.0, 0.0, 0.98, , , 40.000, -7.46, 1780000052900, 3276.8, 2.1, 3276.8, 3276.8, 0, , , , 0.0, 0.0, 36.561865979, -79.202436263, 0.0
0.0, 4, 2120.000, , 5902, 0.0, , 247.8, 6195, -0.278, -0.571, 0.0, 0.0, 0.0, 0.0, 0.98, , , 40.000, -9.27, 1780000053000, 3276.8, 2.1, 3276.8, 3276.8, 0, , , , 0.0, 0.0, 36.561839538, -79.202466803, 0.0
0.0, 4, 2124.000, , 5860, 0.0, , 251.8, 6295, -0.331, -0.558, 0.0, 0.0, 0.0, 0.0, 0.96, , , 40.000, -11.04, 1780000053100, 3276.8, 2.1, 3276.8, 3276.8, 0, , , , 0.0, 0.0, 36.561812770, -79.202496904, 0.0
0.0, 4, 2128.000, , 5810, 0.0, , 255.8, 6395, -0.383, -0.543, 0.0, 0.0, 0.0, 0.0, 0.95, , , 40.000, -12.77, 1780000053200, 3276.8, 2.1, 3276.8, 3276.8, 0, , , , 0.0, 0.0, 36.561785680, -79.202526562, 0.0
0.0, 4, 2132.000, , 5753, 0.0, , 259.8, 6495, -0.434, -0.526, 0.0, 0.0, 0.0, 0.0, 0.94, , , 40.000, -14.45, 1780000053300, 3276.8, 2.1, 3276.8, 3276.8, 0, , , , 0.0, 0.0, 36.561758272, -79.202555770, 0.0
0.0, 4, 2136.000, , 5689, 0.0, , 263.8, 6595, -0.482, -0.507, 0.0, 0.0, 0.0, 0.0, 0.92, , , 40.000, -16.07, 1780000053400, 3276.8, 2.1, 3276.8, 3276.8, 0, , , , 0.0, 0.0, 36.561730552, -79.202584524, 0.0
0.0, 4, 2140.000, , 5618, 0.0, , 267.8, 6695, -0.529, -0.485, 0.0, 0.0, 0.0, 0.0, 0.90, , , 40.000, -17.63, 1780000053500, 3276.8, 2.1, 3276.8, 3276.8, 0, , , , 0.0, 0.0, 36.561702524, -79.202612819, 0.0
0.0, 4, 2144.000, , 5541, 0.0, , 271.8, 6795, -0.574, -0.462, 0.0, 0.0, 0.0, 0.0, 0.89, , , 40.000, -19.12, 1780000053600, 3276.8, 2.1, 3276.8, 3276.8, 0, , , , 0.0, 0.0, 36.561674193, -79.202640649, 0.0
0.0, 4, 2148.000, , 5458, 0.0, , 275.8, 6895, -0.616, -0.437, 0.0, 0.0, 0.0, 0.0, 0.86, , , 40.000, -20.54, 1780000053700, 3276.8, 2.1, 3276.8, 3276.8, 0, , , , 0.0, 0.0, 36.561645565, -79.202668009, 0.0
0.0, 4, 2152.000, , 5369, 0.0, , 279.8, 6995, -0.656, -0.411, 0.0, 0.0, 0.0, 0.0, 0.84, , , 40.000, -21.87, 1780000053800, 3276.8, 2.1, 3276.8, 3276.8, 0, , , , 0.0, 0.0, 36.561616644, -79.202694896, 0.0
0.0, 4, 2156.000, , 5275, 0.0, , 283.8, 7095, -0.693, -0.382, 0.0, 0.0, 0.0, 0.0, 0.82, , , 40.000, -23.12, 1780000053900, 3276.8, 2.1, 3276.8, 3276.8, 0, , , , 0.0, 0.0, 36.561587436, -79.202721303, 0.0
0.0, 4, 2160.000, , 5176, 0.0, , 287.8, 7195, -0.728, -0.353, 0.0, 0.0, 0.0, 0.0, 0.79, , , 40.000, -24.27, 1780000054000, 3276.8, 2.1, 3276.8, 3276.8, 0, , , , 0.0, 0.0, 36.561557945, -79.202747226, 0.0
0.0, 4, 2164.000, , 5072, 0.0, , 291.8, 7295, -0.760, -0.321, 0.0, 0.0, 0.0, 0.0, 0.77, , , 40.000, -25.33, 1780000054100, 3276.8, 2.1, 3276.8, 3276.8, 0, , , , 0.0, 0.0, 36.561528178, -79.202772661, 0.0
0.0, 4, 2168.000, , 4964, 0.0, , 295.8, 7395, -0.789, -0.289, 0.0, 0.0, 0.0, 0.0, 0.74, , , 40.000, -26.29, 1780000054200, 3276.8, 2.1, 3276.8, 3276.8, 0, , , , 0.0, 0.0, 36.561498139, -79.202797604, 0.0
0.0, 4, 2172.000, , 4852, 0.0, , 299.8, 7495, -0.814, -0.255, 0.0, 0.0, 0.0, 0.0, 0.71, , , 40.000, -27.14, 1780000054300, 3276.8, 2.1, 3276.8, 3276.8, 0, , , , 0.0, 0.0, 36.561467834, -79.202822048, 0.0
0.0, 4, 2176.000, , 4736, 0.0, , 303.8, 7595, -0.837, -0.221, 0.0, 0.0, 0.0, 0.0, 0.68, , , 40.000, -27.89, 1780000054400, 3276.8, 2.1, 3276.8, 3276.8, 0, , , , 0.0, 0.0, 36.561437267, -79.202845992, 0.0
0.0, 4, 2180.000, , 4618, 0.0, , 307.8, 7695, -0.856, -0.185, 0.0, 0.0, 0.0, 0.0, 0.65, , , 40.000, -28.53, 1780000054500, 3276.8, 2.1, 3276.8, 3276.8, 0, , , , 0.0, 0.0, 36.561406445, -79.202869429, 0.0
0.0, 4, 2184.000, , 4497, 0.0, , 311.8, 7795, -0.872, -0.149, 0.0, 0.0, 0.0, 0.0, 0.62, , , 40.000, -29.06, 1780000054600, 3276.8, 2.1, 3276.8, 3276.8, 0, , , , 0.0, 0.0, 36.561375373, -79.202892356, 0.0
0.0, 4, 2188.000, , 4375, 0.0, , 315.8, 7895, -0.884, -0.112, 0.0, 0.0, 0.0, 0.0, 0.59, , , 40.000, -29.47, 1780000054700, 3276.8, 2.1, 3276.8, 3276.8, 0, , , , 0.0, 0.0, 36.561344057, -79.202914769, 0.0
0.0, 4, 2192.000, , 4251, 0.0, , 319.8, 7995, -0.893, -0.075, 0.0, 0.0, 0.0, 0.0, 0.56, , , 40.000, -29.76, 1780000054800, 3276.8, 2.1, 3276.8, 3276.8, 0, , , , 0.0, 0.0, 36.561312502, -79.202936663, 0.0
0.0, 4, 2196.000, , 4126, 0.0, , 323.8, 8095, -0.898, -0.038, 0.0, 0.0, 0.0, 0.0, 0.53, , , 40.000, -29.94, 1780000054900, 3276.8, 2.1, 3276.8, 3276.8, 0, , , , 0.0, 0.0, 36.561280713, -79.202958036, 0.0
0.0, 4, 2200.000, , 4000, 0.0, , 327.8, 8195, -0.900, -0.000, 0.0, 0.0, 0.0, 0.0, 0.50, , , 40.000, -30.00, 1780000055000, 3276.8, 2.1, 3276.8, 3276.8, 0, , , , 0.0, 0.0, 36.561248697, -79.202978883, 0.0
2.5, 3, 2204.000, , 3874, 0.0, , 331.8, 8295, -0.898, 0.038, 0.0, 0.0, 0.0, 0.0, 0.47, , , 40.000, -29.94, 1780000055100, 3276.8, 2.1, 3276.8, 3276.8, 0, , , , 0.0, 0.0, 36.561216458, -79.202999200, 0.0
5.0, 3, 2208.000, , 3749, 0.0, , 335.8, 8395, -0.893, 0.075, 0.0, 0.0, 0.0, 0.0, 0.44, , , 40.000, -29.76, 1780000055200, 3276.8, 2.1, 3276.8, 3276.8, 0, , , , 0.0, 0.0, 36.561184004, -79.203018984, 0.0
7.5, 3, 2212.000, , 3625, 0.0, , 339.8, 8495, -0.884, 0.112, 0.0, 0.0, 0.0, 0.0, 0.41, , , 40.000, -29.47, 1780000055300, 3276.8, 2.1, 3276.8, 3276.8, 0, , , , 0.0, 0.0, 36.561151339, -79.203038231, 0.0
9.9, 3, 2216.000, , 3503, 0.0, , 343.8, 8595, -0.872, 0.149, 0.0, 0.0, 0.0, 0.0, 0.38, , , 40.000, -29.06, 1780000055400, 3276.8, 2.1, 3276.8, 3276.8, 0, , , , 0.0, 0.0, 36.561118469, -79.203056939, 0.0
12.4, 3, 2220.000, , 3382, 0.0, , 347.8, 8695, -0.856, 0.185, 0.0, 0.0, 0.0, 0.0, 0.35, , , 40.000, -28.53, 1780000055500, 3276.8, 2.1, 3276.8, 3276.8, 0, , , , 0.0, 0.0, 36.561085400, -79.203075102, 0.0
14.7, 3, 2224.000, , 3264, 0.0, , 351.8, 8795, -0.837, 0.221, 0.0, 0.0, 0.0, 0.0, 0.32, , , 40.000, -27.89, 1780000055600, 3276.8, 2.1, 3276.8, 3276.8, 0, , , , 0.0, 0.0, 36.561052139, -79.203092719, 0.0
17.0, 3, 2228.000, , 3148, 0.0, , 355.8, 8895, -0.814, 0.255, 0.0, 0.0, 0.0, 0.0, 0.29, , , 40.000, -27.14, 1780000055700, 3276.8, 2.1, 3276.8, 3276.8, 0, , , , 0.0, 0.0, 36.561018690, -79.203109787, 0.0
19.3, 3, 2232.000, , 3036, 0.0, , 359.8, 8995, -0.789, 0.289, 0.0, 0.0, 0.0, 0.0, 0.26, , , 40.000, -26.29, 1780000055800, 3276.8, 2.1, 3276.8, 3276.8, 0, , , , 0.0, 0.0, 36.560985060, -79.203126301, 0.0
21.4, 3, 2236.000, , 2928, 0.0, , 363.8, 9095, -0.760, 0.321, 0.0, 0.0, 0.0, 0.0, 0.23, , , 40.000, -25.33, 1780000055900, 3276.8, 2.1, 3276.8, 3276.8, 0, , , , 0.0, 0.0, 36.560951256, -79.203142260, 0.0
23.5, 3, 2240.000, , 2824, 0.0, , 367.8, 9195, -0.728, 0.353, 0.0, 0.0, 0.0, 0.0, 0.21, , , 40.000, -24.27, 1780000056000, 3276.8, 2.1, 3276.8, 3276.8, 0, , , , 0.0, 0.0, 36.560917282, -79.203157660, 0.0
25.5, 3, 2244.000, , 2725, 0.0, , 371.8, 9295, -0.693, 0.382, 0.0, 0.0, 0.0, 0.0, 0.18, , , 40.000, -23.12, 1780000056100, 3276.8, 2.1, 3276.8, 3276.8, 0, , , , 0.0, 0.0, 36.560883145, -79.203172498, 0.0
27.4, 3, 2248.000, , 2631, 0.0, , 375.8, 9395, -0.656, 0.411, 0.0, 0.0, 0.0, 0.0, 0.16, , , 40.000, -21.87, 1780000056200, 3276.8, 2.1, 3276.8, 3276.8, 0, , , , 0.0, 0.0, 36.560848851, -79.203186773, 0.0
29.2, 3, 2252.000, , 2542, 0.0, , 379.8, 9495, -0.616, 0.437, 0.0, 0.0, 0.0, 0.0, 0.14, , , 40.000, -20.54, 1780000056300, 3276.8, 2.1, 3276.8, 3276.8, 0, , , , 0.0, 0.0, 36.560814406, -79.203200481, 0.0
30.8, 3, 2256.000, , 2459, 0.0, , 383.8, 9595, -0.574, 0.462, 0.0, 0.0, 0.0, 0.0, 0.11, , , 40.000, -19.12, 1780000056400, 3276.8, 2.1, 3276.8, 3276.8, 0, , , , 0.0, 0.0, 36.560779816, -79.203213620, 0.0
32.4, 3, 2260.000, , 2382, 0.0, , 387.8, 9695, -0.529, 0.485, 0.0, 0.0, 0.0, 0.0, 0.10, , , 40.000, -17.63, 1780000056500, 3276.8, 2.1, 3276.8, 3276.8, 0, , , , 0.0, 0.0, 36.560745088, -79.203226188, 0.0
33.8, 3, 2264.000, , 2311, 0.0, , 391.8, 9795, -0.482, 0.507, 0.0, 0.0, 0.0, 0.0, 0.08, , , 40.000, -16.07, 1780000056600, 3276.8, 2.1, 3276.8, 3276.8, 0, , , , 0.0, 0.0, 36.560710227, -79.203238183, 0.0
35.1, 3, 2268.000, , 2247, 0.0, , 395.8, 9895, -0.434, 0.526, 0.0, 0.0, 0.0, 0.0, 0.06, , , 40.000, -14.45, 1780000056700, 3276.8, 2.1, 3276.8, 3276.8, 0, , , , 0.0, 0.0, 36.560675240, -79.203249601, 0.0
36.2, 3, 2272.000, , 2190, 0.0, , 399.8, 9995, -0.383, 0.543, 0.0, 0.0, 0.0, 0.0, 0.05, , , 40.000, -12.77, 1780000056800, 3276.8, 2.1, 3276.8, 3276.8, 0, , , , 0.0, 0.0, 36.560640133, -79.203260442, 0.0
37.2, 3, 2276.000, , 2140, 0.0, , 403.8, 10095, -0.331, 0.558, 0.0, 0.0, 0.0, 0.0, 0.04, , , 40.000, -11.04, 1780000056900, 3276.8, 2.1, 3276.8, 3276.8, 0, , , , 0.0, 0.0, 36.560604912, -79.203270704, 0.0
38.0, 3, 2280.000, , 2098, 0.0, , 407.8, 10195, -0.278, 0.571, 0.0, 0.0, 0.0, 0.0, 0.02, , , 40.000, -9.27, 1780000057000, 3276.8, 2.1, 3276.8, 3276.8, 0, , , , 0.0, 0.0, 36.560569584, -79.203280383, 0.0
38.7, 3, 2284.000, , 2063, 0.0, , 411.8, 10295, -0.224, 0.581, 0.0, 0.0, 0.0, 0.0, 0.02, , , 40.000, -7.46, 1780000057100, 3276.8, 2.1, 3276.8, 3276.8, 0, , , , 0.0, 0.0, 36.560534154, -79.203289480, 0.0
39.3, 3, 2288.000, , 2035, 0.0, , 415.8, 10395, -0.169, 0.589, 0.0, 0.0, 0.0, 0.0, 0.01, , , 40.000, -5.62, 1780000057200, 3276.8, 2.1, 3276.8, 3276.8, 0, , , , 0.0, 0.0, 36.560498629, -79.203297992, 0.0
39.7, 3, 2292.000, , 2016, 0.0, , 419.8, 10495, -0.113, 0.595, 0.0, 0.0, 0.0, 0.0, 0.00, , , 40.000, -3.76, 1780000057300, 3276.8, 2.1, 3276.8, 3276.8, 0, , , , 0.0, 0.0, 36.560463016, -79.203305918, 0.0
39.9, 3, 2296.000, , 2004, 0.0, , 423.8, 10595, -0.057, 0.599, 0.0, 0.0, 0.0, 0.0, 0.00, , , 40.000, -1.88, 1780000057400, 3276.8, 2.1, 3276.8, 3276.8, 0, , , , 0.0, 0.0, 36.560427320, -79.203313256, 0.0
40.0, 3, 2300.000, , 2000, 0.0, , 427.8, 10695, -0.000, 0.600, 0.0, 0.0, 0.0, 0.0, 0.00, , , 40.000, -0.00, 1780000057500, 3276.8, 2.1, 3276.8, 3276.8, 0, , , , 0.0, 0.0, 36.560391549, -79.203320005, 0.0
39.9, 3, 2304.000, , 2004, 0.0, , 431.8, 10795, 0.057, 0.599, 0.0, 0.0, 0.0, 0.0, 0.00, , , 40.000, 1.88, 1780000057600, 3276.8, 2.1, 3276.8, 3276.8, 0, , , , 0.0, 0.0, 36.560355708, -79.203326163, 0.0
39.7, 3, 2308.000, , 2016, 0.0, , 435.8, 10895, 0.113, 0.595, 0.0, 0.0, 0.0, 0.0, 0.00, , , 40.000, 3.76, 1780000057700, 3276.8, 2.1, 3276.8, 3276.8, 0, , , , 0.0, 0.0, 36.560319803, -79.203331731, 0.0
39.3, 3, 2312.000, , 2035, 0.0, , 439.8, 10995, 0.169, 0.589, 0.0, 0.0, 0.0, 0.0, 0.01, , , 40.000, 5.62, 1780000057800, 3276.8, 2.1, 3276.8, 3276.8, 0, , , , 0.0, 0.0, 36.560283842, -79.203336706, 0.0
38.7, 3, 2316.000, , 2063, 0.0, , 443.8, 11095, 0.224, 0.581, 0.0, 0.0, 0.0, 0.0, 0.02, , , 40.000, 7.46, 1780000057900, 3276.8, 2.1, 3276.8, 3276.8, 0, , , , 0.0, 0.0, 36.560247830, -79.203341088, 0.0
38.0, 3, 2320.000, , 2098, 0.0, , 447.8, 11195, 0.278, 0.571, 0.0, 0.0, 0.0, 0.0, 0.02, , , 40.000, 9.27, 1780000058000, 3276.8, 2.1, 3276.8, 3276.8, 0, , , , 0.0, 0.0, 36.560211775, -79.203344876, 0.0
37.2, 3, 2324.000, , 2140, 0.0, , 451.8, 11295, 0.331, 0.558, 0.0, 0.0, 0.0, 0.0, 0.04, , , 40.000, 11.04, 1780000058100, 3276.8, 2.1, 3276.8, 3276.8, 0, , , , 0.0, 0.0, 36.560175681, -79.203348069, 0.0
36.2, 3, 2328.000, , 2190, 0.0, , 455.8, 11395, 0.383, 0.543, 0.0, 0.0, 0.0, 0.0, 0.05, , , 40.000, 12.77, 1780000058200, 3276.8, 2.1, 3276.8, 3276.8, 0, , , , 0.0, 0.0, 36.560139557, -79.203350667, 0.0
35.1, 3, 2332.000, , 2247, 0.0, , 459.8, 11495, 0.434, 0.526, 0.0, 0.0, 0.0, 0.0, 0.06, , , 40.000, 14.45, 1780000058300, 3276.8, 2.1, 3276.8, 3276.8, 0, , , , 0.0, 0.0, 36.560103407, -79.203352670, 0.0
33.8, 3, 2336.000, , 2311, 0.0, , 463.8, 11595, 0.482, 0.507, 0.0, 0.0, 0.0, 0.0, 0.08, , , 40.000, 16.07, 1780000058400, 3276.8, 2.1, 3276.8, 3276.8, 0, , , , 0.0, 0.0, 36.560067239, -79.203354076, 0.0
32.4, 3, 2340.000, , 2382, 0.0, , 467.8, 11695, 0.529, 0.485, 0.0, 0.0, 0.0, 0.0, 0.10, , , 40.000, 17.63, 1780000058500, 3276.8, 2.1, 3276.8, 3276.8, 0, , , , 0.0, 0.0, 36.560031059, -79.203354886, 0.0
30.8, 3, 2344.000, , 2459, 0.0, , 471.8, 11795, 0.574, 0.462, 0.0, 0.0, 0.0, 0.0, 0.11, , , 40.000, 19.12, 1780000058600, 3276.8, 2.1, 3276.8, 3276.8, 0, , , , 0.0, 0.0, 36.559994874, -79.203355100, 0.0
29.2, 3, 2348.000, , 2542, 0.0, , 475.8, 11895, 0.616, 0.437, 0.0, 0.0, 0.0, 0.0, 0.14, , , 40.000, 20.54, 1780000058700, 3276.8, 2.1, 3276.8, 3276.8, 0, , , , 0.0, 0.0, 36.559958690, -79.203354717, 0.0
27.4, 3, 2352.000, , 2631, 0.0, , 479.8, 11995, 0.656, 0.411, 0.0, 0.0, 0.0, 0.0, 0.16, , , 40.000, 21.87, 1780000058800, 3276.8, 2.1, 3276.8, 3276.8, 0, , , , 0.0, 0.0, 36.559922513, -79.203353738, 0.0
25.5, 3, 2356.000, , 2725, 0.0, , 483.8, 12095, 0.693, 0.382, 0.0, 0.0, 0.0, 0.0, 0.18, , , 40.000, 23.12, 1780000058900, 3276.8, 2.1, 3276.8, 3276.8, 0, , , , 0.0, 0.0, 36.559886349, -79.203352163, 0.0
23.5, 3, 2360.000, , 2824, 0.0, , 487.8, 12195, 0.728, 0.353, 0.0, 0.0, 0.0, 0.0, 0.21, , , 40.000, 24.27, 1780000059000, 3276.8, 2.1, 3276.8, 3276.8, 0, , , , 0.0, 0.0, 36.559850206, -79.203349992, 0.0
21.4, 3, 2364.000, , 2928, 0.0, , 491.8, 12295, 0.760, 0.321, 0.0, 0.0, 0.0, 0.0, 0.23, , , 40.000, 25.33, 1780000059100, 3276.8, 2.1, 3276.8, 3276.8, 0, , , , 0.0, 0.0, 36.559814090, -79.203347225, 0.0
19.3, 3, 2368.000, , 3036, 0.0, , 495.8, 12395, 0.789, 0.289, 0.0, 0.0, 0.0, 0.0, 0.26, , , 40.000, 26.29, 1780000059200, 3276.8, 2.1, 3276.8, 3276.8, 0, , , , 0.0, 0.0, 36.559778006, -79.203343863, 0.0
17.0, 3, 2372.000, , 3148, 0.0, , 499.8, 12495, 0.814, 0.255, 0.0, 0.0, 0.0, 0.0, 0.29, , , 40.000, 27.14, 1780000059300, 3276.8, 2.1, 3276.8, 3276.8, 0, , , , 0.0, 0.0, 36.559741963, -79.203339907, 0.0
14.7, 3, 2376.000, , 3264, 0.0, , 503.8, 12595, 0.837, 0.221, 0.0, 0.0, 0.0, 0.0, 0.32, , , 40.000, 27.89, 1780000059400, 3276.8, 2.1, 3276.8, 3276.8, 0, , , , 0.0, 0.0, 36.559705964, -79.203335357, 0.0
12.4, 3, 2380.000, , 3382, 0.0, , 507.8, 12695, 0.856, 0.185, 0.0, 0.0, 0.0, 0.0, 0.35, , , 40.000, 28.53, 1780000059500, 3276.8, 2.1, 3276.8, 3276.8, 0, , , , 0.0, 0.0, 36.559670019, -79.203330214, 0.0
9.9, 3, 2384.000, , 3503, 0.0, , 511.8, 12795, 0.872, 0.149, 0.0, 0.0, 0.0, 0.0, 0.38, , , 40.000, 29.06, 1780000059600, 3276.8, 2.1, 3276.8, 3276.8, 0, , , , 0.0, 0.0, 36.559634132, -79.203324479, 0.0
7.5, 3, 2388.000, , 3625, 0.0, , 515.8, 12895, 0.884, 0.112, 0.0, 0.0, 0.0, 0.0, 0.41, , , 40.000, 29.47, 1780000059700, 3276.8, 2.1, 3276.8, 3276.8, 0, , , , 0.0, 0.0, 36.559598309, -79.203318153, 0.0
5.0, 3, 2392.000, , 3749, 0.0, , 519.8, 12995, 0.893, 0.075, 0.0, 0.0, 0.0, 0.0, 0.44, , , 40.000, 29.76, 1780000059800, 3276.8, 2.1, 3276.8, 3276.8, 0, , , , 0.0, 0.0, 36.559562559, -79.203311237, 0.0
2.5, 3, 2396.000, , 3874, 0.0, , 523.8, 13095, 0.898, 0.038, 0.0, 0.0, 0.0, 0.0, 0.47, , , 40.000, 29.94, 1780000059900, 3276.8, 2.1, 3276.8, 3276.8, 0, , , , 0.0, 0.0, 36.559526886, -79.203303732, 0.0
0.0, 3, 2400.000, , 4000, 0.0, , 527.8, 13195, 0.900, 0.000, 0.0, 0.0, 0.0, 0.0, 0.50, , , 40.000, 30.00, 1780000060000, 3276.8, 2.1, 3276.8, 3276.8, 0, , , , 0.0, 0.0, 36.559491297, -79.203295640, 0.0
0.0, 4, 2404.000, , 4126, 0.0, , 531.8, 13295, 0.898, -0.038, 0.0, 0.0, 0.0, 0.0, 0.53, , , 40.000, 29.94, 1780000060100, 3276.8, 2.1, 3276.8, 3276.8, 0, , , , 0.0, 0.0, 36.559455799, -79.203286962, 0.0
0.0, 4, 2408.000, , 4251, 0.0, , 535.8, 13395, 0.893, -0.075, 0.0, 0.0, 0.0, 0.0, 0.56, , , 40.000, 29.76, 1780000060200, 3276.8, 2.1, 3276.8, 3276.8, 0, , , , 0.0, 0.0, 36.559420397, -79.203277700, 0.0
0.0, 4, 2412.000, , 4375, 0.0, , 539.8, 13495, 0.884, -0.112, 0.0, 0.0, 0.0, 0.0, 0.59, , , 40.000, 29.47, 1780000060300, 3276.8, 2.1, 3276.8, 3276.8, 0, , , , 0.0, 0.0, 36.559385099, -79.203267855, 0.0
0.0, 4, 2416.000, , 4497, 0.0, , 543.8, 13595, 0.872, -0.149, 0.0, 0.0, 0.0, 0.0, 0.62, , , 40.000, 29.06, 1780000060400, 3276.8, 2.1, 3276.8, 3276.8, 0, , , , 0.0, 0.0, 36.559349909, -79.203257430, 0.0
0.0, 4, 2420.000, , 4618, 0.0, , 547.8, 13695, 0.856, -0.185, 0.0, 0.0, 0.0, 0.0, 0.65, , , 40.000, 28.53, 1780000060500, 3276.8, 2.1, 3276.8, 3276.8, 0, , , , 0.0, 0.0, 36.559314836, -79.203246425, 0.0
0.0, 4, 2424.000, , 4736, 0.0, , 551.8, 13795, 0.837, -0.221, 0.0, 0.0, 0.0, 0.0, 0.68, , , 40.000, 27.89, 1780000060600, 3276.8, 2.1, 3276.8, 3276.8, 0, , , , 0.0, 0.0, 36.559279884, -79.203234843, 0.0
0.0, 4, 2428.000, , 4852, 0.0, , 555.8, 13895, 0.814, -0.255, 0.0, 0.0, 0.0, 0.0, 0.71, , , 40.000, 27.14, 1780000060700, 3276.8, 2.1, 3276.8, 3276.8, 0, , , , 0.0, 0.0, 36.559245060, -79.203222686, 0.0
0.0, 4, 2432.000, , 4964, 0.0, , 559.8, 13995, 0.789, -0.289, 0.0, 0.0, 0.0, 0.0, 0.74, , , 40.000, 26.29, 1780000060800, 3276.8, 2.1, 3276.8, 3276.8, 0, , , , 0.0, 0.0, 36.559210370, -79.203209956, 0.0
0.0, 4, 2436.000, , 5072, 0.0, , 563.8, 14095, 0.760, -0.321, 0.0, 0.0, 0.0, 0.0, 0.77, , , 40.000, 25.33, 1780000060900, 3276.8, 2.1, 3276.8, 3276.8, 0, , , , 0.0, 0.0, 36.559175821, -79.203196655, 0.0
0.0, 4, 2440.000, , 5176, 0.0, , 567.8, 14195, 0.728, -0.353, 0.0, 0.0, 0.0, 0.0, 0.79, , , 40.000, 24.27, 1780000061000, 3276.8, 2.1, 3276.8, 3276.8, 0, , , , 0.0, 0.0, 36.559141418, -79.203182786, 0.0
0.0, 4, 2444.000, , 5275, 0.0, , 571.8, 14295, 0.693, -0.382, 0.0, 0.0, 0.0, 0.0, 0.82, , , 40.000, 23.12, 1780000061100, 3276.8, 2.1, 3276.8, 3276.8, 0, , , , 0.0, 0.0, 36.559107168, -79.203168352, 0.0
0.0, 4, 2448.000, , 5369, 0.0, , 575.8, 14395, 0.656, -0.411, 0.0, 0.0, 0.0, 0.0, 0.84, , , 40.000, 21.87, 1780000061200, 3276.8, 2.1, 3276.8, 3276.8, 0, , , , 0.0, 0.0, 36.559073077, -79.203153354, 0.0
0.0, 4, 2452.000, , 5458, 0.0, , 579.8, 14495, 0.616, -0.437, 0.0, 0.0, 0.0, 0.0, 0.86, , , 40.000, 20.54, 1780000061300, 3276.8, 2.1, 3276.8, 3276.8, 0, , , , 0.0, 0.0, 36.559039150, -79.203137795, 0.0
0.0, 4, 2456.000, , 5541, 0.0, , 583.8, 14595, 0.574, -0.462, 0.0, 0.0, 0.0, 0.0, 0.89, , , 40.000, 19.12, 1780000061400, 3276.8, 2.1, 3276.8, 3276.8, 0, , , , 0.0, 0.0, 36.559005394, -79.203121679, 0.0
0.0, 4, 2460.000, , 5618, 0.0, , 587.8, 14695, 0.529, -0.485, 0.0, 0.0, 0.0, 0.0, 0.90, , , 40.000, 17.63, 1780000061500, 3276.8, 2.1, 3276.8, 3276.8, 0, , , , 0.0, 0.0, 36.558971815, -79.203105007, 0.0
0.0, 4, 2464.000, , 5689, 0.0, , 591.8, 14795, 0.482, -0.507, 0.0, 0.0, 0.0, 0.0, 0.92, , , 40.000, 16.07, 1780000061600, 3276.8, 2.1, 3276.8, 3276.8, 0, , , , 0.0, 0.0, 36.558938419, -79.203087784, 0.0
0.0, 4, 2468.000, , 5753, 0.0, , 595.8, 14895, 0.434, -0.526, 0.0, 0.0, 0.0, 0.0, 0.94, , , 40.000, 14.45, 1780000061700, 3276.8, 2.1, 3276.8, 3276.8, 0, , , , 0.0, 0.0, 36.558905211, -79.203070012, 0.0
0.0, 4, 2472.000, , 5810, 0.0, , 599.8, 14995, 0.383, -0.543, 0.0, 0.0, 0.0, 0.0, 0.95, , , 40.000, 12.77, 1780000061800, 3276.8, 2.1, 3276.8, 3276.8, 0, , , , 0.0, 0.0, 36.558872199, -79.203051694, 0.0
0.0, 4, 2476.000, , 5860, 0.0, , 603.8, 15095, 0.331, -0.558, 0.0, 0.0, 0.0, 0.0, 0.96, , , 40.000, 11.04, 1780000061900, 3276.8, 2.1, 3276.8, 3276.8, 0, , , , 0.0, 0.0, 36.558839386, -79.203032833, 0.0
0.0, 4, 2480.000, , 5902, 0.0, , 607.8, 15195, 0.278, -0.571, 0.0, 0.0, 0.0, 0.0, 0.98, , , 40.000, 9.27, 1780000062000, 3276.8, 2.1, 3276.8, 3276.8, 0, , , , 0.0, 0.0, 36.558806780, -79.203013433, 0.0
0.0, 4, 2484.000, , 5937, 0.0, , 611.8, 15295, 0.224, -0.581, 0.0, 0.0, 0.0, 0.0, 0.98, , , 40.000, 7.46, 1780000062100, 3276.8, 2.1, 3276.8, 3276.8, 0, , , , 0.0, 0.0, 36.558774386, -79.202993498, 0.0
0.0, 4, 2488.000, , 5965, 0.0, , 615.8, 15395, 0.169, -0.589, 0.0, 0.0, 0.0, 0.0, 0.99, , , 40.000, 5.62, 1780000062200, 3276.8, 2.1, 3276.8, 3276.8, 0, , , , 0.0, 0.0, 36.558742210, -79.202973030, 0.0
0.0, 4, 2492.000, , 5984, 0.0, , 619.8, 15495, 0.113, -0.595, 0.0, 0.0, 0.0, 0.0, 1.00, , , 40.000, 3.76, 1780000062300, 3276.8, 2.1, 3276.8, 3276.8, 0, , , , 0.0, 0.0, 36.558710258, -79.202952034, 0.0
0.0, 4, 2496.000, , 5996, 0.0, , 623.8, 15595, 0.057, -0.599, 0.0, 0.0, 0.0, 0.0, 1.00, , , 40.000, 1.88, 1780000062400, 3276.8, 2.1, 3276.8, 3276.8, 0, , , , 0.0, 0.0, 36.558678535, -79.202930513, 0.0
0.0, 4, 2500.000, , 6000, 0.0, , 627.8, 15695, 0.000, -0.600, 0.0, 0.0, 0.0, 0.0, 1.00, , , 40.000, 0.00, 1780000062500, 3276.8, 2.1, 3276.8, 3276.8, 0, , , , 0.0, 0.0, 36.558647046, -79.202908471, 0.0
0.0, 4, 2504.000, , 5996, 0.0, , 631.8, 15795, -0.057, -0.599, 0.0, 0.0, 0.0, 0.0, 1.00, , , 40.000, -1.88, 1780000062600, 3276.8, 2.1, 3276.8, 3276.8, 0, , , , 0.0, 0.0, 36.558615799, -79.202885912, 0.0
0.0, 4, 2508.000, , 5984, 0.0, , 635.8, 15895, -0.113, -0.595, 0.0, 0.0, 0.0, 0.0, 1.00, , , 40.000, -3.76, 1780000062700, 3276.8, 2.1, 3276.8, 3276.8, 0, , , , 0.0, 0.0, 36.558584797, -79.202862840, 0.0
0.0, 4, 2512.000, , 5965, 0.0, , 639.8, 15995, -0.169, -0.589, 0.0, 0.0, 0.0, 0.0, 0.99, , , 40.000, -5.62, 1780000062800, 3276.8, 2.1, 3276.8, 3276.8, 0, , , , 0.0, 0.0, 36.558554047, -79.202839260, 0.0
0.0, 4, 2516.000, , 5937, 0.0, , 643.8, 16095, -0.224, -0.581, 0.0, 0.0, 0.0, 0.0, 0.98, , , 40.000, -7.46, 1780000062900, 3276.8, 2.1, 3276.8, 3276.8, 0, , , , 0.0, 0.0, 36.558523554, -79.202815174, 0.0
0.0, 4, 2520.000, , 5902, 0.0, , 647.8, 16195, -0.278, -0.571, 0.0, 0.0, 0.0, 0.0, 0.98, , , 40.000, -9.27, 1780000063000, 3276.8, 2.1, 3276.8, 3276.8, 0, , , , 0.0, 0.0, 36.558493324, -79.202790588, 0.0
0.0, 4, 2524.000, , 5860, 0.0, , 651.8, 16295, -0.331, -0.558, 0.0, 0.0, 0.0, 0.0, 0.96, , , 40.000, -11.04, 1780000063100, 3276.8, 2.1, 3276.8, 3276.8, 0, , , , 0.0, 0.0, 36.558463361, -79.202765505, 0.0
0.0, 4, 2528.000, , 5810, 0.0, , 655.8, 16395, -0.383, -0.543, 0.0, 0.0, 0.0, 0.0, 0.95, , , 40.000, -12.77, 1780000063200, 3276.8, 2.1, 3276.8, 3276.8, 0, , , , 0.0, 0.0, 36.558433671, -79.202739932, 0.0
0.0, 4, 2532.000, , 5753, 0.0, , 659.8, 16495, -0.434, -0.526, 0.0, 0.0, 0.0, 0.0, 0.94, , , 40.000, -14.45, 1780000063300, 3276.8, 2.1, 3276.8, 3276.8, 0, , , , 0.0, 0.0, 36.558404260, -79.202713871, 0.0
0.0, 4, 2536.000, , 5689, 0.0, , 663.8, 16595, -0.482, -0.507, 0.0, 0.0, 0.0, 0.0, 0.92, , , 40.000, -16.07, 1780000063400, 3276.8, 2.1, 3276.8, 3276.8, 0, , , , 0.0, 0.0, 36.558375133, -79.202687327, 0.0
0.0, 4, 2540.000, , 5618, 0.0, , 667.8, 16695, -0.529, -0.485, 0.0, 0.0, 0.0, 0.0, 0.90, , , 40.000, -17.63, 1780000063500, 3276.8, 2.1, 3276.8, 3276.8, 0, , , , 0.0, 0.0, 36.558346295, -79.202660306, 0.0
0.0, 4, 2544.000, , 5541, 0.0, , 671.8, 16795, -0.574, -0.462, 0.0, 0.0, 0.0, 0.0, 0.89, , , 40.000, -19.12, 1780000063600, 3276.8, 2.1, 3276.8, 3276.8, 0, , , , 0.0, 0.0, 36.558317750, -79.202632812, 0.0
0.0, 4, 2548.000, , 5458, 0.0, , 675.8, 16895, -0.616, -0.437, 0.0, 0.0, 0.0, 0.0, 0.86, , , 40.000, -20.54, 1780000063700, 3276.8, 2.1, 3276.8, 3276.8, 0, , , , 0.0, 0.0, 36.558289505, -79.202604850, 0.0
0.0, 4, 2552.000, , 5369, 0.0, , 679.8, 16995, -0.656, -0.411, 0.0, 0.0, 0.0, 0.0, 0.84, , , 40.000, -21.87, 1780000063800, 3276.8, 2.1, 3276.8, 3276.8, 0, , , , 0.0, 0.0, 36.558261563, -79.202576424, 0.0
0.0, 4, 2556.000, , 5275, 0.0, , 683.8, 17095, -0.693, -0.382, 0.0, 0.0, 0.0, 0.0, 0.82, , , 40.000, -23.12, 1780000063900, 3276.8, 2.1, 3276.8, 3276.8, 0, , , , 0.0, 0.0, 36.558233931, -79.202547541, 0.0
0.0, 4, 2560.000, , 5176, 0.0, , 687.8, 17195, -0.728, -0.353, 0.0, 0.0, 0.0, 0.0, 0.79, , , 40.000, -24.27, 1780000064000, 3276.8, 2.1, 3276.8, 3276.8, 0, , , , 0.0, 0.0, 36.558206613, -79.202518205, 0.0
0.0, 4, 2564.000, , 5072, 0.0, , 691.8, 17295, -0.760, -0.321, 0.0, 0.0, 0.0, 0.0, 0.77, , , 40.000, -25.33, 1780000064100, 3276.8, 2.1, 3276.8, 3276.8, 0, , , , 0.0, 0.0, 36.558179613, -79.202488421, 0.0
0.0, 4, 2568.000, , 4964, 0.0, , 695.8, 17395, -0.789, -0.289, 0.0, 0.0, 0.0, 0.0, 0.74, , , 40.000, -26.29, 1780000064200, 3276.8, 2.1, 3276.8, 3276.8, 0, , , , 0.0, 0.0, 36.558152937, -79.202458195, 0.0
0.0, 4, 2572.000, , 4852, 0.0, , 699.8, 17495, -0.814, -0.255, 0.0, 0.0, 0.0, 0.0, 0.71, , , 40.000, -27.14, 1780000064300, 3276.8, 2.1, 3276.8, 3276.8, 0, , , , 0.0, 0.0, 36.558126590, -79.202427532, 0.0
0.0, 4, 2576.000, , 4736, 0.0, , 703.8, 17595, -0.837, -0.221, 0.0, 0.0, 0.0, 0.0, 0.68, , , 40.000, -27.89, 1780000064400, 3276.8, 2.1, 3276.8, 3276.8, 0, , , , 0.0, 0.0, 36.558100575, -79.202396437, 0.0
0.0, 4, 2580.000, , 4618, 0.0, , 707.8, 17695, -0.856, -0.185, 0.0, 0.0, 0.0, 0.0, 0.65, , , 40.000, -28.53, 1780000064500, 3276.8, 2.1, 3276.8, 3276.8, 0, , , , 0.0, 0.0, 36.558074898, -79.202364916, 0.0
0.0, 4, 2584.000, , 4497, 0.0, , 711.8, 17795, -0.872, -0.149, 0.0, 0.0, 0.0, 0.0, 0.62, , , 40.000, -29.06, 1780000064600, 3276.8, 2.1, 3276.8, 3276.8, 0, , , , 0.0, 0.0, 36.558049564, -79.202332975, 0.0
0.0, 4, 2588.000, , 4375, 0.0, , 715.8, 17895, -0.884, -0.112, 0.0, 0.0, 0.0, 0.0, 0.59, , , 40.000, -29.47, 1780000064700, 3276.8, 2.1, 3276.8, 3276.8, 0, , , , 0.0, 0.0, 36.558024576, -79.202300619, 0.0
0.0, 4, 2592.000, , 4251, 0.0, , 719.8, 17995, -0.893, -0.075, 0.0, 0.0, 0.0, 0.0, 0.56, , , 40.000, -29.76, 1780000064800, 3276.8, 2.1, 3276.8, 3276.8, 0, , , , 0.0, 0.0, 36.557999939, -79.202267854, 0.0
0.0, 4, 2596.000, , 4126, 0.0, , 723.8, 18095, -0.898, -0.038, 0.0, 0.0, 0.0, 0.0, 0.53, , , 40.000, -29.94, 1780000064900, 3276.8, 2.1, 3276.8, 3276.8, 0, , , , 0.0, 0.0, 36.557975658, -79.202234686, 0.0
0.0, 4, 2600.000, , 4000, 0.0, , 727.8, 18195, -0.900, -0.000, 0.0, 0.0, 0.0, 0.0, 0.50, , , 40.000, -30.00, 1780000065000, 3276.8, 2.1, 3276.8, 3276.8, 0, , , , 0.0, 0.0, 36.557951737, -79.202201120, 0.0
2.5, 3, 2604.000, , 3874, 0.0, , 731.8, 18295, -0.898, 0.038, 0.0, 0.0, 0.0, 0.0, 0.47, , , 40.000, -29.94, 1780000065100, 3276.8, 2.1, 3276.8, 3276.8, 0, , , , 0.0, 0.0, 36.557928180, -79.202167164, 0.0
5.0, 3, 2608.000, , 3749, 0.0, , 735.8, 18395, -0.893, 0.075, 0.0, 0.0, 0.0, 0.0, 0.44, , , 40.000, -29.76, 1780000065200, 3276.8, 2.1, 3276.8, 3276.8, 0, , , , 0.0, 0.0, 36.557904991, -79.202132822, 0.0
7.5, 3, 2612.000, , 3625, 0.0, , 739.8, 18495, -0.884, 0.112, 0.0, 0.0, 0.0, 0.0, 0.41, , , 40.000, -29.47, 1780000065300, 3276.8, 2.1, 3276.8, 3276.8, 0, , , , 0.0, 0.0, 36.557882175, -79.202098101, 0.0
9.9, 3, 2616.000, , 3503, 0.0, , 743.8, 18595, -0.872, 0.149, 0.0, 0.0, 0.0, 0.0, 0.38, , , 40.000, -29.06, 1780000065400, 3276.8, 2.1, 3276.8, 3276.8, 0, , , , 0.0, 0.0, 36.557859735, -79.202063006, 0.0
12.4, 3, 2620.000, , 3382, 0.0, , 747.8, 18695, -0.856, 0.185, 0.0, 0.0, 0.0, 0.0, 0.35, , , 40.000, -28.53, 1780000065500, 3276.8, 2.1, 3276.8, 3276.8, 0, , , , 0.0, 0.0, 36.557837676, -79.202027546, 0.0
14.7, 3, 2624.000, , 3264, 0.0, , 751.8, 18795, -0.837, 0.221, 0.0, 0.0, 0.0, 0.0, 0.32, , , 40.000, -27.89, 1780000065600, 3276.8, 2.1, 3276.8, 3276.8, 0, , , , 0.0, 0.0, 36.557816001, -79.201991724, 0.0
17.0, 3, 2628.000, , 3148, 0.0, , 755.8, 18895, -0.814, 0.255, 0.0, 0.0, 0.0, 0.0, 0.29, , , 40.000, -27.14, 1780000065700, 3276.8, 2.1, 3276.8, 3276.8, 0, , , , 0.0, 0.0, 36.557794714, -79.201955549, 0.0
19.3, 3, 2632.000, , 3036, 0.0, , 759.8, 18995, -0.789, 0.289, 0.0, 0.0, 0.0, 0.0, 0.26, , , 40.000, -26.29, 1780000065800, 3276.8, 2.1, 3276.8, 3276.8, 0, , , , 0.0, 0.0, 36.557773819, -79.201919026, 0.0
21.4, 3, 2636.000, , 2928, 0.0, , 763.8, 19095, -0.760, 0.321, 0.0, 0.0, 0.0, 0.0, 0.23, , , 40.000, -25.33, 1780000065900, 3276.8, 2.1, 3276.8, 3276.8, 0, , , , 0.0, 0.0, 36.557753321, -79.201882162, 0.0
23.5, 3, 2640.000, , 2824, 0.0, , 767.8, 19195, -0.728, 0.353, 0.0, 0.0, 0.0, 0.0, 0.21, , , 40.000, -24.27, 1780000066000, 3276.8, 2.1, 3276.8, 3276.8, 0, , , , 0.0, 0.0, 36.557733221, -79.201844963, 0.0
25.5, 3, 2644.000, , 2725, 0.0, , 771.8, 19295, -0.693, 0.382, 0.0, 0.0, 0.0, 0.0, 0.18, , , 40.000, -23.12, 1780000066100, 3276.8, 2.1, 3276.8, 3276.8, 0, , , , 0.0, 0.0, 36.557713525, -79.201807436, 0.0
27.4, 3, 2648.000, , 2631, 0.0, , 775.8, 19395, -0.656, 0.411, 0.0, 0.0, 0.0, 0.0, 0.16, , , 40.000, -21.87, 1780000066200, 3276.8, 2.1, 3276.8, 3276.8, 0, , , , 0.0, 0.0, 36.557694235, -79.201769588, 0.0
29.2, 3, 2652.000, , 2542, 0.0, , 779.8, 19495, -0.616, 0.437, 0.0, 0.0, 0.0, 0.0, 0.14, , , 40.000, -20.54, 1780000066300, 3276.8, 2.1, 3276.8, 3276.8, 0, , , , 0.0, 0.0, 36.557675355, -79.201731425, 0.0
30.8, 3, 2656.000, , 2459, 0.0, , 783.8, 19595, -0.574, 0.462, 0.0, 0.0, 0.0, 0.0, 0.11, , , 40.000, -19.12, 1780000066400, 3276.8, 2.1, 3276.8, 3276.8, 0, , , , 0.0, 0.0, 36.557656888, -79.201692955, 0.0
32.4, 3, 2660.000, , 2382, 0.0, , 787.8, 19695, -0.529, 0.485, 0.0, 0.0, 0.0, 0.0, 0.10, , , 40.000, -17.63, 1780000066500, 3276.8, 2.1, 3276.8, 3276.8, 0, , , , 0.0, 0.0, 36.557638837, -79.201654183, 0.0
33.8, 3, 2664.000, , 2311, 0.0, , 791.8, 19795, -0.482, 0.507, 0.0, 0.0, 0.0, 0.0, 0.08, , , 40.000, -16.07, 1780000066600, 3276.8, 2.1, 3276.8, 3276.8, 0, , , , 0.0, 0.0, 36.557621207, -79.201615118, 0.0
35.1, 3, 2668.000, , 2247, 0.0, , 795.8, 19895, -0.434, 0.526, 0.0, 0.0, 0.0, 0.0, 0.06, , , 40.000, -14.45, 1780000066700, 3276.8, 2.1, 3276.8, 3276.8, 0, , , , 0.0, 0.0, 36.557603999, -79.201575765, 0.0
36.2, 3, 2672.000, , 2190, 0.0, , 799.8, 19995, -0.383, 0.543, 0.0, 0.0, 0.0, 0.0, 0.05, , , 40.000, -12.77, 1780000066800, 3276.8, 2.1, 3276.8, 3276.8, 0, , , , 0.0, 0.0, 36.557587217, -79.201536132, 0.0
37.2, 3, 2676.000, , 2140, 0.0, , 803.8, 20095, -0.331, 0.558, 0.0, 0.0, 0.0, 0.0, 0.04, , , 40.000, -11.04, 1780000066900, 3276.8, 2.1, 3276.8, 3276.8, 0, , , , 0.0, 0.0, 36.557570865, -79.201496226, 0.0
38.0, 3, 2680.000, , 2098, 0.0, , 807.8, 20195, -0.278, 0.571, 0.0, 0.0, 0.0, 0.0, 0.02, , , 40.000, -9.27, 1780000067000, 3276.8, 2.1, 3276.8, 3276.8, 0, , , , 0.0, 0.0, 36.557554944, -79.201456054, 0.0
38.7, 3, 2684.000, , 2063, 0.0, , 811.8, 20295, -0.224, 0.581, 0.0, 0.0, 0.0, 0.0, 0.02, , , 40.000, -7.46, 1780000067100, 3276.8, 2.1, 3276.8, 3276.8, 0, , , , 0.0, 0.0, 36.557539458, -79.201415624, 0.0
39.3, 3, 2688.000, , 2035, 0.0, , 815.8, 20395, -0.169, 0.589, 0.0, 0.0, 0.0, 0.0, 0.01, , , 40.000, -5.62, 1780000067200, 3276.8, 2.1, 3276.8, 3276.8, 0, , , , 0.0, 0.0, 36.557524409, -79.201374941, 0.0
39.7, 3, 2692.000, , 2016, 0.0, , 819.8, 20495, -0.113, 0.595, 0.0, 0.0, 0.0, 0.0, 0.00, , , 40.000, -3.76, 1780000067300, 3276.8, 2.1, 3276.8, 3276.8, 0, , , , 0.0, 0.0, 36.557509800, -79.201334014, 0.0
39.9, 3, 2696.000, , 2004, 0.0, , 823.8, 20595, -0.057, 0.599, 0.0, 0.0, 0.0, 0.0, 0.00, , , 40.000, -1.88, 1780000067400, 3276.8, 2.1, 3276.8, 3276.8, 0, , , , 0.0, 0.0, 36.557495634, -79.201292850, 0.0
40.0, 3, 2700.000, , 2000, 0.0, , 827.8, 20695, -0.000, 0.600, 0.0, 0.0, 0.0, 0.0, 0.00, , , 40.000, -0.00, 1780000067500, 3276.8, 2.1, 3276.8, 3276.8, 0, , , , 0.0, 0.0, 36.557481913, -79.201251457, 0.0
39.9, 3, 2704.000, , 2004, 0.0, , 831.8, 20795, 0.057, 0.599, 0.0, 0.0, 0.0, 0.0, 0.00, , , 40.000, 1.88, 1780000067600, 3276.8, 2.1, 3276.8, 3276.8, 0, , , , 0.0, 0.0, 36.557468640, -79.201209840, 0.0
39.7, 3, 2708.000, , 2016, 0.0, , 835.8, 20895, 0.113, 0.595, 0.0, 0.0, 0.0, 0.0, 0.00, , , 40.000, 3.76, 1780000067700, 3276.8, 2.1, 3276.8, 3276.8, 0, , , , 0.0, 0.0, 36.557455817, -79.201168009, 0.0
39.3, 3, 2712.000, , 2035, 0.0, , 839.8, 20995, 0.169, 0.589, 0.0, 0.0, 0.0, 0.0, 0.01, , , 40.000, 5.62, 1780000067800, 3276.8, 2.1, 3276.8, 3276.8, 0, , , , 0.0, 0.0, 36.557443446, -79.201125970, 0.0
38.7, 3, 2716.000, , 2063, 0.0, , 843.8, 21095, 0.224, 0.581, 0.0, 0.0, 0.0, 0.0, 0.02, , , 40.000, 7.46, 1780000067900, 3276.8, 2.1, 3276.8, 3276.8, 0, , , , 0.0, 0.0, 36.557431530, -79.201083731, 0.0
38.0, 3, 2720.000, , 2098, 0.0, , 847.8, 21195, 0.278, 0.571, 0.0, 0.0, 0.0, 0.0, 0.02, , , 40.000, 9.27, 1780000068000, 3276.8, 2.1, 3276.8, 3276.8, 0, , , , 0.0, 0.0, 36.557420070, -79.201041299, 0.0
37.2, 3, 2724.000, , 2140, 0.0, , 851.8, 21295, 0.331, 0.558, 0.0, 0.0, 0.0, 0.0, 0.04, , , 40.000, 11.04, 1780000068100, 3276.8, 2.1, 3276.8, 3276.8, 0, , , , 0.0, 0.0, 36.557409069, -79.200998682, 0.0
36.2, 3, 2728.000, , 2190, 0.0, , 855.8, 21395, 0.383, 0.543, 0.0, 0.0, 0.0, 0.0, 0.05, , , 40.000, 12.77, 1780000068200, 3276.8, 2.1, 3276.8, 3276.8, 0, , , , 0.0, 0.0, 36.557398528, -79.200955887, 0.0
35.1, 3, 2732.000, , 2247, 0.0, , 859.8, 21495, 0.434, 0.526, 0.0, 0.0, 0.0, 0.0, 0.06, , , 40.000, 14.45, 1780000068300, 3276.8, 2.1, 3276.8, 3276.8, 0, , , , 0.0, 0.0, 36.557388450, -79.200912923, 0.0
33.8, 3, 2736.000, , 2311, 0.0, , 863.8, 21595, 0.482, 0.507, 0.0, 0.0, 0.0, 0.0, 0.08, , , 40.000, 16.07, 1780000068400, 3276.8, 2.1, 3276.8, 3276.8, 0, , , , 0.0, 0.0, 36.557378836, -79.200869796, 0.0
32.4, 3, 2740.000, , 2382, 0.0, , 867.8, 21695, 0.529, 0.485, 0.0, 0.0, 0.0, 0.0, 0.10, , , 40.000, 17.63, 1780000068500, 3276.8, 2.1, 3276.8, 3276.8, 0, , , , 0.0, 0.0, 36.557369689, -79.200826515, 0.0
30.8, 3, 2744.000, , 2459, 0.0, , 871.8, 21795, 0.574, 0.462, 0.0, 0.0, 0.0, 0.0, 0.11, , , 40.000, 19.12, 1780000068600, 3276.8, 2.1, 3276.8, 3276.8, 0, , , , 0.0, 0.0, 36.557361008, -79.200783087, 0.0
29.2, 3, 2748.000, , 2542, 0.0, , 875.8, 21895, 0.616, 0.437, 0.0, 0.0, 0.0, 0.0, 0.14, , , 40.000, 20.54, 1780000068700, 3276.8, 2.1, 3276.8, 3276.8, 0, , , , 0.0, 0.0, 36.557352797, -79.200739519, 0.0
27.4, 3, 2752.000, , 2631, 0.0, , 879.8, 21995, 0.656, 0.411, 0.0, 0.0, 0.0, 0.0, 0.16, , , 40.000, 21.87, 1780000068800, 3276.8, 2.1, 3276.8, 3276.8, 0, , , , 0.0, 0.0, 36.557345057, -79.200695820, 0.0
25.5, 3, 2756.000, , 2725, 0.0, , 883.8, 22095, 0.693, 0.382, 0.0, 0.0, 0.0, 0.0, 0.18, , , 40.000, 23.12, 1780000068900, 3276.8, 2.1, 3276.8, 3276.8, 0, , , , 0.0, 0.0, 36.557337788, -79.200651997, 0.0
23.5, 3, 2760.000, , 2824, 0.0, , 887.8, 22195, 0.728, 0.353, 0.0, 0.0, 0.0, 0.0, 0.21, , , 40.000, 24.27, 1780000069000, 3276.8, 2.1, 3276.8, 3276.8, 0, , , , 0.0, 0.0, 36.557330993, -79.200608059, 0.0
21.4, 3, 2764.000, , 2928, 0.0, , 891.8, 22295, 0.760, 0.321, 0.0, 0.0, 0.0, 0.0, 0.23, , , 40.000, 25.33, 1780000069100, 3276.8, 2.1, 3276.8, 3276.8, 0, , , , 0.0, 0.0, 36.557324673, -79.200564012, 0.0
19.3, 3, 2768.000, , 3036, 0.0, , 895.8, 22395, 0.789, 0.289, 0.0, 0.0, 0.0, 0.0, 0.26, , , 40.000, 26.29, 1780000069200, 3276.8, 2.1, 3276.8, 3276.8, 0, , , , 0.0, 0.0, 36.557318827, -79.200519865, 0.0
17.0, 3, 2772.000, , 3148, 0.0, , 899.8, 22495, 0.814, 0.255, 0.0, 0.0, 0.0, 0.0, 0.29, , , 40.000, 27.14, 1780000069300, 3276.8, 2.1, 3276.8, 3276.8, 0, , , , 0.0, 0.0, 36.557313459, -79.200475626, 0.0
14.7, 3, 2776.000, , 3264, 0.0, , 903.8, 22595, 0.837, 0.221, 0.0, 0.0, 0.0, 0.0, 0.32, , , 40.000, 27.89, 1780000069400, 3276.8, 2.1, 3276.8, 3276.8, 0, , , , 0.0, 0.0, 36.557308568, -79.200431302, 0.0
12.4, 3, 2780.000, , 3382, 0.0, , 907.8, 22695, 0.856, 0.185, 0.0, 0.0, 0.0, 0.0, 0.35, , , 40.000, 28.53, 1780000069500, 3276.8, 2.1, 3276.8, 3276.8, 0, , , , 0.0, 0.0, 36.557304156, -79.200386901, 0.0
9.9, 3, 2784.000, , 3503, 0.0, , 911.8, 22795, 0.872, 0.149, 0.0, 0.0, 0.0, 0.0, 0.38, , , 40.000, 29.06, 1780000069600, 3276.8, 2.1, 3276.8, 3276.8, 0, , , , 0.0, 0.0, 36.557300223, -79.200342432, 0.0
7.5, 3, 2788.000, , 3625, 0.0, , 915.8, 22895, 0.884, 0.112, 0.0, 0.0, 0.0, 0.0, 0.41, , , 40.000, 29.47, 1780000069700, 3276.8, 2.1, 3276.8, 3276.8, 0, , , , 0.0, 0.0, 36.557296770, -79.200297902, 0.0
5.0, 3, 2792.000, , 3749, 0.0, , 919.8, 22995, 0.893, 0.075, 0.0, 0.0, 0.0, 0.0, 0.44, , , 40.000, 29.76, 1780000069800, 3276.8, 2.1, 3276.8, 3276.8, 0, , , , 0.0, 0.0, 36.557293797, -79.200253318, 0.0
2.5, 3, 2796.000, , 3874, 0.0, , 923.8, 23095, 0.898, 0.038, 0.0, 0.0, 0.0, 0.0, 0.47, , , 40.000, 29.94, 1780000069900, 3276.8, 2.1, 3276.8, 3276.8, 0, , , , 0.0, 0.0, 36.557291305, -79.200208690, 0.0
0.0, 3, 2800.000, , 4000, 0.0, , 927.8, 23195, 0.900, 0.000, 0.0, 0.0, 0.0, 0.0, 0.50, , , 40.000, 30.00, 1780000070000, 3276.8, 2.1, 3276.8, 3276.8, 0, , , , 0.0, 0.0, 36.557289295, -79.200164025, 0.0
0.0, 4, 2804.000, , 4126, 0.0, , 931.8, 23295, 0.898, -0.038, 0.0, 0.0, 0.0, 0.0, 0.53, , , 40.000, 29.94, 1780000070100, 3276.8, 2.1, 3276.8, 3276.8, 0, , , , 0.0, 0.0, 36.557287767, -79.200119330, 0.0
0.0, 4, 2808.000, , 4251, 0.0, , 935.8, 23395, 0.893, -0.075, 0.0, 0.0, 0.0, 0.0, 0.56, , , 40.000, 29.76, 1780000070200, 3276.8, 2.1, 3276.8, 3276.8, 0, , , , 0.0, 0.0, 36.557286722, -79.200074615, 0.0
0.0, 4, 2812.000, , 4375, 0.0, , 939.8, 23495, 0.884, -0.112, 0.0, 0.0, 0.0, 0.0, 0.59, , , 40.000, 29.47, 1780000070300, 3276.8, 2.1, 3276.8, 3276.8, 0, , , , 0.0, 0.0, 36.557286158, -79.200029886, 0.0
0.0, 4, 2816.000, , 4497, 0.0, , 943.8, 23595, 0.872, -0.149, 0.0, 0.0, 0.0, 0.0, 0.62, , , 40.000, 29.06, 1780000070400, 3276.8, 2.1, 3276.8, 3276.8, 0, , , , 0.0, 0.0, 36.557286077, -79.199985151, 0.0
0.0, 4, 2820.000, , 4618, 0.0, , 947.8, 23695, 0.856, -0.185, 0.0, 0.0, 0.0, 0.0, 0.65, , , 40.000, 28.53, 1780000070500, 3276.8, 2.1, 3276.8, 3276.8, 0, , , , 0.0, 0.0, 36.557286478, -79.199940420, 0.0
0.0, 4, 2824.000, , 4736, 0.0, , 951.8, 23795, 0.837, -0.221, 0.0, 0.0, 0.0, 0.0, 0.68, , , 40.000, 27.89, 1780000070600, 3276.8, 2.1, 3276.8, 3276.8, 0, , , , 0.0, 0.0, 36.557287362, -79.199895699, 0.0
0.0, 4, 2828.000, , 4852, 0.0, , 955.8, 23895, 0.814, -0.255, 0.0, 0.0, 0.0, 0.0, 0.71, , , 40.000, 27.14, 1780000070700, 3276.8, 2.1, 3276.8, 3276.8, 0, , , , 0.0, 0.0, 36.557288728, -79.199850996, 0.0
0.0, 4, 2832.000, , 4964, 0.0, , 959.8, 23995, 0.789, -0.289, 0.0, 0.0, 0.0, 0.0, 0.74, , , 40.000, 26.29, 1780000070800, 3276.8, 2.1, 3276.8, 3276.8, 0, , , , 0.0, 0.0, 36.557290576, -79.199806320, 0.0
0.0, 4, 2836.000, , 5072, 0.0, , 963.8, 24095, 0.760, -0.321, 0.0, 0.0, 0.0, 0.0, 0.77, , , 40.000, 25.33, 1780000070900, 3276.8, 2.1, 3276.8, 3276.8, 0, , , , 0.0, 0.0, 36.557292906, -79.199761678, 0.0
0.0, 4, 2840.000, , 5176, 0.0, , 967.8, 24195, 0.728, -0.353, 0.0, 0.0, 0.0, 0.0, 0.79, , , 40.000, 24.27, 1780000071000, 3276.8, 2.1, 3276.8, 3276.8, 0, , , , 0.0, 0.0, 36.557295717, -79.199717079, 0.0
0.0, 4, 2844.000, , 5275, 0.0, , 971.8, 24295, 0.693, -0.382, 0.0, 0.0, 0.0, 0.0, 0.82, , , 40.000, 23.12, 1780000071100, 3276.8, 2.1, 3276.8, 3276.8, 0, , , , 0.0, 0.0, 36.557299008, -79.199672530, 0.0
0.0, 4, 2848.000, , 5369, 0.0, , 975.8, 24395, 0.656, -0.411, 0.0, 0.0, 0.0, 0.0, 0.84, , , 40.000, 21.87, 1780000071200, 3276.8, 2.1, 3276.8, 3276.8, 0, , , , 0.0, 0.0, 36.557302780, -79.199628040, 0.0
0.0, 4, 2852.000, , 5458, 0.0, , 979.8, 24495, 0.616, -0.437, 0.0, 0.0, 0.0, 0.0, 0.86, , , 40.000, 20.54, 1780000071300, 3276.8, 2.1, 3276.8, 3276.8, 0, , , , 0.0, 0.0, 36.557307032, -79.199583615, 0.0
0.0, 4, 2856.000, , 5541, 0.0, , 983.8, 24595, 0.574, -0.462, 0.0, 0.0, 0.0, 0.0, 0.89, , , 40.000, 19.12, 1780000071400, 3276.8, 2.1, 3276.8, 3276.8, 0, , , , 0.0, 0.0, 36.557311762, -79.199539264, 0.0
0.0, 4, 2860.000, , 5618, 0.0, , 987.8, 24695, 0.529, -0.485, 0.0, 0.0, 0.0, 0.0, 0.90, , , 40.000, 17.63, 1780000071500, 3276.8, 2.1, 3276.8, 3276.8, 0, , , , 0.0, 0.0, 36.557316970, -79.199494996, 0.0
0.0, 4, 2864.000, , 5689, 0.0, , 991.8, 24795, 0.482, -0.507, 0.0, 0.0, 0.0, 0.0, 0.92, , , 40.000, 16.07, 1780000071600, 3276.8, 2.1, 3276.8, 3276.8, 0, , , , 0.0, 0.0, 36.557322655, -79.199450817, 0.0
0.0, 4, 2868.000, , 5753, 0.0, , 995.8, 24895, 0.434, -0.526, 0.0, 0.0, 0.0, 0.0, 0.94, , , 40.000, 14.45, 1780000071700, 3276.8, 2.1, 3276.8, 3276.8, 0, , , , 0.0, 0.0, 36.557328816, -79.199406735, 0.0
0.0, 4, 2872.000, , 5810, 0.0, , 999.8, 24995, 0.383, -0.543, 0.0, 0.0, 0.0, 0.0, 0.95, , , 40.000, 12.77, 1780000071800, 3276.8, 2.1, 3276.8, 3276.8, 0, , , , 0.0, 0.0, 36.557335451, -79.199362760, 0.0
0.0, 4, 2876.000, , 5860, 0.0, , 1003.8, 25095, 0.331, -0.558, 0.0, 0.0, 0.0, 0.0, 0.96, , , 40.000, 11.04, 1780000071900, 3276.8, 2.1, 3276.8, 3276.8, 0, , , , 0.0, 0.0, 36.557342561, -79.199318897, 0.0
0.0, 4, 2880.000, , 5902, 0.0, , 1007.8, 25195, 0.278, -0.571, 0.0, 0.0, 0.0, 0.0, 0.98, , , 40.000, 9.27, 1780000072000, 3276.8, 2.1, 3276.8, 3276.8, 0, , , , 0.0, 0.0, 36.557350143, -79.199275156, 0.0
0.0, 4, 2884.000, , 5937, 0.0, , 1011.8, 25295, 0.224, -0.581, 0.0, 0.0, 0.0, 0.0, 0.98, , , 40.000, 7.46, 1780000072100, 3276.8, 2.1, 3276.8, 3276.8, 0, , , , 0.0, 0.0, 36.557358196, -79.199231543, 0.0
0.0, 4, 2888.000, , 5965, 0.0, , 1015.8, 25395, 0.169, -0.589, 0.0, 0.0, 0.0, 0.0, 0.99, , , 40.000, 5.62, 1780000072200, 3276.8, 2.1, 3276.8, 3276.8, 0, , , , 0.0, 0.0, 36.557366718, -79.199188067, 0.0
0.0, 4, 2892.000, , 5984, 0.0, , 1019.8, 25495, 0.113, -0.595, 0.0, 0.0, 0.0, 0.0, 1.00, , , 40.000, 3.76, 1780000072300, 3276.8, 2.1, 3276.8, 3276.8, 0, , , , 0.0, 0.0, 36.557375709, -79.199144736, 0.0
0.0, 4, 2896.000, , 5996, 0.0, , 1023.8, 25595, 0.057, -0.599, 0.0, 0.0, 0.0, 0.0, 1.00, , , 40.000, 1.88, 1780000072400, 3276.8, 2.1, 3276.8, 3276.8, 0, , , , 0.0, 0.0, 36.557385167, -79.199101556, 0.0
0.0, 4, 2900.000, , 6000, 0.0, , 1027.8, 25695, -0.000, -0.600, 0.0, 0.0, 0.0, 0.0, 1.00, , , 40.000, -0.00, 1780000072500, 3276.8, 2.1, 3276.8, 3276.8, 0, , , , 0.0, 0.0, 36.557395089, -79.199058536, 0.0
0.0, 4, 2904.000, , 5996, 0.0, , 1031.8, 25795, -0.057, -0.599, 0.0, 0.0, 0.0, 0.0, 1.00, , , 40.000, -1.88, 1780000072600, 3276.8, 2.1, 3276.8, 3276.8, 0, , , , 0.0, 0.0, 36.557405474, -79.199015684, 0.0
0.0, 4, 2908.000, , 5984, 0.0, , 1035.8, 25895, -0.113, -0.595, 0.0, 0.0, 0.0, 0.0, 1.00, , , 40.000, -3.76, 1780000072700, 3276.8, 2.1, 3276.8, 3276.8, 0, , , , 0.0, 0.0, 36.557416321, -79.198973006, 0.0
0.0, 4, 2912.000, , 5965, 0.0, , 1039.8, 25995, -0.169, -0.589, 0.0, 0.0, 0.0, 0.0, 0.99, , , 40.000, -5.62, 1780000072800, 3276.8, 2.1, 3276.8, 3276.8, 0, , , , 0.0, 0.0, 36.557427626, -79.198930511, 0.0
0.0, 4, 2916.000, , 5937, 0.0, , 1043.8, 26095, -0.224, -0.581, 0.0, 0.0, 0.0, 0.0, 0.98, , , 40.000, -7.46, 1780000072900, 3276.8, 2.1, 3276.8, 3276.8, 0, , , , 0.0, 0.0, 36.557439389, -79.198888207, 0.0
0.0, 4, 2920.000, , 5902, 0.0, , 1047.8, 26195, -0.278, -0.571, 0.0, 0.0, 0.0, 0.0, 0.98, , , 40.000, -9.27, 1780000073000, 3276.8, 2.1, 3276.8, 3276.8, 0, , , , 0.0, 0.0, 36.557451608, -79.198846099, 0.0
0.0, 4, 2924.000, , 5860, 0.0, , 1051.8, 26295, -0.331, -0.558, 0.0, 0.0, 0.0, 0.0, 0.96, , , 40.000, -11.04, 1780000073100, 3276.8, 2.1, 3276.8, 3276.8, 0, , , , 0.0, 0.0, 36.557464279, -79.198804197, 0.0
0.0, 4, 2928.000, , 5810, 0.0, , 1055.8, 26395, -0.383, -0.543, 0.0, 0.0, 0.0, 0.0, 0.95, , , 40.000, -12.77, 1780000073200, 3276.8, 2.1, 3276.8, 3276.8, 0, , , , 0.0, 0.0, 36.557477401, -79.198762508, 0.0
0.0, 4, 2932.000, , 5753, 0.0, , 1059.8, 26495, -0.434, -0.526, 0.0, 0.0, 0.0, 0.0, 0.94, , , 40.000, -14.45, 1780000073300, 3276.8, 2.1, 3276.8, 3276.8, 0, , , , 0.0, 0.0, 36.557490972, -79.198721039, 0.0
0.0, 4, 2936.000, , 5689, 0.0, , 1063.8, 26595, -0.482, -0.507, 0.0, 0.0, 0.0, 0.0, 0.92, , , 40.000, -16.07, 1780000073400, 3276.8, 2.1, 3276.8, 3276.8, 0, , , , 0.0, 0.0, 36.557504989, -79.198679796, 0.0
0.0, 4, 2940.000, , 5618, 0.0, , 1067.8, 26695, -0.529, -0.485, 0.0, 0.0, 0.0, 0.0, 0.90, , , 40.000, -17.63, 1780000073500, 3276.8, 2.1, 3276.8, 3276.8, 0, , , , 0.0, 0.0, 36.557519449, -79.198638789, 0.0
0.0, 4, 2944.000, , 5541, 0.0, , 1071.8, 26795, -0.574, -0.462, 0.0, 0.0, 0.0, 0.0, 0.89, , , 40.000, -19.12, 1780000073600, 3276.8, 2.1, 3276.8, 3276.8, 0, , , , 0.0, 0.0, 36.557534350, -79.198598024, 0.0
0.0, 4, 2948.000, , 5458, 0.0, , 1075.8, 26895, -0.616, -0.437, 0.0, 0.0, 0.0, 0.0, 0.86, , , 40.000, -20.54, 1780000073700, 3276.8, 2.1, 3276.8, 3276.8, 0, , , , 0.0, 0.0, 36.557549690, -79.198557508, 0.0
0.0, 4, 2952.000, , 5369, 0.0, , 1079.8, 26995, -0.656, -0.411, 0.0, 0.0, 0.0, 0.0, 0.84, , , 40.000, -21.87, 1780000073800, 3276.8, 2.1, 3276.8, 3276.8, 0, , , , 0.0, 0.0, 36.557565465, -79.198517248, 0.0
0.0, 4, 2956.000, , 5275, 0.0, , 1083.8, 27095, -0.693, -0.382, 0.0, 0.0, 0.0, 0.0, 0.82, , , 40.000, -23.12, 1780000073900, 3276.8, 2.1, 3276.8, 3276.8, 0, , , , 0.0, 0.0, 36.557581673, -79.198477252, 0.0
0.0, 4, 2960.000, , 5176, 0.0, , 1087.8, 27195, -0.728, -0.353, 0.0, 0.0, 0.0, 0.0, 0.79, , , 40.000, -24.27, 1780000074000, 3276.8, 2.1, 3276.8, 3276.8, 0, , , , 0.0, 0.0, 36.557598310, -79.198437526, 0.0
0.0, 4, 2964.000, , 5072, 0.0, , 1091.8, 27295, -0.760, -0.321, 0.0, 0.0, 0.0, 0.0, 0.77, , , 40.000, -25.33, 1780000074100, 3276.8, 2.1, 3276.8, 3276.8, 0, , , , 0.0, 0.0, 36.557615375, -79.198398079, 0.0
0.0, 4, 2968.000, , 4964, 0.0, , 1095.8, 27395, -0.789, -0.289, 0.0, 0.0, 0.0, 0.0, 0.74, , , 40.000, -26.29, 1780000074200, 3276.8, 2.1, 3276.8, 3276.8, 0, , , , 0.0, 0.0, 36.557632864, -79.198358916, 0.0
0.0, 4, 2972.000, , 4852, 0.0, , 1099.8, 27495, -0.814, -0.255, 0.0, 0.0, 0.0, 0.0, 0.71, , , 40.000, -27.14, 1780000074300, 3276.8, 2.1, 3276.8, 3276.8, 0, , , , 0.0, 0.0, 36.557650774, -79.198320045, 0.0
0.0, 4, 2976.000, , 4736, 0.0, , 1103.8, 27595, -0.837, -0.221, 0.0, 0.0, 0.0, 0.0, 0.68, , , 40.000, -27.89, 1780000074400, 3276.8, 2.1, 3276.8, 3276.8, 0, , , , 0.0, 0.0, 36.557669101, -79.198281472, 0.0
0.0, 4, 2980.000, , 4618, 0.0, , 1107.8, 27695, -0.856, -0.185, 0.0, 0.0, 0.0, 0.0, 0.65, , , 40.000, -28.53, 1780000074500, 3276.8, 2.1, 3276.8, 3276.8, 0, , , , 0.0, 0.0, 36.557687842, -79.198243206, 0.0
0.0, 4, 2984.000, , 4497, 0.0, , 1111.8, 27795, -0.872, -0.149, 0.0, 0.0, 0.0, 0.0, 0.62, , , 40.000, -29.06, 1780000074600, 3276.8, 2.1, 3276.8, 3276.8, 0, , , , 0.0, 0.0, 36.557706995, -79.198205251, 0.0
0.0, 4, 2988.000, , 4375, 0.0, , 1115.8, 27895, -0.884, -0.112, 0.0, 0.0, 0.0, 0.0, 0.59, , , 40.000, -29.47, 1780000074700, 3276.8, 2.1, 3276.8, 3276.8, 0, , , , 0.0, 0.0, 36.557726555, -79.198167615, 0.0
0.0, 4, 2992.000, , 4251, 0.0, , 1119.8, 27995, -0.893, -0.075, 0.0, 0.0, 0.0, 0.0, 0.56, , , 40.000, -29.76, 1780000074800, 3276.8, 2.1, 3276.8, 3276.8, 0, , , , 0.0, 0.0, 36.557746520, -79.198130306, 0.0
0.0, 4, 2996.000, , 4126, 0.0, , 1123.8, 28095, -0.898, -0.038, 0.0, 0.0, 0.0, 0.0, 0.53, , , 40.000, -29.94, 1780000074900, 3276.8, 2.1, 3276.8, 3276.8, 0, , , , 0.0, 0.0, 36.557766885, -79.198093328, 0.0
0.0, 4, 3000.000, , 4000, 0.0, , 1127.8, 28195, -0.900, -0.000, 0.0, 0.0, 0.0, 0.0, 0.50, , , 40.000, -30.00, 1780000075000, 3276.8, 2.1, 3276.8, 3276.8, 0, , , , 0.0, 0.0, 36.557787647, -79.198056690, 0.0
2.5, 3, 3004.000, , 3874, 0.0, , 1131.8, 28295, -0.898, 0.038, 0.0, 0.0, 0.0, 0.0, 0.47, , , 40.000, -29.94, 1780000075100, 3276.8, 2.1, 3276.8, 3276.8, 0, , , , 0.0, 0.0, 36.557808802, -79.198020397, 0.0
5.0, 3, 3008.000, , 3749, 0.0, , 1135.8, 28395, -0.893, 0.075, 0.0, 0.0, 0.0, 0.0, 0.44, , , 40.000, -29.76, 1780000075200, 3276.8, 2.1, 3276.8, 3276.8, 0, , , , 0.0, 0.0, 36.557830347, -79.197984456, 0.0
7.5, 3, 3012.000, , 3625, 0.0, , 1139.8, 28495, -0.884, 0.112, 0.0, 0.0, 0.0, 0.0, 0.41, , , 40.000, -29.47, 1780000075300, 3276.8, 2.1, 3276.8, 3276.8, 0, , , , 0.0, 0.0, 36.557852277, -79.197948873, 0.0
9.9, 3, 3016.000, , 3503, 0.0, , 1143.8, 28595, -0.872, 0.149, 0.0, 0.0, 0.0, 0.0, 0.38, , , 40.000, -29.06, 1780000075400, 3276.8, 2.1, 3276.8, 3276.8, 0, , , , 0.0, 0.0, 36.557874590, -79.197913655, 0.0
12.4, 3, 3020.000, , 3382, 0.0, , 1147.8, 28695, -0.856, 0.185, 0.0, 0.0, 0.0, 0.0, 0.35, , , 40.000, -28.53, 1780000075500, 3276.8, 2.1, 3276.8, 3276.8, 0, , , , 0.0, 0.0, 36.557897280, -79.197878808, 0.0
14.7, 3, 3024.000, , 3264, 0.0, , 1151.8, 28795, -0.837, 0.221, 0.0, 0.0, 0.0, 0.0, 0.32, , , 40.000, -27.89, 1780000075600, 3276.8, 2.1, 3276.8, 3276.8, 0, , , , 0.0, 0.0, 36.557920344, -79.197844337, 0.0
17.0, 3, 3028.000, , 3148, 0.0, , 1155.8, 28895, -0.814, 0.255, 0.0, 0.0, 0.0, 0.0, 0.29, , , 40.000, -27.14, 1780000075700, 3276.8, 2.1, 3276.8, 3276.8, 0, , , , 0.0, 0.0, 36.557943778, -79.197810251, 0.0
19.3, 3, 3032.000, , 3036, 0.0, , 1159.8, 28995, -0.789, 0.289, 0.0, 0.0, 0.0, 0.0, 0.26, , , 40.000, -26.29, 1780000075800, 3276.8, 2.1, 3276.8, 3276.8, 0, , , , 0.0, 0.0, 36.557967577, -79.197776553, 0.0
21.4, 3, 3036.000, , 2928, 0.0, , 1163.8, 29095, -0.760, 0.321, 0.0, 0.0, 0.0, 0.0, 0.23, , , 40.000, -25.33, 1780000075900, 3276.8, 2.1, 3276.8, 3276.8, 0, , , , 0.0, 0.0, 36.557991738, -79.197743251, 0.0
23.5, 3, 3040.000, , 2824, 0.0, , 1167.8, 29195, -0.728, 0.353, 0.0, 0.0, 0.0, 0.0, 0.21, , , 40.000, -24.27, 1780000076000, 3276.8, 2.1, 3276.8, 3276.8, 0, , , , 0.0, 0.0, 36.558016255, -79.197710349, 0.0
25.5, 3, 3044.000, , 2725, 0.0, , 1171.8, 29295, -0.693, 0.382, 0.0, 0.0, 0.0, 0.0, 0.18, , , 40.000, -23.12, 1780000076100, 3276.8, 2.1, 3276.8, 3276.8, 0, , , , 0.0, 0.0, 36.558041126, -79.197677855, 0.0
27.4, 3, 3048.000, , 2631, 0.0, , 1175.8, 29395, -0.656, 0.411, 0.0, 0.0, 0.0, 0.0, 0.16, , , 40.000, -21.87, 1780000076200, 3276.8, 2.1, 3276.8, 3276.8, 0, , , , 0.0, 0.0, 36.558066344, -79.197645774, 0.0
29.2, 3, 3052.000, , 2542, 0.0, , 1179.8, 29495, -0.616, 0.437, 0.0, 0.0, 0.0, 0.0, 0.14, , , 40.000, -20.54, 1780000076300, 3276.8, 2.1, 3276.8, 3276.8, 0, , , , 0.0, 0.0, 36.558091906, -79.197614111, 0.0
30.8, 3, 3056.000, , 2459, 0.0, , 1183.8, 29595, -0.574, 0.462, 0.0, 0.0, 0.0, 0.0, 0.11, , , 40.000, -19.12, 1780000076400, 3276.8, 2.1, 3276.8, 3276.8, 0, , , , 0.0, 0.0, 36.558117808, -79.197582873, 0.0
32.4, 3, 3060.000, , 2382, 0.0, , 1187.8, 29695, -0.529, 0.485, 0.0, 0.0, 0.0, 0.0, 0.10, , , 40.000, -17.63, 1780000076500, 3276.8, 2.1, 3276.8, 3276.8, 0, , , , 0.0, 0.0, 36.558144044, -79.197552064, 0.0
33.8, 3, 3064.000, , 2311, 0.0, , 1191.8, 29795, -0.482, 0.507, 0.0, 0.0, 0.0, 0.0, 0.08, , , 40.000, -16.07, 1780000076600, 3276.8, 2.1, 3276.8, 3276.8, 0, , , , 0.0, 0.0, 36.558170610, -79.197521690, 0.0
35.1, 3, 3068.000, , 2247, 0.0, , 1195.8, 29895, -0.434, 0.526, 0.0, 0.0, 0.0, 0.0, 0.06, , , 40.000, -14.45, 1780000076700, 3276.8, 2.1, 3276.8, 3276.8, 0, , , , 0.0, 0.0, 36.558197501, -79.197491757, 0.0
36.2, 3, 3072.000, , 2190, 0.0, , 1199.8, 29995, -0.383, 0.543, 0.0, 0.0, 0.0, 0.0, 0.05, , , 40.000, -12.77, 1780000076800, 3276.8, 2.1, 3276.8, 3276.8, 0, , , , 0.0, 0.0, 36.558224713, -79.197462270, 0.0
37.2, 3, 3076.000, , 2140, 0.0, , 1203.8, 30095, -0.331, 0.558, 0.0, 0.0, 0.0, 0.0, 0.04, , , 40.000, -11.04, 1780000076900, 3276.8, 2.1, 3276.8, 3276.8, 0, , , , 0.0, 0.0, 36.558252240, -79.197433234, 0.0
38.0, 3, 3080.000, , 2098, 0.0, , 1207.8, 30195, -0.278, 0.571, 0.0, 0.0, 0.0, 0.0, 0.02, , , 40.000, -9.27, 1780000077000, 3276.8, 2.1, 3276.8, 3276.8, 0, , , , 0.0, 0.0, 36.558280078, -79.197404654, 0.0
38.7, 3, 3084.000, , 2063, 0.0, , 1211.8, 30295, -0.224, 0.581, 0.0, 0.0, 0.0, 0.0, 0.02, , , 40.000, -7.46, 1780000077100, 3276.8, 2.1, 3276.8, 3276.8, 0, , , , 0.0, 0.0, 36.558308222, -79.197376536, 0.0
39.3, 3, 3088.000, , 2035, 0.0, , 1215.8, 30395, -0.169, 0.589, 0.0, 0.0, 0.0, 0.0, 0.01, , , 40.000, -5.62, 1780000077200, 3276.8, 2.1, 3276.8, 3276.8, 0, , , , 0.0, 0.0, 36.558336667, -79.197348884, 0.0
39.7, 3, 3092.000, , 2016, 0.0, , 1219.8, 30495, -0.113, 0.595, 0.0, 0.0, 0.0, 0.0, 0.00, , , 40.000, -3.76, 1780000077300, 3276.8, 2.1, 3276.8, 3276.8, 0, , , , 0.0, 0.0, 36.558365407, -79.197321703, 0.0
39.9, 3, 3096.000, , 2004, 0.0, , 1223.8, 30595, -0.057, 0.599, 0.0, 0.0, 0.0, 0.0, 0.00, , , 40.000, -1.88, 1780000077400, 3276.8, 2.1, 3276.8, 3276.8, 0, , , , 0.0, 0.0, 36.558394438, -79.197294998, 0.0
40.0, 3, 3100.000, , 2000, 0.0, , 1227.8, 30695, -0.000, 0.600, 0.0, 0.0, 0.0, 0.0, 0.00, , , 40.000, -0.00, 1780000077500, 3276.8, 2.1, 3276.8, 3276.8, 0, , , , 0.0, 0.0, 36.558423754, -79.197268775, 0.0
39.9, 3, 3104.000, , 2004, 0.0, , 1231.8, 30795, 0.057, 0.599, 0.0, 0.0, 0.0, 0.0, 0.00, , , 40.000, 1.88, 1780000077600, 3276.8, 2.1, 3276.8, 3276.8, 0, , , , 0.0, 0.0, 36.558453350, -79.197243036, 0.0
39.7, 3, 3108.000, , 2016, 0.0, , 1235.8, 30895, 0.113, 0.595, 0.0, 0.0, 0.0, 0.0, 0.00, , , 40.000, 3.76, 1780000077700, 3276.8, 2.1, 3276.8, 3276.8, 0, , , , 0.0, 0.0, 36.558483222, -79.197217788, 0.0
39.3, 3, 3112.000, , 2035, 0.0, , 1239.8, 30995, 0.169, 0.589, 0.0, 0.0, 0.0, 0.0, 0.01, , , 40.000, 5.62, 1780000077800, 3276.8, 2.1, 3276.8, 3276.8, 0, , , , 0.0, 0.0, 36.558513363, -79.197193035, 0.0
38.7, 3, 3116.000, , 2063, 0.0, , 1243.8, 31095, 0.224, 0.581, 0.0, 0.0, 0.0, 0.0, 0.02, , , 40.000, 7.46, 1780000077900, 3276.8, 2.1, 3276.8, 3276.8, 0, , , , 0.0, 0.0, 36.558543768, -79.197168781, 0.0
38.0, 3, 3120.000, , 2098, 0.0, , 1247.8, 31195, 0.278, 0.571, 0.0, 0.0, 0.0, 0.0, 0.02, , , 40.000, 9.27, 1780000078000, 3276.8, 2.1, 3276.8, 3276.8, 0, , , , 0.0, 0.0, 36.558574432, -79.197145030, 0.0
37.2, 3, 3124.000, , 2140, 0.0, , 1251.8, 31295, 0.331, 0.558, 0.0, 0.0, 0.0, 0.0, 0.04, , , 40.000, 11.04, 1780000078100, 3276.8, 2.1, 3276.8, 3276.8, 0, , , , 0.0, 0.0, 36.558605350, -79.197121786, 0.0
36.2, 3, 3128.000, , 2190, 0.0, , 1255.8, 31395, 0.383, 0.543, 0.0, 0.0, 0.0, 0.0, 0.05, , , 40.000, 12.77, 1780000078200, 3276.8, 2.1, 3276.8, 3276.8, 0, , , , 0.0, 0.0, 36.558636516, -79.197099054, 0.0
35.1, 3, 3132.000, , 2247, 0.0, , 1259.8, 31495, 0.434, 0.526, 0.0, 0.0, 0.0, 0.0, 0.06, , , 40.000, 14.45, 1780000078300, 3276.8, 2.1, 3276.8, 3276.8, 0, , , , 0.0, 0.0, 36.558667924, -79.197076838, 0.0
33.8, 3, 3136.000, , 2311, 0.0, , 1263.8, 31595, 0.482, 0.507, 0.0, 0.0, 0.0, 0.0, 0.08, , , 40.000, 16.07, 1780000078400, 3276.8, 2.1, 3276.8, 3276.8, 0, , , , 0.0, 0.0, 36.558699568, -79.197055141, 0.0
32.4, 3, 3140.000, , 2382, 0.0, , 1267.8, 31695, 0.529, 0.485, 0.0, 0.0, 0.0, 0.0, 0.10, , , 40.000, 17.63, 1780000078500, 3276.8, 2.1, 3276.8, 3276.8, 0, , , , 0.0, 0.0, 36.558731444, -79.197033969, 0.0
30.8, 3, 3144.000, , 2459, 0.0, , 1271.8, 31795, 0.574, 0.462, 0.0, 0.0, 0.0, 0.0, 0.11, , , 40.000, 19.12, 1780000078600, 3276.8, 2.1, 3276.8, 3276.8, 0, , , , 0.0, 0.0, 36.558763546, -79.197013323, 0.0
29.2, 3, 3148.000, , 2542, 0.0, , 1275.8, 31895, 0.616, 0.437, 0.0, 0.0, 0.0, 0.0, 0.14, , , 40.000, 20.54, 1780000078700, 3276.8, 2.1, 3276.8, 3276.8, 0, , , , 0.0, 0.0, 36.558795867, -79.196993208, 0.0
27.4, 3, 3152.000, , 2631, 0.0, , 1279.8, 31995, 0.656, 0.411, 0.0, 0.0, 0.0, 0.0, 0.16, , , 40.000, 21.87, 1780000078800, 3276.8, 2.1, 3276.8, 3276.8, 0, , , , 0.0, 0.0, 36.558828403, -79.196973628, 0.0
25.5, 3, 3156.000, , 2725, 0.0, , 1283.8, 32095, 0.693, 0.382, 0.0, 0.0, 0.0, 0.0, 0.18, , , 40.000, 23.12, 1780000078900, 3276.8, 2.1, 3276.8, 3276.8, 0, , , , 0.0, 0.0, 36.558861146, -79.196954586, 0.0
23.5, 3, 3160.000, , 2824, 0.0, , 1287.8, 32195, 0.728, 0.353, 0.0, 0.0, 0.0, 0.0, 0.21, , , 40.000, 24.27, 1780000079000, 3276.8, 2.1, 3276.8, 3276.8, 0, , , , 0.0, 0.0, 36.558894092, -79.196936085, 0.0
21.4, 3, 3164.000, , 2928, 0.0, , 1291.8, 32295, 0.760, 0.321, 0.0, 0.0, 0.0, 0.0, 0.23, , , 40.000, 25.33, 1780000079100, 3276.8, 2.1, 3276.8, 3276.8, 0, , , , 0.0, 0.0, 36.558927235, -79.196918129, 0.0
19.3, 3, 3168.000, , 3036, 0.0, , 1295.8, 32395, 0.789, 0.289, 0.0, 0.0, 0.0, 0.0, 0.26, , , 40.000, 26.29, 1780000079200, 3276.8, 2.1, 3276.8, 3276.8, 0, , , , 0.0, 0.0, 36.558960568, -79.196900721, 0.0
17.0, 3, 3172.000, , 3148, 0.0, , 1299.8, 32495, 0.814, 0.255, 0.0, 0.0, 0.0, 0.0, 0.29, , , 40.000, 27.14, 1780000079300, 3276.8, 2.1, 3276.8, 3276.8, 0, , , , 0.0, 0.0, 36.558994087, -79.196883864, 0.0
14.7, 3, 3176.000, , 3264, 0.0, , 1303.8, 32595, 0.837, 0.221, 0.0, 0.0, 0.0, 0.0, 0.32, , , 40.000, 27.89, 1780000079400, 3276.8, 2.1, 3276.8, 3276.8, 0, , , , 0.0, 0.0, 36.559027784, -79.196867560, 0.0
12.4, 3, 3180.000, , 3382, 0.0, , 1307.8, 32695, 0.856, 0.185, 0.0, 0.0, 0.0, 0.0, 0.35, , , 40.000, 28.53, 1780000079500, 3276.8, 2.1, 3276.8, 3276.8, 0, , , , 0.0, 0.0, 36.559061654, -79.196851814, 0.0
9.9, 3, 3184.000, , 3503, 0.0, , 1311.8, 32795, 0.872, 0.149, 0.0, 0.0, 0.0, 0.0, 0.38, , , 40.000, 29.06, 1780000079600, 3276.8, 2.1, 3276.8, 3276.8, 0, , , , 0.0, 0.0, 36.559095690, -79.196836627, 0.0
7.5, 3, 3188.000, , 3625, 0.0, , 1315.8, 32895, 0.884, 0.112, 0.0, 0.0, 0.0, 0.0, 0.41, , , 40.000, 29.47, 1780000079700, 3276.8, 2.1, 3276.8, 3276.8, 0, , , , 0.0, 0.0, 36.559129888, -79.196822003, 0.0
5.0, 3, 3192.000, , 3749, 0.0, , 1319.8, 32995, 0.893, 0.075, 0.0, 0.0, 0.0, 0.0, 0.44, , , 40.000, 29.76, 1780000079800, 3276.8, 2.1, 3276.8, 3276.8, 0, , , , 0.0, 0.0, 36.559164240, -79.196807943, 0.0
2.5, 3, 3196.000, , 3874, 0.0, , 1323.8, 33095, 0.898, 0.038, 0.0, 0.0, 0.0, 0.0, 0.47, , , 40.000, 29.94, 1780000079900, 3276.8, 2.1, 3276.8, 3276.8, 0, , , , 0.0, 0.0, 36.559198741, -79.196794452, 0.0
0.0, 3, 3200.000, , 4000, 0.0, , 1327.8, 33195, 0.900, 0.000, 0.0, 0.0, 0.0, 0.0, 0.50, , , 40.000, 30.00, 1780000080000, 3276.8, 2.1, 3276.8, 3276.8, 0, , , , 0.0, 0.0, 36.559233384, -79.196781529, 0.0
0.0, 4, 3204.000, , 4126, 0.0, , 1331.8, 33295, 0.898, -0.038, 0.0, 0.0, 0.0, 0.0, 0.53, , , 40.000, 29.94, 1780000080100, 3276.8, 2.1, 3276.8, 3276.8, 0, , , , 0.0, 0.0, 36.559268163, -79.196769180, 0.0
0.0, 4, 3208.000, , 4251, 0.0, , 1335.8, 33395, 0.893, -0.075, 0.0, 0.0, 0.0, 0.0, 0.56, , , 40.000, 29.76, 1780000080200, 3276.8, 2.1, 3276.8, 3276.8, 0, , , , 0.0, 0.0, 36.559303073, -79.196757404, 0.0
0.0, 4, 3212.000, , 4375, 0.0, , 1339.8, 33495, 0.884, -0.112, 0.0, 0.0, 0.0, 0.0, 0.59, , , 40.000, 29.47, 1780000080300, 3276.8, 2.1, 3276.8, 3276.8, 0, , , , 0.0, 0.0, 36.559338106, -79.196746205, 0.0
0.0, 4, 3216.000, , 4497, 0.0, , 1343.8, 33595, 0.872, -0.149, 0.0, 0.0, 0.0, 0.0, 0.62, , , 40.000, 29.06, 1780000080400, 3276.8, 2.1, 3276.8, 3276.8, 0, , , , 0.0, 0.0, 36.559373257, -79.196735584, 0.0
0.0, 4, 3220.000, , 4618, 0.0, , 1347.8, 33695, 0.856, -0.185, 0.0, 0.0, 0.0, 0.0, 0.65, , , 40.000, 28.53, 1780000080500, 3276.8, 2.1, 3276.8, 3276.8, 0, , , , 0.0, 0.0, 36.559408520, -79.196725544, 0.0
0.0, 4, 3224.000, , 4736, 0.0, , 1351.8, 33795, 0.837, -0.221, 0.0, 0.0, 0.0, 0.0, 0.68, , , 40.000, 27.89, 1780000080600, 3276.8, 2.1, 3276.8, 3276.8, 0, , , , 0.0, 0.0, 36.559443888, -79.196716086, 0.0
0.0, 4, 3228.000, , 4852, 0.0, , 1355.8, 33895, 0.814, -0.255, 0.0, 0.0, 0.0, 0.0, 0.71, , , 40.000, 27.14, 1780000080700, 3276.8, 2.1, 3276.8, 3276.8, 0, , , , 0.0, 0.0, 36.559479354, -79.196707212, 0.0
0.0, 4, 3232.000, , 4964, 0.0, , 1359.8, 33995, 0.789, -0.289, 0.0, 0.0, 0.0, 0.0, 0.74, , , 40.000, 26.29, 1780000080800, 3276.8, 2.1, 3276.8, 3276.8, 0, , , , 0.0, 0.0, 36.559514913, -79.196698923, 0.0
0.0, 4, 3236.000, , 5072, 0.0, , 1363.8, 34095, 0.760, -0.321, 0.0, 0.0, 0.0, 0.0, 0.77, , , 40.000, 25.33, 1780000080900, 3276.8, 2.1, 3276.8, 3276.8, 0, , , , 0.0, 0.0, 36.559550559, -79.196691220, 0.0
0.0, 4, 3240.000, , 5176, 0.0, , 1367.8, 34195, 0.728, -0.353, 0.0, 0.0, 0.0, 0.0, 0.79, , , 40.000, 24.27, 1780000081000, 3276.8, 2.1, 3276.8, 3276.8, 0, , , , 0.0, 0.0, 36.559586284, -79.196684106, 0.0
0.0, 4, 3244.000, , 5275, 0.0, , 1371.8, 34295, 0.693, -0.382, 0.0, 0.0, 0.0, 0.0, 0.82, , , 40.000, 23.12, 1780000081100, 3276.8, 2.1, 3276.8, 3276.8, 0, , , , 0.0, 0.0, 36.559622083, -79.196677582, 0.0
0.0, 4, 3248.000, , 5369, 0.0, , 1375.8, 34395, 0.656, -0.411, 0.0, 0.0, 0.0, 0.0, 0.84, , , 40.000, 21.87, 1780000081200, 3276.8, 2.1, 3276.8, 3276.8, 0, , , , 0.0, 0.0, 36.559657949, -79.196671648, 0.0
0.0, 4, 3252.000, , 5458, 0.0, , 1379.8, 34495, 0.616, -0.437, 0.0, 0.0, 0.0, 0.0, 0.86, , , 40.000, 20.54, 1780000081300, 3276.8, 2.1, 3276.8, 3276.8, 0, , , , 0.0, 0.0, 36.559693875, -79.196666306, 0.0
0.0, 4, 3256.000, , 5541, 0.0, , 1383.8, 34595, 0.574, -0.462, 0.0, 0.0, 0.0, 0.0, 0.89, , , 40.000, 19.12, 1780000081400, 3276.8, 2.1, 3276.8, 3276.8, 0, , , , 0.0, 0.0, 36.559729857, -79.196661557, 0.0
0.0, 4, 3260.000, , 5618, 0.0, , 1387.8, 34695, 0.529, -0.485, 0.0, 0.0, 0.0, 0.0, 0.90, , , 40.000, 17.63, 1780000081500, 3276.8, 2.1, 3276.8, 3276.8, 0, , , , 0.0, 0.0, 36.559765886, -79.196657401, 0.0
0.0, 4, 3264.000, , 5689, 0.0, , 1391.8, 34795, 0.482, -0.507, 0.0, 0.0, 0.0, 0.0, 0.92, , , 40.000, 16.07, 1780000081600, 3276.8, 2.1, 3276.8, 3276.8, 0, , , , 0.0, 0.0, 36.559801957, -79.196653839, 0.0
0.0, 4, 3268.000, , 5753, 0.0, , 1395.8, 34895, 0.434, -0.526, 0.0, 0.0, 0.0, 0.0, 0.94, , , 40.000, 14.45, 1780000081700, 3276.8, 2.1, 3276.8, 3276.8, 0, , , , 0.0, 0.0, 36.559838063, -79.196650872, 0.0
0.0, 4, 3272.000, , 5810, 0.0, , 1399.8, 34995, 0.383, -0.543, 0.0, 0.0, 0.0, 0.0, 0.95, , , 40.000, 12.77, 1780000081800, 3276.8, 2.1, 3276.8, 3276.8, 0, , , , 0.0, 0.0, 36.559874198, -79.196648501, 0.0
0.0, 4, 3276.000, , 5860, 0.0, , 1403.8, 35095, 0.331, -0.558, 0.0, 0.0, 0.0, 0.0, 0.96, , , 40.000, 11.04, 1780000081900, 3276.8, 2.1, 3276.8, 3276.8, 0, , , , 0.0, 0.0, 36.559910355, -79.196646725, 0.0
0.0, 4, 3280.000, , 5902, 0.0, , 1407.8, 35195, 0.278, -0.571, 0.0, 0.0, 0.0, 0.0, 0.98, , , 40.000, 9.27, 1780000082000, 3276.8, 2.1, 3276.8, 3276.8, 0, , , , 0.0, 0.0, 36.559946528, -79.196645545, 0.0
0.0, 4, 3284.000, , 5937, 0.0, , 1411.8, 35295, 0.224, -0.581, 0.0, 0.0, 0.0, 0.0, 0.98, , , 40.000, 7.46, 1780000082100, 3276.8, 2.1, 3276.8, 3276.8, 0, , , , 0.0, 0.0, 36.559982711, -79.196644962, 0.0
0.0, 4, 3288.000, , 5965, 0.0, , 1415.8, 35395, 0.169, -0.589, 0.0, 0.0, 0.0, 0.0, 0.99, , , 40.000, 5.62, 1780000082200, 3276.8, 2.1, 3276.8, 3276.8, 0, , , , 0.0, 0.0, 36.560018896, -79.196644975, 0.0
0.0, 4, 3292.000, , 5984, 0.0, , 1419.8, 35495, 0.113, -0.595, 0.0, 0.0, 0.0, 0.0, 1.00, , , 40.000, 3.76, 1780000082300, 3276.8, 2.1, 3276.8, 3276.8, 0, , , , 0.0, 0.0, 36.560055079, -79.196645585, 0.0
0.0, 4, 3296.000, , 5996, 0.0, , 1423.8, 35595, 0.057, -0.599, 0.0, 0.0, 0.0, 0.0, 1.00, , , 40.000, 1.88, 1780000082400, 3276.8, 2.1, 3276.8, 3276.8, 0, , , , 0.0, 0.0, 36.560091251, -79.196646791, 0.0
0.0, 4, 3300.000, , 6000, 0.0, , 1427.8, 35695, 0.000, -0.600, 0.0, 0.0, 0.0, 0.0, 1.00, , , 40.000, 0.00, 1780000082500, 3276.8, 2.1, 3276.8, 3276.8, 0, , , , 0.0, 0.0, 36.560127408, -79.196648593, 0.0
0.0, 4, 3304.000, , 5996, 0.0, , 1431.8, 35795, -0.057, -0.599, 0.0, 0.0, 0.0, 0.0, 1.00, , , 40.000, -1.88, 1780000082600, 3276.8, 2.1, 3276.8, 3276.8, 0, , , , 0.0, 0.0, 36.560163541, -79.196650991, 0.0
0.0, 4, 3308.000, , 5984, 0.0, , 1435.8, 35895, -0.113, -0.595, 0.0, 0.0, 0.0, 0.0, 1.00, , , 40.000, -3.76, 1780000082700, 3276.8, 2.1, 3276.8, 3276.8, 0, , , , 0.0, 0.0, 36.560199646, -79.196653984, 0.0
0.0, 4, 3312.000, , 5965, 0.0, , 1439.8, 35995, -0.169, -0.589, 0.0, 0.0, 0.0, 0.0, 0.99, , , 40.000, -5.62, 1780000082800, 3276.8, 2.1, 3276.8, 3276.8, 0, , , , 0.0, 0.0, 36.560235715, -79.196657573, 0.0
0.0, 4, 3316.000, , 5937, 0.0, , 1443.8, 36095, -0.224, -0.581, 0.0, 0.0, 0.0, 0.0, 0.98, , , 40.000, -7.46, 1780000082900, 3276.8, 2.1, 3276.8, 3276.8, 0, , , , 0.0, 0.0, 36.560271742, -79.196661755, 0.0
0.0, 4, 3320.000, , 5902, 0.0, , 1447.8, 36195, -0.278, -0.571, 0.0, 0.0, 0.0, 0.0, 0.98, , , 40.000, -9.27, 1780000083000, 3276.8, 2.1, 3276.8, 3276.8, 0, , , , 0.0, 0.0, 36.560307721, -79.196666531, 0.0
0.0, 4, 3324.000, , 5860, 0.0, , 1451.8, 36295, -0.331, -0.558, 0.0, 0.0, 0.0, 0.0, 0.96, , , 40.000, -11.04, 1780000083100, 3276.8, 2.1, 3276.8, 3276.8, 0, , , , 0.0, 0.0, 36.560343645, -79.196671899, 0.0
0.0, 4, 3328.000, , 5810, 0.0, , 1455.8, 36395, -0.383, -0.543, 0.0, 0.0, 0.0, 0.0, 0.95, , , 40.000, -12.77, 1780000083200, 3276.8, 2.1, 3276.8, 3276.8, 0, , , , 0.0, 0.0, 36.560379509, -79.196677859, 0.0
0.0, 4, 3332.000, , 5753, 0.0, , 1459.8, 36495, -0.434, -0.526, 0.0, 0.0, 0.0, 0.0, 0.94, , , 40.000, -14.45, 1780000083300, 3276.8, 2.1, 3276.8, 3276.8, 0, , , , 0.0, 0.0, 36.560415304, -79.196684410, 0.0
0.0, 4, 3336.000, , 5689, 0.0, , 1463.8, 36595, -0.482, -0.507, 0.0, 0.0, 0.0, 0.0, 0.92, , , 40.000, -16.07, 1780000083400, 3276.8, 2.1, 3276.8, 3276.8, 0, , , , 0.0, 0.0, 36.560451026, -79.196691550, 0.0
0.0, 4, 3340.000, , 5618, 0.0, , 1467.8, 36695, -0.529, -0.485, 0.0, 0.0, 0.0, 0.0, 0.90, , , 40.000, -17.63, 1780000083500, 3276.8, 2.1, 3276.8, 3276.8, 0, , , , 0.0, 0.0, 36.560486668, -79.196699278, 0.0
0.0, 4, 3344.000, , 5541, 0.0, , 1471.8, 36795, -0.574, -0.462, 0.0, 0.0, 0.0, 0.0, 0.89, , , 40.000, -19.12, 1780000083600, 3276.8, 2.1, 3276.8, 3276.8, 0, , , , 0.0, 0.0, 36.560522223, -79.196707593, 0.0
0.0, 4, 3348.000, , 5458, 0.0, , 1475.8, 36895, -0.616, -0.437, 0.0, 0.0, 0.0, 0.0, 0.86, , , 40.000, -20.54, 1780000083700, 3276.8, 2.1, 3276.8, 3276.8, 0, , , , 0.0, 0.0, 36.560557685, -79.196716494, 0.0
0.0, 4, 3352.000, , 5369, 0.0, , 1479.8, 36995, -0.656, -0.411, 0.0, 0.0, 0.0, 0.0, 0.84, , , 40.000, -21.87, 1780000083800, 3276.8, 2.1, 3276.8, 3276.8, 0, , , , 0.0, 0.0, 36.560593048, -79.196725978, 0.0
0.0, 4, 3356.000, , 5275, 0.0, , 1483.8, 37095, -0.693, -0.382, 0.0, 0.0, 0.0, 0.0, 0.82, , , 40.000, -23.12, 1780000083900, 3276.8, 2.1, 3276.8, 3276.8, 0, , , , 0.0, 0.0, 36.560628306, -79.196736044, 0.0
0.0, 4, 3360.000, , 5176, 0.0, , 1487.8, 37195, -0.728, -0.353, 0.0, 0.0, 0.0, 0.0, 0.79, , , 40.000, -24.27, 1780000084000, 3276.8, 2.1, 3276.8, 3276.8, 0, , , , 0.0, 0.0, 36.560663452, -79.196746690, 0.0
0.0, 4, 3364.000, , 5072, 0.0, , 1491.8, 37295, -0.760, -0.321, 0.0, 0.0, 0.0, 0.0, 0.77, , , 40.000, -25.33, 1780000084100, 3276.8, 2.1, 3276.8, 3276.8, 0, , , , 0.0, 0.0, 36.560698480, -79.196757915, 0.0
0.0, 4, 3368.000, , 4964, 0.0, , 1495.8, 37395, -0.789, -0.289, 0.0, 0.0, 0.0, 0.0, 0.74, , , 40.000, -26.29, 1780000084200, 3276.8, 2.1, 3276.8, 3276.8, 0, , , , 0.0, 0.0, 36.560733384, -79.196769716, 0.0
0.0, 4, 3372.000, , 4852, 0.0, , 1499.8, 37495, -0.814, -0.255, 0.0, 0.0, 0.0, 0.0, 0.71, , , 40.000, -27.14, 1780000084300, 3276.8, 2.1, 3276.8, 3276.8, 0, , , , 0.0, 0.0, 36.560768158, -79.196782091, 0.0
0.0, 4, 3376.000, , 4736, 0.0, , 1503.8, 37595, -0.837, -0.221, 0.0, 0.0, 0.0, 0.0, 0.68, , , 40.000, -27.89, 1780000084400, 3276.8, 2.1, 3276.8, 3276.8, 0, , , , 0.0, 0.0, 36.560802795, -79.196795039, 0.0
0.0, 4, 3380.000, , 4618, 0.0, , 1507.8, 37695, -0.856, -0.185, 0.0, 0.0, 0.0, 0.0, 0.65, , , 40.000, -28.53, 1780000084500, 3276.8, 2.1, 3276.8, 3276.8, 0, , , , 0.0, 0.0, 36.560837289, -79.196808556, 0.0
0.0, 4, 3384.000, , 4497, 0.0, , 1511.8, 37795, -0.872, -0.149, 0.0, 0.0, 0.0, 0.0, 0.62, , , 40.000, -29.06, 1780000084600, 3276.8, 2.1, 3276.8, 3276.8, 0, , , , 0.0, 0.0, 36.560871634, -79.196822640, 0.0
0.0, 4, 3388.000, , 4375, 0.0, , 1515.8, 37895, -0.884, -0.112, 0.0, 0.0, 0.0, 0.0, 0.59, , , 40.000, -29.47, 1780000084700, 3276.8, 2.1, 3276.8, 3276.8, 0, , , , 0.0, 0.0, 36.560905825, -79.196837290, 0.0
0.0, 4, 3392.000, , 4251, 0.0, , 1519.8, 37995, -0.893, -0.075, 0.0, 0.0, 0.0, 0.0, 0.56, , , 40.000, -29.76, 1780000084800, 3276.8, 2.1, 3276.8, 3276.8, 0, , , , 0.0, 0.0, 36.560939854, -79.196852501, 0.0
0.0, 4, 3396.000, , 4126, 0.0, , 1523.8, 38095, -0.898, -0.038, 0.0, 0.0, 0.0, 0.0, 0.53, , , 40.000, -29.94, 1780000084900, 3276.8, 2.1, 3276.8, 3276.8, 0, , , , 0.0, 0.0, 36.560973716, -79.196868272, 0.0
0.0, 3, 3400.000, , 4000, 0.0, , 1527.8, 38195, -0.900, 0.000, 0.0, 0.0, 0.0, 0.0, 0.50, , , 40.000, -30.00, 1780000085000, 3276.8, 2.1, 3276.8, 3276.8, 0, , , , 0.0, 0.0, 36.561007406, -79.196884600, 0.0
2.5, 3, 3404.000, , 3874, 0.0, , 1531.8, 38295, -0.898, 0.038, 0.0, 0.0, 0.0, 0.0, 0.47, , , 40.000, -29.94, 1780000085100, 3276.8, 2.1, 3276.8, 3276.8, 0, , , , 0.0, 0.0, 36.561040916, -79.196901482, 0.0
5.0, 3, 3408.000, , 3749, 0.0, , 1535.8, 38395, -0.893, 0.075, 0.0, 0.0, 0.0, 0.0, 0.44, , , 40.000, -29.76, 1780000085200, 3276.8, 2.1, 3276.8, 3276.8, 0, , , , 0.0, 0.0, 36.561074241, -79.196918915, 0.0
7.5, 3, 3412.000, , 3625, 0.0, , 1539.8, 38495, -0.884, 0.112, 0.0, 0.0, 0.0, 0.0, 0.41, , , 40.000, -29.47, 1780000085300, 3276.8, 2.1, 3276.8, 3276.8, 0, , , , 0.0, 0.0, 36.561107375, -79.196936895, 0.0
9.9, 3, 3416.000, , 3503, 0.0, , 1543.8, 38595, -0.872, 0.149, 0.0, 0.0, 0.0, 0.0, 0.38, , , 40.000, -29.06, 1780000085400, 3276.8, 2.1, 3276.8, 3276.8, 0, , , , 0.0, 0.0, 36.561140312, -79.196955420, 0.0
12.4, 3, 3420.000, , 3382, 0.0, , 1547.8, 38695, -0.856, 0.185, 0.0, 0.0, 0.0, 0.0, 0.35, , , 40.000, -28.53, 1780000085500, 3276.8, 2.1, 3276.8, 3276.8, 0, , , , 0.0, 0.0, 36.561173047, -79.196974486, 0.0
14.7, 3, 3424.000, , 3264, 0.0, , 1551.8, 38795, -0.837, 0.221, 0.0, 0.0, 0.0, 0.0, 0.32, , , 40.000, -27.89, 1780000085600, 3276.8, 2.1, 3276.8, 3276.8, 0, , , , 0.0, 0.0, 36.561205573, -79.196994090, 0.0
17.0, 3, 3428.000, , 3148, 0.0, , 1555.8, 38895, -0.814, 0.255, 0.0, 0.0, 0.0, 0.0, 0.29, , , 40.000, -27.14, 1780000085700, 3276.8, 2.1, 3276.8, 3276.8, 0, , , , 0.0, 0.0, 36.561237884, -79.197014228, 0.0
19.3, 3, 3432.000, , 3036, 0.0, , 1559.8, 38995, -0.789, 0.289, 0.0, 0.0, 0.0, 0.0, 0.26, , , 40.000, -26.29, 1780000085800, 3276.8, 2.1, 3276.8, 3276.8, 0, , , , 0.0, 0.0, 36.561269976, -79.197034898, 0.0
21.4, 3, 3436.000, , 2928, 0.0, , 1563.8, 39095, -0.760, 0.321, 0.0, 0.0, 0.0, 0.0, 0.23, , , 40.000, -25.33, 1780000085900, 3276.8, 2.1, 3276.8, 3276.8, 0, , , , 0.0, 0.0, 36.561301842, -79.197056094, 0.0
23.5, 3, 3440.000, , 2824, 0.0, , 1567.8, 39195, -0.728, 0.353, 0.0, 0.0, 0.0, 0.0, 0.21, , , 40.000, -24.27, 1780000086000, 3276.8, 2.1, 3276.8, 3276.8, 0, , , , 0.0, 0.0, 36.561333476, -79.197077814, 0.0
25.5, 3, 3444.000, , 2725, 0.0, , 1571.8, 39295, -0.693, 0.382, 0.0, 0.0, 0.0, 0.0, 0.18, , , 40.000, -23.12, 1780000086100, 3276.8, 2.1, 3276.8, 3276.8, 0, , , , 0.0, 0.0, 36.561364874, -79.197100053, 0.0
27.4, 3, 3448.000, , 2631, 0.0, , 1575.8, 39395, -0.656, 0.411, 0.0, 0.0, 0.0, 0.0, 0.16, , , 40.000, -21.87, 1780000086200, 3276.8, 2.1, 3276.8, 3276.8, 0, , , , 0.0, 0.0, 36.561396028, -79.197122807, 0.0
29.2, 3, 3452.000, , 2542, 0.0, , 1579.8, 39495, -0.616, 0.437, 0.0, 0.0, 0.0, 0.0, 0.14, , , 40.000, -20.54, 1780000086300, 3276.8, 2.1, 3276.8, 3276.8, 0, , , , 0.0, 0.0, 36.561426935, -79.197146074, 0.0
30.8, 3, 3456.000, , 2459, 0.0, , 1583.8, 39595, -0.574, 0.462, 0.0, 0.0, 0.0, 0.0, 0.11, , , 40.000, -19.12, 1780000086400, 3276.8, 2.1, 3276.8, 3276.8, 0, , , , 0.0, 0.0, 36.561457588, -79.197169847, 0.0
32.4, 3, 3460.000, , 2382, 0.0, , 1587.8, 39695, -0.529, 0.485, 0.0, 0.0, 0.0, 0.0, 0.10, , , 40.000, -17.63, 1780000086500, 3276.8, 2.1, 3276.8, 3276.8, 0, , , , 0.0, 0.0, 36.561487981, -79.197194124, 0.0
33.8, 3, 3464.000, , 2311, 0.0, , 1591.8, 39795, -0.482, 0.507, 0.0, 0.0, 0.0, 0.0, 0.08, , , 40.000, -16.07, 1780000086600, 3276.8, 2.1, 3276.8, 3276.8, 0, , , , 0.0, 0.0, 36.561518111, -79.197218899, 0.0
35.1, 3, 3468.000, , 2247, 0.0, , 1595.8, 39895, -0.434, 0.526, 0.0, 0.0, 0.0, 0.0, 0.06, , , 40.000, -14.45, 1780000086700, 3276.8, 2.1, 3276.8, 3276.8, 0, , , , 0.0, 0.0, 36.561547970, -79.197244169, 0.0
36.2, 3, 3472.000, , 2190, 0.0, , 1599.8, 39995, -0.383, 0.543, 0.0, 0.0, 0.0, 0.0, 0.05, , , 40.000, -12.77, 1780000086800, 3276.8, 2.1, 3276.8, 3276.8, 0, , , , 0.0, 0.0, 36.561577554, -79.197269929, 0.0
37.2, 3, 3476.000, , 2140, 0.0, , 1603.8, 40095, -0.331, 0.558, 0.0, 0.0, 0.0, 0.0, 0.04, , , 40.000, -11.04, 1780000086900, 3276.8, 2.1, 3276.8, 3276.8, 0, , , , 0.0, 0.0, 36.561606858, -79.197296174, 0.0
38.0, 3, 3480.000, , 2098, 0.0, , 1607.8, 40195, -0.278, 0.571, 0.0, 0.0, 0.0, 0.0, 0.02, , , 40.000, -9.27, 1780000087000, 3276.8, 2.1, 3276.8, 3276.8, 0, , , , 0.0, 0.0, 36.561635876, -79.197322900, 0.0
38.7, 3, 3484.000, , 2063, 0.0, , 1611.8, 40295, -0.224, 0.581, 0.0, 0.0, 0.0, 0.0, 0.02, , , 40.000, -7.46, 1780000087100, 3276.8, 2.1, 3276.8, 3276.8, 0, , , , 0.0, 0.0, 36.561664603, -79.197350102, 0.0
39.3, 3, 3488.000, , 2035, 0.0, , 1615.8, 40395, -0.169, 0.589, 0.0, 0.0, 0.0, 0.0, 0.01, , , 40.000, -5.62, 1780000087200, 3276.8, 2.1, 3276.8, 3276.8, 0, , , , 0.0, 0.0, 36.561693034, -79.197377774, 0.0
39.7, 3, 3492.000, , 2016, 0.0, , 1619.8, 40495, -0.113, 0.595, 0.0, 0.0, 0.0, 0.0, 0.00, , , 40.000, -3.76, 1780000087300, 3276.8, 2.1, 3276.8, 3276.8, 0, , , , 0.0, 0.0, 36.561721165, -79.197405913, 0.0
39.9, 3, 3496.000, , 2004, 0.0, , 1623.8, 40595, -0.057, 0.599, 0.0, 0.0, 0.0, 0.0, 0.00, , , 40.000, -1.88, 1780000087400, 3276.8, 2.1, 3276.8, 3276.8, 0, , , , 0.0, 0.0, 36.561748989, -79.197434513, 0.0
40.0, 3, 3500.000, , 2000, 0.0, , 1627.8, 40695, -0.000, 0.600, 0.0, 0.0, 0.0, 0.0, 0.00, , , 40.000, -0.00, 1780000087500, 3276.8, 2.1, 3276.8, 3276.8, 0, , , , 0.0, 0.0, 36.561776502, -79.197463570, 0.0
39.9, 3, 3504.000, , 2004, 0.0, , 1631.8, 40795, 0.057, 0.599, 0.0, 0.0, 0.0, 0.0, 0.00, , , 40.000, 1.88, 1780000087600, 3276.8, 2.1, 3276.8, 3276.8, 0, , , , 0.0, 0.0, 36.561803700, -79.197493077, 0.0
39.7, 3, 3508.000, , 2016, 0.0, , 1635.8, 40895, 0.113, 0.595, 0.0, 0.0, 0.0, 0.0, 0.00, , , 40.000, 3.76, 1780000087700, 3276.8, 2.1, 3276.8, 3276.8, 0, , , , 0.0, 0.0, 36.561830577, -79.197523030, 0.0
39.3, 3, 3512.000, , 2035, 0.0, , 1639.8, 40995, 0.169, 0.589, 0.0, 0.0, 0.0, 0.0, 0.01, , , 40.000, 5.62, 1780000087800, 3276.8, 2.1, 3276.8, 3276.8, 0, , , , 0.0, 0.0, 36.561857128, -79.197553423, 0.0
38.7, 3, 3516.000, , 2063, 0.0, , 1643.8, 41095, 0.224, 0.581, 0.0, 0.0, 0.0, 0.0, 0.02, , , 40.000, 7.46, 1780000087900, 3276.8, 2.1, 3276.8, 3276.8, 0, , , , 0.0, 0.0, 36.561883350, -79.197584251, 0.0
38.0, 3, 3520.000, , 2098, 0.0, , 1647.8, 41195, 0.278, 0.571, 0.0, 0.0, 0.0, 0.0, 0.02, , , 40.000, 9.27, 1780000088000, 3276.8, 2.1, 3276.8, 3276.8, 0, , , , 0.0, 0.0, 36.561909236, -79.197615508, 0.0
37.2, 3, 3524.000, , 2140, 0.0, , 1651.8, 41295, 0.331, 0.558, 0.0, 0.0, 0.0, 0.0, 0.04, , , 40.000, 11.04, 1780000088100, 3276.8, 2.1, 3276.8, 3276.8, 0, , , , 0.0, 0.0, 36.561934783, -79.197647190, 0.0
36.2, 3, 3528.000, , 2190, 0.0, , 1655.8, 41395, 0.383, 0.543, 0.0, 0.0, 0.0, 0.0, 0.05, , , 40.000, 12.77, 1780000088200, 3276.8, 2.1, 3276.8, 3276.8, 0, , , , 0.0, 0.0, 36.561959986, -79.197679290, 0.0
35.1, 3, 3532.000, , 2247, 0.0, , 1659.8, 41495, 0.434, 0.526, 0.0, 0.0, 0.0, 0.0, 0.06, , , 40.000, 14.45, 1780000088300, 3276.8, 2.1, 3276.8, 3276.8, 0, , , , 0.0, 0.0, 36.561984841, -79.197711802, 0.0
33.8, 3, 3536.000, , 2311, 0.0, , 1663.8, 41595, 0.482, 0.507, 0.0, 0.0, 0.0, 0.0, 0.08, , , 40.000, 16.07, 1780000088400, 3276.8, 2.1, 3276.8, 3276.8, 0, , , , 0.0, 0.0, 36.562009343, -79.197744721, 0.0
32.4, 3, 3540.000, , 2382, 0.0, , 1667.8, 41695, 0.529, 0.485, 0.0, 0.0, 0.0, 0.0, 0.10, , , 40.000, 17.63, 1780000088500, 3276.8, 2.1, 3276.8, 3276.8, 0, , , , 0.0, 0.0, 36.562033488, -79.197778041, 0.0
30.8, 3, 3544.000, , 2459, 0.0, , 1671.8, 41795, 0.574, 0.462, 0.0, 0.0, 0.0, 0.0, 0.11, , , 40.000, 19.12, 1780000088600, 3276.8, 2.1, 3276.8, 3276.8, 0, , , , 0.0, 0.0, 36.562057271, -79.197811756, 0.0
29.2, 3, 3548.000, , 2542, 0.0, , 1675.8, 41895, 0.616, 0.437, 0.0, 0.0, 0.0, 0.0, 0.14, , , 40.000, 20.54, 1780000088700, 3276.8, 2.1, 3276.8, 3276.8, 0, , , , 0.0, 0.0, 36.562080688, -79.197845860, 0.0
27.4, 3, 3552.000, , 2631, 0.0, , 1679.8, 41995, 0.656, 0.411, 0.0, 0.0, 0.0, 0.0, 0.16, , , 40.000, 21.87, 1780000088800, 3276.8, 2.1, 3276.8, 3276.8, 0, , , , 0.0, 0.0, 36.562103736, -79.197880347, 0.0
25.5, 3, 3556.000, , 2725, 0.0, , 1683.8, 42095, 0.693, 0.382, 0.0, 0.0, 0.0, 0.0, 0.18, , , 40.000, 23.12, 1780000088900, 3276.8, 2.1, 3276.8, 3276.8, 0, , , , 0.0, 0.0, 36.562126409, -79.197915211, 0.0
23.5, 3, 3560.000, , 2824, 0.0, , 1687.8, 42195, 0.728, 0.353, 0.0, 0.0, 0.0, 0.0, 0.21, , , 40.000, 24.27, 1780000089000, 3276.8, 2.1, 3276.8, 3276.8, 0, , , , 0.0, 0.0, 36.562148705, -79.197950445, 0.0
21.4, 3, 3564.000, , 2928, 0.0, , 1691.8, 42295, 0.760, 0.321, 0.0, 0.0, 0.0, 0.0, 0.23, , , 40.000, 25.33, 1780000089100, 3276.8, 2.1, 3276.8, 3276.8, 0, , , , 0.0, 0.0, 36.562170618, -79.197986044, 0.0
19.3, 3, 3568.000, , 3036, 0.0, , 1695.8, 42395, 0.789, 0.289, 0.0, 0.0, 0.0, 0.0, 0.26, , , 40.000, 26.29, 1780000089200, 3276.8, 2.1, 3276.8, 3276.8, 0, , , , 0.0, 0.0, 36.562192146, -79.198022001, 0.0
17.0, 3, 3572.000, , 3148, 0.0, , 1699.8, 42495, 0.814, 0.255, 0.0, 0.0, 0.0, 0.0, 0.29, , , 40.000, 27.14, 1780000089300, 3276.8, 2.1, 3276.8, 3276.8, 0, , , , 0.0, 0.0, 36.562213284, -79.198058309, 0.0
14.7, 3, 3576.000, , 3264, 0.0, , 1703.8, 42595, 0.837, 0.221, 0.0, 0.0, 0.0, 0.0, 0.32, , , 40.000, 27.89, 1780000089400, 3276.8, 2.1, 3276.8, 3276.8, 0, , , , 0.0, 0.0, 36.562234028, -79.198094963, 0.0
12.4, 3, 3580.000, , 3382, 0.0, , 1707.8, 42695, 0.856, 0.185, 0.0, 0.0, 0.0, 0.0, 0.35, , , 40.000, 28.53, 1780000089500, 3276.8, 2.1, 3276.8, 3276.8, 0, , , , 0.0, 0.0, 36.562254376, -79.198131955, 0.0
9.9, 3, 3584.000, , 3503, 0.0, , 1711.8, 42795, 0.872, 0.149, 0.0, 0.0, 0.0, 0.0, 0.38, , , 40.000, 29.06, 1780000089600, 3276.8, 2.1, 3276.8, 3276.8, 0, , , , 0.0, 0.0, 36.562274322, -79.198169280, 0.0
7.5, 3, 3588.000, , 3625, 0.0, , 1715.8, 42895, 0.884, 0.112, 0.0, 0.0, 0.0, 0.0, 0.41, , , 40.000, 29.47, 1780000089700, 3276.8, 2.1, 3276.8, 3276.8, 0, , , , 0.0, 0.0, 36.562293864, -79.198206930, 0.0
5.0, 3, 3592.000, , 3749, 0.0, , 1719.8, 42995, 0.893, 0.075, 0.0, 0.0, 0.0, 0.0, 0.44, , , 40.000, 29.76, 1780000089800, 3276.8, 2.1, 3276.8, 3276.8, 0, , , , 0.0, 0.0, 36.562312999, -79.198244898, 0.0
2.5, 3, 3596.000, , 3874, 0.0, , 1723.8, 43095, 0.898, 0.038, 0.0, 0.0, 0.0, 0.0, 0.47, , , 40.000, 29.94, 1780000089900, 3276.8, 2.1, 3276.8, 3276.8, 0, , , , 0.0, 0.0, 36.562331722, -79.198283179, 0.0
0.0, 3, 3600.000, , 4000, 0.0, , 1727.8, 43195, 0.900, 0.000, 0.0, 0.0, 0.0, 0.0, 0.50, , , 40.000, 30.00, 1780000090000, 3276.8, 2.1, 3276.8, 3276.8, 0, , , , 0.0, 0.0, 36.562350031, -79.198321765, 0.0
0.0, 4, 3604.000, , 4126, 0.0, , 1731.8, 43295, 0.898, -0.038, 0.0, 0.0, 0.0, 0.0, 0.53, , , 40.000, 29.94, 1780000090100, 3276.8, 2.1, 3276.8, 3276.8, 0, , , , 0.0, 0.0, 36.562367922, -79.198360649, 0.0
0.0, 4, 3608.000, , 4251, 0.0, , 1735.8, 43395, 0.893, -0.075, 0.0, 0.0, 0.0, 0.0, 0.56, , , 40.000, 29.76, 1780000090200, 3276.8, 2.1, 3276.8, 3276.8, 0, , , , 0.0, 0.0, 36.562385392, -79.198399825, 0.0
0.0, 4, 3612.000, , 4375, 0.0, , 1739.8, 43495, 0.884, -0.112, 0.0, 0.0, 0.0, 0.0, 0.59, , , 40.000, 29.47, 1780000090300, 3276.8, 2.1, 3276.8, 3276.8, 0, , , , 0.0, 0.0, 36.562402437, -79.198439285, 0.0
0.0, 4, 3616.000, , 4497, 0.0, , 1743.8, 43595, 0.872, -0.149, 0.0, 0.0, 0.0, 0.0, 0.62, , , 40.000, 29.06, 1780000090400, 3276.8, 2.1, 3276.8, 3276.8, 0, , , , 0.0, 0.0, 36.562419056, -79.198479022, 0.0
0.0, 4, 3620.000, , 4618, 0.0, , 1747.8, 43695, 0.856, -0.185, 0.0, 0.0, 0.0, 0.0, 0.65, , , 40.000, 28.53, 1780000090500, 3276.8, 2.1, 3276.8, 3276.8, 0, , , , 0.0, 0.0, 36.562435245, -79.198519030, 0.0
0.0, 4, 3624.000, , 4736, 0.0, , 1751.8, 43795, 0.837, -0.221, 0.0, 0.0, 0.0, 0.0, 0.68, , , 40.000, 27.89, 1780000090600, 3276.8, 2.1, 3276.8, 3276.8, 0, , , , 0.0, 0.0, 36.562451001, -79.198559301, 0.0
0.0, 4, 3628.000, , 4852, 0.0, , 1755.8, 43895, 0.814, -0.255, 0.0, 0.0, 0.0, 0.0, 0.71, , , 40.000, 27.14, 1780000090700, 3276.8, 2.1, 3276.8, 3276.8, 0, , , , 0.0, 0.0, 36.562466321, -79.198599829, 0.0
0.0, 4, 3632.000, , 4964, 0.0, , 1759.8, 43995, 0.789, -0.289, 0.0, 0.0, 0.0, 0.0, 0.74, , , 40.000, 26.29, 1780000090800, 3276.8, 2.1, 3276.8, 3276.8, 0, , , , 0.0, 0.0, 36.562481203, -79.198640605, 0.0
0.0, 4, 3636.000, , 5072, 0.0, , 1763.8, 44095, 0.760, -0.321, 0.0, 0.0, 0.0, 0.0, 0.77, , , 40.000, 25.33, 1780000090900, 3276.8, 2.1, 3276.8, 3276.8, 0, , , , 0.0, 0.0, 36.562495643, -79.198681623, 0.0
0.0, 4, 3640.000, , 5176, 0.0, , 1767.8, 44195, 0.728, -0.353, 0.0, 0.0, 0.0, 0.0, 0.79, , , 40.000, 24.27, 1780000091000, 3276.8, 2.1, 3276.8, 3276.8, 0, , , , 0.0, 0.0, 36.562509640, -79.198722875, 0.0
0.0, 4, 3644.000, , 5275, 0.0, , 1771.8, 44295, 0.693, -0.382, 0.0, 0.0, 0.0, 0.0, 0.82, , , 40.000, 23.12, 1780000091100, 3276.8, 2.1, 3276.8, 3276.8, 0, , , , 0.0, 0.0, 36.562523191, -79.198764355, 0.0
0.0, 4, 3648.000, , 5369, 0.0, , 1775.8, 44395, 0.656, -0.411, 0.0, 0.0, 0.0, 0.0, 0.84, , , 40.000, 21.87, 1780000091200, 3276.8, 2.1, 3276.8, 3276.8, 0, , , , 0.0, 0.0, 36.562536293, -79.198806054, 0.0
0.0, 4, 3652.000, , 5458, 0.0, , 1779.8, 44495, 0.616, -0.437, 0.0, 0.0, 0.0, 0.0, 0.86, , , 40.000, 20.54, 1780000091300, 3276.8, 2.1, 3276.8, 3276.8, 0, , , , 0.0, 0.0, 36.562548944, -79.198847965, 0.0
0.0, 4, 3656.000, , 5541, 0.0, , 1783.8, 44595, 0.574, -0.462, 0.0, 0.0, 0.0, 0.0, 0.89, , , 40.000, 19.12, 1780000091400, 3276.8, 2.1, 3276.8, 3276.8, 0, , , , 0.0, 0.0, 36.562561143, -79.198890081, 0.0
0.0, 4, 3660.000, , 5618, 0.0, , 1787.8, 44695, 0.529, -0.485, 0.0, 0.0, 0.0, 0.0, 0.90, , , 40.000, 17.63, 1780000091500, 3276.8, 2.1, 3276.8, 3276.8, 0, , , , 0.0, 0.0, 36.562572885, -79.198932394, 0.0
0.0, 4, 3664.000, , 5689, 0.0, , 1791.8, 44795, 0.482, -0.507, 0.0, 0.0, 0.0, 0.0, 0.92, , , 40.000, 16.07, 1780000091600, 3276.8, 2.1, 3276.8, 3276.8, 0, , , , 0.0, 0.0, 36.562584171, -79.198974898, 0.0
0.0, 4, 3668.000, , 5753, 0.0, , 1795.8, 44895, 0.434, -0.526, 0.0, 0.0, 0.0, 0.0, 0.94, , , 40.000, 14.45, 1780000091700, 3276.8, 2.1, 3276.8, 3276.8, 0, , , , 0.0, 0.0, 36.562594997, -79.199017583, 0.0
0.0, 4, 3672.000, , 5810, 0.0, , 1799.8, 44995, 0.383, -0.543, 0.0, 0.0, 0.0, 0.0, 0.95, , , 40.000, 12.77, 1780000091800, 3276.8, 2.1, 3276.8, 3276.8, 0, , , , 0.0, 0.0, 36.562605362, -79.199060443, 0.0
0.0, 4, 3676.000, , 5860, 0.0, , 1803.8, 45095, 0.331, -0.558, 0.0, 0.0, 0.0, 0.0, 0.96, , , 40.000, 11.04, 1780000091900, 3276.8, 2.1, 3276.8, 3276.8, 0, , , , 0.0, 0.0, 36.562615263, -79.199103470, 0.0
0.0, 4, 3680.000, , 5902, 0.0, , 1807.8, 45195, 0.278, -0.571, 0.0, 0.0, 0.0, 0.0, 0.98, , , 40.000, 9.27, 1780000092000, 3276.8, 2.1, 3276.8, 3276.8, 0, , , , 0.0, 0.0, 36.562624700, -79.199146657, 0.0
0.0, 4, 3684.000, , 5937, 0.0, , 1811.8, 45295, 0.224, -0.581, 0.0, 0.0, 0.0, 0.0, 0.98, , , 40.000, 7.46, 1780000092100, 3276.8, 2.1, 3276.8, 3276.8, 0, , , , 0.0, 0.0, 36.562633670, -79.199189995, 0.0
0.0, 4, 3688.000, , 5965, 0.0, , 1815.8, 45395, 0.169, -0.589, 0.0, 0.0, 0.0, 0.0, 0.99, , , 40.000, 5.62, 1780000092200, 3276.8, 2.1, 3276.8, 3276.8, 0, , , , 0.0, 0.0, 36.562642172, -79.199233477, 0.0
0.0, 4, 3692.000, , 5984, 0.0, , 1819.8, 45495, 0.113, -0.595, 0.0, 0.0, 0.0, 0.0, 1.00, , , 40.000, 3.76, 1780000092300, 3276.8, 2.1, 3276.8, 3276.8, 0, , , , 0.0, 0.0, 36.562650204, -79.199277096, 0.0
0.0, 4, 3696.000, , 5996, 0.0, , 1823.8, 45595, 0.057, -0.599, 0.0, 0.0, 0.0, 0.0, 1.00, , , 40.000, 1.88, 1780000092400, 3276.8, 2.1, 3276.8, 3276.8, 0, , , , 0.0, 0.0, 36.562657765, -79.199320843, 0.0
0.0, 4, 3700.000, , 6000, 0.0, , 1827.8, 45695, 0.000, -0.600, 0.0, 0.0, 0.0, 0.0, 1.00, , , 40.000, 0.00, 1780000092500, 3276.8, 2.1, 3276.8, 3276.8, 0, , , , 0.0, 0.0, 36.562664853, -79.199364710, 0.0
0.0, 4, 3704.000, , 5996, 0.0, , 1831.8, 45795, -0.057, -0.599, 0.0, 0.0, 0.0, 0.0, 1.00, , , 40.000, -1.88, 1780000092600, 3276.8, 2.1, 3276.8, 3276.8, 0, , , , 0.0, 0.0, 36.562671468, -79.199408691, 0.0
0.0, 4, 3708.000, , 5984, 0.0, , 1835.8, 45895, -0.113, -0.595, 0.0, 0.0, 0.0, 0.0, 1.00, , , 40.000, -3.76, 1780000092700, 3276.8, 2.1, 3276.8, 3276.8, 0, , , , 0.0, 0.0, 36.562677608, -79.199452777, 0.0
0.0, 4, 3712.000, , 5965, 0.0, , 1839.8, 45995, -0.169, -0.589, 0.0, 0.0, 0.0, 0.0, 0.99, , , 40.000, -5.62, 1780000092800, 3276.8, 2.1, 3276.8, 3276.8, 0, , , , 0.0, 0.0, 36.562683272, -79.199496960, 0.0
0.0, 4, 3716.000, , 5937, 0.0, , 1843.8, 46095, -0.224, -0.581, 0.0, 0.0, 0.0, 0.0, 0.98, , , 40.000, -7.46, 1780000092900, 3276.8, 2.1, 3276.8, 3276.8, 0, , , , 0.0, 0.0, 36.562688459, -79.199541232, 0.0
0.0, 4, 3720.000, , 5902, 0.0, , 1847.8, 46195, -0.278, -0.571, 0.0, 0.0, 0.0, 0.0, 0.98, , , 40.000, -9.27, 1780000093000, 3276.8, 2.1, 3276.8, 3276.8, 0, , , , 0.0, 0.0, 36.562693167, -79.199585586, 0.0
0.0, 4, 3724.000, , 5860, 0.0, , 1851.8, 46295, -0.331, -0.558, 0.0, 0.0, 0.0, 0.0, 0.96, , , 40.000, -11.04, 1780000093100, 3276.8, 2.1, 3276.8, 3276.8, 0, , , , 0.0, 0.0, 36.562697397, -79.199630014, 0.0
0.0, 4, 3728.000, , 5810, 0.0, , 1855.8, 46395, -0.383, -0.543, 0.0, 0.0, 0.0, 0.0, 0.95, , , 40.000, -12.77, 1780000093200, 3276.8, 2.1, 3276.8, 3276.8, 0, , , , 0.0, 0.0, 36.562701148, -79.199674507, 0.0
0.0, 4, 3732.000, , 5753, 0.0, , 1859.8, 46495, -0.434, -0.526, 0.0, 0.0, 0.0, 0.0, 0.94, , , 40.000, -14.45, 1780000093300, 3276.8, 2.1, 3276.8, 3276.8, 0, , , , 0.0, 0.0, 36.562704418, -79.199719059, 0.0
0.0, 4, 3736.000, , 5689, 0.0, , 1863.8, 46595, -0.482, -0.507, 0.0, 0.0, 0.0, 0.0, 0.92, , , 40.000, -16.07, 1780000093400, 3276.8, 2.1, 3276.8, 3276.8, 0, , , , 0.0, 0.0, 36.562707208, -79.199763660, 0.0
0.0, 4, 3740.000, , 5618, 0.0, , 1867.8, 46695, -0.529, -0.485, 0.0, 0.0, 0.0, 0.0, 0.90, , , 40.000, -17.63, 1780000093500, 3276.8, 2.1, 3276.8, 3276.8, 0, , , , 0.0, 0.0, 36.562709516, -79.199808303, 0.0
0.0, 4, 3744.000, , 5541, 0.0, , 1871.8, 46795, -0.574, -0.462, 0.0, 0.0, 0.0, 0.0, 0.89, , , 40.000, -19.12, 1780000093600, 3276.8, 2.1, 3276.8, 3276.8, 0, , , , 0.0, 0.0, 36.562711343, -79.199852981, 0.0
0.0, 4, 3748.000, , 5458, 0.0, , 1875.8, 46895, -0.616, -0.437, 0.0, 0.0, 0.0, 0.0, 0.86, , , 40.000, -20.54, 1780000093700, 3276.8, 2.1, 3276.8, 3276.8, 0, , , , 0.0, 0.0, 36.562712687, -79.199897684, 0.0
0.0, 4, 3752.000, , 5369, 0.0, , 1879.8, 46995, -0.656, -0.411, 0.0, 0.0, 0.0, 0.0, 0.84, , , 40.000, -21.87, 1780000093800, 3276.8, 2.1, 3276.8, 3276.8, 0, , , , 0.0, 0.0, 36.562713550, -79.199942406, 0.0
0.0, 4, 3756.000, , 5275, 0.0, , 1883.8, 47095, -0.693, -0.382, 0.0, 0.0, 0.0, 0.0, 0.82, , , 40.000, -23.12, 1780000093900, 3276.8, 2.1, 3276.8, 3276.8, 0, , , , 0.0, 0.0, 36.562713930, -79.199987138, 0.0
0.0, 4, 3760.000, , 5176, 0.0, , 2.8, 71, -0.728, -0.353, 0.0, 0.0, 0.0, 0.0, 0.79, , , 40.000, -24.27, 1780000094000, 3276.8, 2.1, 3276.8, 3276.8, 0, , , , 0.0, 0.0, 36.562713827, -79.200031872, 0.0
0.0, 4, 3764.000, , 5072, 0.0, , 6.8, 171, -0.760, -0.321, 0.0, 0.0, 0.0, 0.0, 0.77, , , 40.000, -25.33, 1780000094100, 3276.8, 2.1, 3276.8, 3276.8, 0, , , , 0.0, 0.0, 36.562713242, -79.200076601, 0.0
0.0, 4, 3768.000, , 4964, 0.0, , 10.8, 271, -0.789, -0.289, 0.0, 0.0, 0.0, 0.0, 0.74, , , 40.000, -26.29, 1780000094200, 3276.8, 2.1, 3276.8, 3276.8, 0, , , , 0.0, 0.0, 36.562712175, -79.200121316, 0.0
0.0, 4, 3772.000, , 4852, 0.0, , 14.8, 371, -0.814, -0.255, 0.0, 0.0, 0.0, 0.0, 0.71, , , 40.000, -27.14, 1780000094300, 3276.8, 2.1, 3276.8, 3276.8, 0, , , , 0.0, 0.0, 36.562710625, -79.200166009, 0.0
0.0, 4, 3776.000, , 4736, 0.0, , 18.8, 471, -0.837, -0.221, 0.0, 0.0, 0.0, 0.0, 0.68, , , 40.000, -27.89, 1780000094400, 3276.8, 2.1, 3276.8, 3276.8, 0, , , , 0.0, 0.0, 36.562708594, -79.200210673, 0.0
0.0, 4, 3780.000, , 4618, 0.0, , 22.8, 571, -0.856, -0.185, 0.0, 0.0, 0.0, 0.0, 0.65, , , 40.000, -28.53, 1780000094500, 3276.8, 2.1, 3276.8, 3276.8, 0, , , , 0.0, 0.0, 36.562706081, -79.200255299, 0.0
0.0, 4, 3784.000, , 4497, 0.0, , 26.8, 671, -0.872, -0.149, 0.0, 0.0, 0.0, 0.0, 0.62, , , 40.000, -29.06, 1780000094600, 3276.8, 2.1, 3276.8, 3276.8, 0, , , , 0.0, 0.0, 36.562703087, -79.200299880, 0.0
0.0, 4, 3788.000, , 4375, 0.0, , 30.8, 771, -0.884, -0.112, 0.0, 0.0, 0.0, 0.0, 0.59, , , 40.000, -29.47, 1780000094700, 3276.8, 2.1, 3276.8, 3276.8, 0, , , , 0.0, 0.0, 36.562699613, -79.200344408, 0.0
0.0, 4, 3792.000, , 4251, 0.0, , 34.8, 871, -0.893, -0.075, 0.0, 0.0, 0.0, 0.0, 0.56, , , 40.000, -29.76, 1780000094800, 3276.8, 2.1, 3276.8, 3276.8, 0, , , , 0.0, 0.0, 36.562695658, -79.200388875, 0.0
0.0, 4, 3796.000, , 4126, 0.0, , 38.8, 971, -0.898, -0.038, 0.0, 0.0, 0.0, 0.0, 0.53, , , 40.000, -29.94, 1780000094900, 3276.8, 2.1, 3276.8, 3276.8, 0, , , , 0.0, 0.0, 36.562691225, -79.200433272, 0.0
0.0, 3, 3800.000, , 4000, 0.0, , 42.8, 1071, -0.900, 0.000, 0.0, 0.0, 0.0, 0.0, 0.50, , , 40.000, -30.00, 1780000095000, 3276.8, 2.1, 3276.8, 3276.8, 0, , , , 0.0, 0.0, 36.562686313, -79.200477592, 0.0
2.5, 3, 3804.000, , 3874, 0.0, , 46.8, 1171, -0.898, 0.038, 0.0, 0.0, 0.0, 0.0, 0.47, , , 40.000, -29.94, 1780000095100, 3276.8, 2.1, 3276.8, 3276.8, 0, , , , 0.0, 0.0, 36.562680923, -79.200521828, 0.0
5.0, 3, 3808.000, , 3749, 0.0, , 50.8, 1271, -0.893, 0.075, 0.0, 0.0, 0.0, 0.0, 0.44, , , 40.000, -29.76, 1780000095200, 3276.8, 2.1, 3276.8, 3276.8, 0, , , , 0.0, 0.0, 36.562675057, -79.200565970, 0.0
7.5, 3, 3812.000, , 3625, 0.0, , 54.8, 1371, -0.884, 0.112, 0.0, 0.0, 0.0, 0.0, 0.41, , , 40.000, -29.47, 1780000095300, 3276.8, 2.1, 3276.8, 3276.8, 0, , , , 0.0, 0.0, 36.562668715, -79.200610012, 0.0
9.9, 3, 3816.000, , 3503, 0.0, , 58.8, 1471, -0.872, 0.149, 0.0, 0.0, 0.0, 0.0, 0.38, , , 40.000, -29.06, 1780000095400, 3276.8, 2.1, 3276.8, 3276.8, 0, , , , 0.0, 0.0, 36.562661899, -79.200653946, 0.0
12.4, 3, 3820.000, , 3382, 0.0, , 62.8, 1571, -0.856, 0.185, 0.0, 0.0, 0.0, 0.0, 0.35, , , 40.000, -28.53, 1780000095500, 3276.8, 2.1, 3276.8, 3276.8, 0, , , , 0.0, 0.0, 36.562654609, -79.200697763, 0.0
14.7, 3, 3824.000, , 3264, 0.0, , 66.8, 1671, -0.837, 0.221, 0.0, 0.0, 0.0, 0.0, 0.32, , , 40.000, -27.89, 1780000095600, 3276.8, 2.1, 3276.8, 3276.8, 0, , , , 0.0, 0.0, 36.562646848, -79.200741457, 0.0
17.0, 3, 3828.000, , 3148, 0.0, , 70.8, 1771, -0.814, 0.255, 0.0, 0.0, 0.0, 0.0, 0.29, , , 40.000, -27.14, 1780000095700, 3276.8, 2.1, 3276.8, 3276.8, 0, , , , 0.0, 0.0, 36.562638616, -79.200785018, 0.0
19.3, 3, 3832.000, , 3036, 0.0, , 74.8, 1871, -0.789, 0.289, 0.0, 0.0, 0.0, 0.0, 0.26, , , 40.000, -26.29, 1780000095800, 3276.8, 2.1, 3276.8, 3276.8, 0, , , , 0.0, 0.0, 36.562629915, -79.200828440, 0.0
21.4, 3, 3836.000, , 2928, 0.0, , 78.8, 1971, -0.760, 0.321, 0.0, 0.0, 0.0, 0.0, 0.23, , , 40.000, -25.33, 1780000095900, 3276.8, 2.1, 3276.8, 3276.8, 0, , , , 0.0, 0.0, 36.562620747, -79.200871715, 0.0
23.5, 3, 3840.000, , 2824, 0.0, , 82.8, 2071, -0.728, 0.353, 0.0, 0.0, 0.0, 0.0, 0.21, , , 40.000, -24.27, 1780000096000, 3276.8, 2.1, 3276.8, 3276.8, 0, , , , 0.0, 0.0, 36.562611112, -79.200914834, 0.0
25.5, 3, 3844.000, , 2725, 0.0, , 86.8, 2171, -0.693, 0.382, 0.0, 0.0, 0.0, 0.0, 0.18, , , 40.000, -23.12, 1780000096100, 3276.8, 2.1, 3276.8, 3276.8, 0, , , , 0.0, 0.0, 36.562601014, -79.200957791, 0.0
27.4, 3, 3848.000, , 2631, 0.0, , 90.8, 2271, -0.656, 0.411, 0.0, 0.0, 0.0, 0.0, 0.16, , , 40.000, -21.87, 1780000096200, 3276.8, 2.1, 3276.8, 3276.8, 0, , , , 0.0, 0.0, 36.562590453, -79.201000578, 0.0
29.2, 3, 3852.000, , 2542, 0.0, , 94.8, 2371, -0.616, 0.437, 0.0, 0.0, 0.0, 0.0, 0.14, , , 40.000, -20.54, 1780000096300, 3276.8, 2.1, 3276.8, 3276.8, 0, , , , 0.0, 0.0, 36.562579431, -79.201043187, 0.0
30.8, 3, 3856.000, , 2459, 0.0, , 98.8, 2471, -0.574, 0.462, 0.0, 0.0, 0.0, 0.0, 0.11, , , 40.000, -19.12, 1780000096400, 3276.8, 2.1, 3276.8, 3276.8, 0, , , , 0.0, 0.0, 36.562567951, -79.201085611, 0.0
32.4, 3, 3860.000, , 2382, 0.0, , 102.8, 2571, -0.529, 0.485, 0.0, 0.0, 0.0, 0.0, 0.10, , , 40.000, -17.63, 1780000096500, 3276.8, 2.1, 3276.8, 3276.8, 0, , , , 0.0, 0.0, 36.562556014, -79.201127841, 0.0
33.8, 3, 3864.000, , 2311, 0.0, , 106.8, 2671, -0.482, 0.507, 0.0, 0.0, 0.0, 0.0, 0.08, , , 40.000, -16.07, 1780000096600, 3276.8, 2.1, 3276.8, 3276.8, 0, , , , 0.0, 0.0, 36.562543623, -79.201169871, 0.0
35.1, 3, 3868.000, , 2247, 0.0, , 110.8, 2771, -0.434, 0.526, 0.0, 0.0, 0.0, 0.0, 0.06, , , 40.000, -14.45, 1780000096700, 3276.8, 2.1, 3276.8, 3276.8, 0, , , , 0.0, 0.0, 36.562530780, -79.201211693, 0.0
36.2, 3, 3872.000, , 2190, 0.0, , 114.8, 2871, -0.383, 0.543, 0.0, 0.0, 0.0, 0.0, 0.05, , , 40.000, -12.77, 1780000096800, 3276.8, 2.1, 3276.8, 3276.8, 0, , , , 0.0, 0.0, 36.562517487, -79.201253300, 0.0
37.2, 3, 3876.000, , 2140, 0.0, , 118.8, 2971, -0.331, 0.558, 0.0, 0.0, 0.0, 0.0, 0.04, , , 40.000, -11.04, 1780000096900, 3276.8, 2.1, 3276.8, 3276.8, 0, , , , 0.0, 0.0, 36.562503746, -79.201294683, 0.0
38.0, 3, 3880.000, , 2098, 0.0, , 122.8, 3071, -0.278, 0.571, 0.0, 0.0, 0.0, 0.0, 0.02, , , 40.000, -9.27, 1780000097000, 3276.8, 2.1, 3276.8, 3276.8, 0, , , , 0.0, 0.0, 36.562489561, -79.201335837, 0.0
38.7, 3, 3884.000, , 2063, 0.0, , 126.8, 3171, -0.224, 0.581, 0.0, 0.0, 0.0, 0.0, 0.02, , , 40.000, -7.46, 1780000097100, 3276.8, 2.1, 3276.8, 3276.8, 0, , , , 0.0, 0.0, 36.562474932, -79.201376753, 0.0
39.3, 3, 3888.000, , 2035, 0.0, , 130.8, 3271, -0.169, 0.589, 0.0, 0.0, 0.0, 0.0, 0.01, , , 40.000, -5.62, 1780000097200, 3276.8, 2.1, 3276.8, 3276.8, 0, , , , 0.0, 0.0, 36.562459864, -79.201417424, 0.0
39.7, 3, 3892.000, , 2016, 0.0, , 134.8, 3371, -0.113, 0.595, 0.0, 0.0, 0.0, 0.0, 0.00, , , 40.000, -3.76, 1780000097300, 3276.8, 2.1, 3276.8, 3276.8, 0, , , , 0.0, 0.0, 36.562444358, -79.201457844, 0.0
39.9, 3, 3896.000, , 2004, 0.0, , 138.8, 3471, -0.057, 0.599, 0.0, 0.0, 0.0, 0.0, 0.00, , , 40.000, -1.88, 1780000097400, 3276.8, 2.1, 3276.8, 3276.8, 0, , , , 0.0, 0.0, 36.562428418, -79.201498004, 0.0
40.0, 3, 3900.000, , 2000, 0.0, , 142.8, 3571, -0.000, 0.600, 0.0, 0.0, 0.0, 0.0, 0.00, , , 40.000, -0.00, 1780000097500, 3276.8, 2.1, 3276.8, 3276.8, 0, , , , 0.0, 0.0, 36.562412046, -79.201537898, 0.0
39.9, 3, 3904.000, , 2004, 0.0, , 146.8, 3671, 0.057, 0.599, 0.0, 0.0, 0.0, 0.0, 0.00, , , 40.000, 1.88, 1780000097600, 3276.8, 2.1, 3276.8, 3276.8, 0, , , , 0.0, 0.0, 36.562395246, -79.201577519, 0.0
39.7, 3, 3908.000, , 2016, 0.0, , 150.8, 3771, 0.113, 0.595, 0.0, 0.0, 0.0, 0.0, 0.00, , , 40.000, 3.76, 1780000097700, 3276.8, 2.1, 3276.8, 3276.8, 0, , , , 0.0, 0.0, 36.562378019, -79.201616859, 0.0
39.3, 3, 3912.000, , 2035, 0.0, , 154.8, 3871, 0.169, 0.589, 0.0, 0.0, 0.0, 0.0, 0.01, , , 40.000, 5.62, 1780000097800, 3276.8, 2.1, 3276.8, 3276.8, 0, , , , 0.0, 0.0, 36.562360370, -79.201655911, 0.0
38.7, 3, 3916.000, , 2063, 0.0, , 158.8, 3971, 0.224, 0.581, 0.0, 0.0, 0.0, 0.0, 0.02, , , 40.000, 7.46, 1780000097900, 3276.8, 2.1, 3276.8, 3276.8, 0, , , , 0.0, 0.0, 36.562342301, -79.201694669, 0.0
38.0, 3, 3920.000, , 2098, 0.0, , 162.8, 4071, 0.278, 0.571, 0.0, 0.0, 0.0, 0.0, 0.02, , , 40.000, 9.27, 1780000098000, 3276.8, 2.1, 3276.8, 3276.8, 0, , , , 0.0, 0.0, 36.562323816, -79.201733126, 0.0
37.2, 3, 3924.000, , 2140, 0.0, , 166.8, 4171, 0.331, 0.558, 0.0, 0.0, 0.0, 0.0, 0.04, , , 40.000, 11.04, 1780000098100, 3276.8, 2.1, 3276.8, 3276.8, 0, , , , 0.0, 0.0, 36.562304917, -79.201771275, 0.0
36.2, 3, 3928.000, , 2190, 0.0, , 170.8, 4271, 0.383, 0.543, 0.0, 0.0, 0.0, 0.0, 0.05, , , 40.000, 12.77, 1780000098200, 3276.8, 2.1, 3276.8, 3276.8, 0, , , , 0.0, 0.0, 36.562285609, -79.201809109, 0.0
35.1, 3, 3932.000, , 2247, 0.0, , 174.8, 4371, 0.434, 0.526, 0.0, 0.0, 0.0, 0.0, 0.06, , , 40.000, 14.45, 1780000098300, 3276.8, 2.1, 3276.8, 3276.8, 0, , , , 0.0, 0.0, 36.562265895, -79.201846622, 0.0
33.8, 3, 3936.000, , 2311, 0.0, , 178.8, 4471, 0.482, 0.507, 0.0, 0.0, 0.0, 0.0, 0.08, , , 40.000, 16.07, 1780000098400, 3276.8, 2.1, 3276.8, 3276.8, 0, , , , 0.0, 0.0, 36.562245778, -79.201883806, 0.0
32.4, 3, 3940.000, , 2382, 0.0, , 182.8, 4571, 0.529, 0.485, 0.0, 0.0, 0.0, 0.0, 0.10, , , 40.000, 17.63, 1780000098500, 3276.8, 2.1, 3276.8, 3276.8, 0, , , , 0.0, 0.0, 36.562225261, -79.201920655, 0.0
30.8, 3, 3944.000, , 2459, 0.0, , 186.8, 4671, 0.574, 0.462, 0.0, 0.0, 0.0, 0.0, 0.11, , , 40.000, 19.12, 1780000098600, 3276.8, 2.1, 3276.8, 3276.8, 0, , , , 0.0, 0.0, 36.562204349, -79.201957163, 0.0
29.2, 3, 3948.000, , 2542, 0.0, , 190.8, 4771, 0.616, 0.437, 0.0, 0.0, 0.0, 0.0, 0.14, , , 40.000, 20.54, 1780000098700, 3276.8, 2.1, 3276.8, 3276.8, 0, , , , 0.0, 0.0, 36.562183045, -79.201993323, 0.0
27.4, 3, 3952.000, , 2631, 0.0, , 194.8, 4871, 0.656, 0.411, 0.0, 0.0, 0.0, 0.0, 0.16, , , 40.000, 21.87, 1780000098800, 3276.8, 2.1, 3276.8, 3276.8, 0, , , , 0.0, 0.0, 36.562161353, -79.202029128, 0.0
25.5, 3, 3956.000, , 2725, 0.0, , 198.8, 4971, 0.693, 0.382, 0.0, 0.0, 0.0, 0.0, 0.18, , , 40.000, 23.12, 1780000098900, 3276.8, 2.1, 3276.8, 3276.8, 0, , , , 0.0, 0.0, 36.562139276, -79.202064573, 0.0
23.5, 3, 3960.000, , 2824, 0.0, , 202.8, 5071, 0.728, 0.353, 0.0, 0.0, 0.0, 0.0, 0.21, , , 40.000, 24.27, 1780000099000, 3276.8, 2.1, 3276.8, 3276.8, 0, , , , 0.0, 0.0, 36.562116820, -79.202099650, 0.0
21.4, 3, 3964.000, , 2928, 0.0, , 206.8, 5171, 0.760, 0.321, 0.0, 0.0, 0.0, 0.0, 0.23, , , 40.000, 25.33, 1780000099100, 3276.8, 2.1, 3276.8, 3276.8, 0, , , , 0.0, 0.0, 36.562093987, -79.202134355, 0.0
19.3, 3, 3968.000, , 3036, 0.0, , 210.8, 5271, 0.789, 0.289, 0.0, 0.0, 0.0, 0.0, 0.26, , , 40.000, 26.29, 1780000099200, 3276.8, 2.1, 3276.8, 3276.8, 0, , , , 0.0, 0.0, 36.562070782, -79.202168680, 0.0
17.0, 3, 3972.000, , 3148, 0.0, , 214.8, 5371, 0.814, 0.255, 0.0, 0.0, 0.0, 0.0, 0.29, , , 40.000, 27.14, 1780000099300, 3276.8, 2.1, 3276.8, 3276.8, 0, , , , 0.0, 0.0, 36.562047208, -79.202202619, 0.0
14.7, 3, 3976.000, , 3264, 0.0, , 218.8, 5471, 0.837, 0.221, 0.0, 0.0, 0.0, 0.0, 0.32, , , 40.000, 27.89, 1780000099400, 3276.8, 2.1, 3276.8, 3276.8, 0, , , , 0.0, 0.0, 36.562023271, -79.202236167, 0.0
12.4, 3, 3980.000, , 3382, 0.0, , 222.8, 5571, 0.856, 0.185, 0.0, 0.0, 0.0, 0.0, 0.35, , , 40.000, 28.53, 1780000099500, 3276.8, 2.1, 3276.8, 3276.8, 0, , , , 0.0, 0.0, 36.561998974, -79.202269318, 0.0
9.9, 3, 3984.000, , 3503, 0.0, , 226.8, 5671, 0.872, 0.149, 0.0, 0.0, 0.0, 0.0, 0.38, , , 40.000, 29.06, 1780000099600, 3276.8, 2.1, 3276.8, 3276.8, 0, , , , 0.0, 0.0, 36.561974322, -79.202302064, 0.0
7.5, 3, 3988.000, , 3625, 0.0, , 230.8, 5771, 0.884, 0.112, 0.0, 0.0, 0.0, 0.0, 0.41, , , 40.000, 29.47, 1780000099700, 3276.8, 2.1, 3276.8, 3276.8, 0, , , , 0.0, 0.0, 36.561949318, -79.202334402, 0.0
5.0, 3, 3992.000, , 3749, 0.0, , 234.8, 5871, 0.893, 0.075, 0.0, 0.0, 0.0, 0.0, 0.44, , , 40.000, 29.76, 1780000099800, 3276.8, 2.1, 3276.8, 3276.8, 0, , , , 0.0, 0.0, 36.561923968, -79.202366325, 0.0
2.5, 3, 3996.000, , 3874, 0.0, , 238.8, 5971, 0.898, 0.038, 0.0, 0.0, 0.0, 0.0, 0.47, , , 40.000, 29.94, 1780000099900, 3276.8, 2.1, 3276.8, 3276.8, 0, , , , 0.0, 0.0, 36.561898277, -79.202397827, 0.0
0.0, 3, 4000.000, , 4000, 0.0, , 242.8, 6071, 0.900, 0.000, 0.0, 0.0, 0.0, 0.0, 0.50, , , 40.000, 30.00, 1780000100000, 3276.8, 2.1, 3276.8, 3276.8, 0, , , , 0.0, 0.0, 36.561872247, -79.202428903, 0.0
0.0, 4, 4004.000, , 4126, 0.0, , 246.8, 6171, 0.898, -0.038, 0.0, 0.0, 0.0, 0.0, 0.53, , , 40.000, 29.94, 1780000100100, 3276.8, 2.1, 3276.8, 3276.8, 0, , , , 0.0, 0.0, 36.561845885, -79.202459546, 0.0
0.0, 4, 4008.000, , 4251, 0.0, , 250.8, 6271, 0.893, -0.075, 0.0, 0.0, 0.0, 0.0, 0.56, , , 40.000, 29.76, 1780000100200, 3276.8, 2.1, 3276.8, 3276.8, 0, , , , 0.0, 0.0, 36.561819195, -79.202489753, 0.0
0.0, 4, 4012.000, , 4375, 0.0, , 254.8, 6371, 0.884, -0.112, 0.0, 0.0, 0.0, 0.0, 0.59, , , 40.000, 29.47, 1780000100300, 3276.8, 2.1, 3276.8, 3276.8, 0, , , , 0.0, 0.0, 36.561792181, -79.202519517, 0.0
0.0, 4, 4016.000, , 4497, 0.0, , 258.8, 6471, 0.872, -0.149, 0.0, 0.0, 0.0, 0.0, 0.62, , , 40.000, 29.06, 1780000100400, 3276.8, 2.1, 3276.8, 3276.8, 0, , , , 0.0, 0.0, 36.561764848, -79.202548833, 0.0
0.0, 4, 4020.000, , 4618, 0.0, , 262.8, 6571, 0.856, -0.185, 0.0, 0.0, 0.0, 0.0, 0.65, , , 40.000, 28.53, 1780000100500, 3276.8, 2.1, 3276.8, 3276.8, 0, , , , 0.0, 0.0, 36.561737202, -79.202577696, 0.0
0.0, 4, 4024.000, , 4736, 0.0, , 266.8, 6671, 0.837, -0.221, 0.0, 0.0, 0.0, 0.0, 0.68, , , 40.000, 27.89, 1780000100600, 3276.8, 2.1, 3276.8, 3276.8, 0, , , , 0.0, 0.0, 36.561709247, -79.202606101, 0.0
0.0, 4, 4028.000, , 4852, 0.0, , 270.8, 6771, 0.814, -0.255, 0.0, 0.0, 0.0, 0.0, 0.71, , , 40.000, 27.14, 1780000100700, 3276.8, 2.1, 3276.8, 3276.8, 0, , , , 0.0, 0.0, 36.561680989, -79.202634043, 0.0
0.0, 4, 4032.000, , 4964, 0.0, , 274.8, 6871, 0.789, -0.289, 0.0, 0.0, 0.0, 0.0, 0.74, , , 40.000, 26.29, 1780000100800, 3276.8, 2.1, 3276.8, 3276.8, 0, , , , 0.0, 0.0, 36.561652431, -79.202661516, 0.0
0.0, 4, 4036.000, , 5072, 0.0, , 278.8, 6971, 0.760, -0.321, 0.0, 0.0, 0.0, 0.0, 0.77, , , 40.000, 25.33, 1780000100900, 3276.8, 2.1, 3276.8, 3276.8, 0, , , , 0.0, 0.0, 36.561623580, -79.202688516, 0.0
0.0, 4, 4040.000, , 5176, 0.0, , 282.8, 7071, 0.728, -0.353, 0.0, 0.0, 0.0, 0.0, 0.79, , , 40.000, 24.27, 1780000101000, 3276.8, 2.1, 3276.8, 3276.8, 0, , , , 0.0, 0.0, 36.561594439, -79.202715038, 0.0
0.0, 4, 4044.000, , 5275, 0.0, , 286.8, 7171, 0.693, -0.382, 0.0, 0.0, 0.0, 0.0, 0.82, , , 40.000, 23.12, 1780000101100, 3276.8, 2.1, 3276.8, 3276.8, 0, , , , 0.0, 0.0, 36.561565016, -79.202741078, 0.0
0.0, 4, 4048.000, , 5369, 0.0, , 290.8, 7271, 0.656, -0.411, 0.0, 0.0, 0.0, 0.0, 0.84, , , 40.000, 21.87, 1780000101200, 3276.8, 2.1, 3276.8, 3276.8, 0, , , , 0.0, 0.0, 36.561535314, -79.202766630, 0.0
0.0, 4, 4052.000, , 5458, 0.0, , 294.8, 7371, 0.616, -0.437, 0.0, 0.0, 0.0, 0.0, 0.86, , , 40.000, 20.54, 1780000101300, 3276.8, 2.1, 3276.8, 3276.8, 0, , , , 0.0, 0.0, 36.561505340, -79.202791690, 0.0
0.0, 4, 4056.000, , 5541, 0.0, , 298.8, 7471, 0.574, -0.462, 0.0, 0.0, 0.0, 0.0, 0.89, , , 40.000, 19.12, 1780000101400, 3276.8, 2.1, 3276.8, 3276.8, 0, , , , 0.0, 0.0, 36.561475097, -79.202816254, 0.0
0.0, 4, 4060.000, , 5618, 0.0, , 302.8, 7571, 0.529, -0.485, 0.0, 0.0, 0.0, 0.0, 0.90, , , 40.000, 17.63, 1780000101500, 3276.8, 2.1, 3276.8, 3276.8, 0, , , , 0.0, 0.0, 36.561444593, -79.202840317, 0.0
0.0, 4, 4064.000, , 5689, 0.0, , 306.8, 7671, 0.482, -0.507, 0.0, 0.0, 0.0, 0.0, 0.92, , , 40.000, 16.07, 1780000101600, 3276.8, 2.1, 3276.8, 3276.8, 0, , , , 0.0, 0.0, 36.561413832, -79.202863876, 0.0
0.0, 4, 4068.000, , 5753, 0.0, , 310.8, 7771, 0.434, -0.526, 0.0, 0.0, 0.0, 0.0, 0.94, , , 40.000, 14.45, 1780000101700, 3276.8, 2.1, 3276.8, 3276.8, 0, , , , 0.0, 0.0, 36.561382819, -79.202886925, 0.0
0.0, 4, 4072.000, , 5810, 0.0, , 314.8, 7871, 0.383, -0.543, 0.0, 0.0, 0.0, 0.0, 0.95, , , 40.000, 12.77, 1780000101800, 3276.8, 2.1, 3276.8, 3276.8, 0, , , , 0.0, 0.0, 36.561351560, -79.202909461, 0.0
0.0, 4, 4076.000, , 5860, 0.0, , 318.8, 7971, 0.331, -0.558, 0.0, 0.0, 0.0, 0.0, 0.96, , , 40.000, 11.04, 1780000101900, 3276.8, 2.1, 3276.8, 3276.8, 0, , , , 0.0, 0.0, 36.561320062, -79.202931480, 0.0
0.0, 4, 4080.000, , 5902, 0.0, , 322.8, 8071, 0.278, -0.571, 0.0, 0.0, 0.0, 0.0, 0.98, , , 40.000, 9.27, 1780000102000, 3276.8, 2.1, 3276.8, 3276.8, 0, , , , 0.0, 0.0, 36.561288328, -79.202952978, 0.0
0.0, 4, 4084.000, , 5937, 0.0, , 326.8, 8171, 0.224, -0.581, 0.0, 0.0, 0.0, 0.0, 0.98, , , 40.000, 7.46, 1780000102100, 3276.8, 2.1, 3276.8, 3276.8, 0, , , , 0.0, 0.0, 36.561256366, -79.202973951, 0.0
0.0, 4, 4088.000, , 5965, 0.0, , 330.8, 8271, 0.169, -0.589, 0.0, 0.0, 0.0, 0.0, 0.99, , , 40.000, 5.62, 1780000102200, 3276.8, 2.1, 3276.8, 3276.8, 0, , , , 0.0, 0.0, 36.561224180, -79.202994395, 0.0
0.0, 4, 4092.000, , 5984, 0.0, , 334.8, 8371, 0.113, -0.595, 0.0, 0.0, 0.0, 0.0, 1.00, , , 40.000, 3.76, 1780000102300, 3276.8, 2.1, 3276.8, 3276.8, 0, , , , 0.0, 0.0, 36.561191776, -79.203014306, 0.0
0.0, 4, 4096.000, , 5996, 0.0, , 338.8, 8471, 0.057, -0.599, 0.0, 0.0, 0.0, 0.0, 1.00, , , 40.000, 1.88, 1780000102400, 3276.8, 2.1, 3276.8, 3276.8, 0, , , , 0.0, 0.0, 36.561159161, -79.203033682, 0.0
0.0, 4, 4100.000, , 6000, 0.0, , 342.8, 8571, 0.000, -0.600, 0.0, 0.0, 0.0, 0.0, 1.00, , , 40.000, 0.00, 1780000102500, 3276.8, 2.1, 3276.8, 3276.8, 0, , , , 0.0, 0.0, 36.561126340, -79.203052519, 0.0
0.0, 4, 4104.000, , 5996, 0.0, , 346.8, 8671, -0.057, -0.599, 0.0, 0.0, 0.0, 0.0, 1.00, , , 40.000, -1.88, 1780000102600, 3276.8, 2.1, 3276.8, 3276.8, 0, , , , 0.0, 0.0, 36.561093318, -79.203070813, 0.0
0.0, 4, 4108.000, , 5984, 0.0, , 350.8, 8771, -0.113, -0.595, 0.0, 0.0, 0.0, 0.0, 1.00, , , 40.000, -3.76, 1780000102700, 3276.8, 2.1, 3276.8, 3276.8, 0, , , , 0.0, 0.0, 36.561060102, -79.203088561, 0.0
0.0, 4, 4112.000, , 5965, 0.0, , 354.8, 8871, -0.169, -0.589, 0.0, 0.0, 0.0, 0.0, 0.99, , , 40.000, -5.62, 1780000102800, 3276.8, 2.1, 3276.8, 3276.8, 0, , , , 0.0, 0.0, 36.561026698, -79.203105759, 0.0
0.0, 4, 4116.000, , 5937, 0.0, , 358.8, 8971, -0.224, -0.581, 0.0, 0.0, 0.0, 0.0, 0.98, , , 40.000, -7.46, 1780000102900, 3276.8, 2.1, 3276.8, 3276.8, 0, , , , 0.0, 0.0, 36.560993111, -79.203122406, 0.0
0.0, 4, 4120.000, , 5902, 0.0, , 362.8, 9071, -0.278, -0.571, 0.0, 0.0, 0.0, 0.0, 0.98, , , 40.000, -9.27, 1780000103000, 3276.8, 2.1, 3276.8, 3276.8, 0, , , , 0.0, 0.0, 36.560959347, -79.203138498, 0.0
0.0, 4, 4124.000, , 5860, 0.0, , 366.8, 9171, -0.331, -0.558, 0.0, 0.0, 0.0, 0.0, 0.96, , , 40.000, -11.04, 1780000103100, 3276.8, 2.1, 3276.8, 3276.8, 0, , , , 0.0, 0.0, 36.560925413, -79.203154032, 0.0
0.0, 4, 4128.000, , 5810, 0.0, , 370.8, 9271, -0.383, -0.543, 0.0, 0.0, 0.0, 0.0, 0.95, , , 40.000, -12.77, 1780000103200, 3276.8, 2.1, 3276.8, 3276.8, 0, , , , 0.0, 0.0, 36.560891314, -79.203169005, 0.0
0.0, 4, 4132.000, , 5753, 0.0, , 374.8, 9371, -0.434, -0.526, 0.0, 0.0, 0.0, 0.0, 0.94, , , 40.000, -14.45, 1780000103300, 3276.8, 2.1, 3276.8, 3276.8, 0, , , , 0.0, 0.0, 36.560857057, -79.203183414, 0.0
0.0, 4, 4136.000, , 5689, 0.0, , 378.8, 9471, -0.482, -0.507, 0.0, 0.0, 0.0, 0.0, 0.92, , , 40.000, -16.07, 1780000103400, 3276.8, 2.1, 3276.8, 3276.8, 0, , , , 0.0, 0.0, 36.560822648, -79.203197258, 0.0
0.0, 4, 4140.000, , 5618, 0.0, , 382.8, 9571, -0.529, -0.485, 0.0, 0.0, 0.0, 0.0, 0.90, , , 40.000, -17.63, 1780000103500, 3276.8, 2.1, 3276.8, 3276.8, 0, , , , 0.0, 0.0, 36.560788092, -79.203210533, 0.0
0.0, 4, 4144.000, , 5541, 0.0, , 386.8, 9671, -0.574, -0.462, 0.0, 0.0, 0.0, 0.0, 0.89, , , 40.000, -19.12, 1780000103600, 3276.8, 2.1, 3276.8, 3276.8, 0, , , , 0.0, 0.0, 36.560753397, -79.203223238, 0.0
0.0, 4, 4148.000, , 5458, 0.0, , 390.8, 9771, -0.616, -0.437, 0.0, 0.0, 0.0, 0.0, 0.86, , , 40.000, -20.54, 1780000103700, 3276.8, 2.1, 3276.8, 3276.8, 0, , , , 0.0, 0.0, 36.560718567, -79.203235369, 0.0
0.0, 4, 4152.000, , 5369, 0.0, , 394.8, 9871, -0.656, -0.411, 0.0, 0.0, 0.0, 0.0, 0.84, , , 40.000, -21.87, 1780000103800, 3276.8, 2.1, 3276.8, 3276.8, 0, , , , 0.0, 0.0, 36.560683609, -79.203246926, 0.0
0.0, 4, 4156.000, , 5275, 0.0, , 398.8, 9971, -0.693, -0.382, 0.0, 0.0, 0.0, 0.0, 0.82, , , 40.000, -23.12, 1780000103900, 3276.8, 2.1, 3276.8, 3276.8, 0, , , , 0.0, 0.0, 36.560648530, -79.203257905, 0.0
0.0, 4, 4160.000, , 5176, 0.0, , 402.8, 10071, -0.728, -0.353, 0.0, 0.0, 0.0, 0.0, 0.79, , , 40.000, -24.27, 1780000104000, 3276.8, 2.1, 3276.8, 3276.8, 0, , , , 0.0, 0.0, 36.560613336, -79.203268305, 0.0
0.0, 4, 4164.000, , 5072, 0.0, , 406.8, 10171, -0.760, -0.321, 0.0, 0.0, 0.0, 0.0, 0.77, , , 40.000, -25.33, 1780000104100, 3276.8, 2.1, 3276.8, 3276.8, 0, , , , 0.0, 0.0, 36.560578033, -79.203278124, 0.0
0.0, 4, 4168.000, , 4964, 0.0, , 410.8, 10271, -0.789, -0.289, 0.0, 0.0, 0.0, 0.0, 0.74, , , 40.000, -26.29, 1780000104200, 3276.8, 2.1, 3276.8, 3276.8, 0, , , , 0.0, 0.0, 36.560542627, -79.203287360, 0.0
0.0, 4, 4172.000, , 4852, 0.0, , 414.8, 10371, -0.814, -0.255, 0.0, 0.0, 0.0, 0.0, 0.71, , , 40.000, -27.14, 1780000104300, 3276.8, 2.1, 3276.8, 3276.8, 0, , , , 0.0, 0.0, 36.560507124, -79.203296012, 0.0
0.0, 4, 4176.000, , 4736, 0.0, , 418.8, 10471, -0.837, -0.221, 0.0, 0.0, 0.0, 0.0, 0.68, , , 40.000, -27.89, 1780000104400, 3276.8, 2.1, 3276.8, 3276.8, 0, , , , 0.0, 0.0, 36.560471532, -79.203304078, 0.0
0.0, 4, 4180.000, , 4618, 0.0, , 422.8, 10571, -0.856, -0.185, 0.0, 0.0, 0.0, 0.0, 0.65, , , 40.000, -28.53, 1780000104500, 3276.8, 2.1, 3276.8, 3276.8, 0, , , , 0.0, 0.0, 36.560435855, -79.203311556, 0.0
0.0, 4, 4184.000, , 4497, 0.0, , 426.8, 10671, -0.872, -0.149, 0.0, 0.0, 0.0, 0.0, 0.62, , , 40.000, -29.06, 1780000104600, 3276.8, 2.1, 3276.8, 3276.8, 0, , , , 0.0, 0.0, 36.560400101, -79.203318446, 0.0
0.0, 4, 4188.000, , 4375, 0.0, , 430.8, 10771, -0.884, -0.112, 0.0, 0.0, 0.0, 0.0, 0.59, , , 40.000, -29.47, 1780000104700, 3276.8, 2.1, 3276.8, 3276.8, 0, , , , 0.0, 0.0, 36.560364276, -79.203324746, 0.0
0.0, 4, 4192.000, , 4251, 0.0, , 434.8, 10871, -0.893, -0.075, 0.0, 0.0, 0.0, 0.0, 0.56, , , 40.000, -29.76, 1780000104800, 3276.8, 2.1, 3276.8, 3276.8, 0, , , , 0.0, 0.0, 36.560328386, -79.203330455, 0.0
0.0, 4, 4196.000, , 4126, 0.0, , 438.8, 10971, -0.898, -0.038, 0.0, 0.0, 0.0, 0.0, 0.53, , , 40.000, -29.94, 1780000104900, 3276.8, 2.1, 3276.8, 3276.8, 0, , , , 0.0, 0.0, 36.560292438, -79.203335571, 0.0
0.0, 3, 4200.000, , 4000, 0.0, , 442.8, 11071, -0.900, 0.000, 0.0, 0.0, 0.0, 0.0, 0.50, , , 40.000, -30.00, 1780000105000, 3276.8, 2.1, 3276.8, 3276.8, 0, , , , 0.0, 0.0, 36.560256438, -79.203340095, 0.0
2.5, 3, 4204.000, , 3874, 0.0, , 446.8, 11171, -0.898, 0.038, 0.0, 0.0, 0.0, 0.0, 0.47, , , 40.000, -29.94, 1780000105100, 3276.8, 2.1, 3276.8, 3276.8, 0, , , , 0.0, 0.0, 36.560220392, -79.203344025, 0.0
5.0, 3, 4208.000, , 3749, 0.0, , 450.8, 11271, -0.893, 0.075, 0.0, 0.0, 0.0, 0.0, 0.44, , , 40.000, -29.76, 1780000105200, 3276.8, 2.1, 3276.8, 3276.8, 0, , , , 0.0, 0.0, 36.560184307, -79.203347360, 0.0
7.5, 3, 4212.000, , 3625, 0.0, , 454.8, 11371, -0.884, 0.112, 0.0, 0.0, 0.0, 0.0, 0.41, , , 40.000, -29.47, 1780000105300, 3276.8, 2.1, 3276.8, 3276.8, 0, , , , 0.0, 0.0, 36.560148189, -79.203350101, 0.0
9.9, 3, 4216.000, , 3503, 0.0, , 458.8, 11471, -0.872, 0.149, 0.0, 0.0, 0.0, 0.0, 0.38, , , 40.000, -29.06, 1780000105400, 3276.8, 2.1, 3276.8, 3276.8, 0, , , , 0.0, 0.0, 36.560112045, -79.203352245, 0.0
12.4, 3, 4220.000, , 3382, 0.0, , 462.8, 11571, -0.856, 0.185, 0.0, 0.0, 0.0, 0.0, 0.35, , , 40.000, -28.53, 1780000105500, 3276.8, 2.1, 3276.8, 3276.8, 0, , , , 0.0, 0.0, 36.560075881, -79.203353794, 0.0
14.7, 3, 4224.000, , 3264, 0.0, , 466.8, 11671, -0.837, 0.221, 0.0, 0.0, 0.0, 0.0, 0.32, , , 40.000, -27.89, 1780000105600, 3276.8, 2.1, 3276.8, 3276.8, 0, , , , 0.0, 0.0, 36.560039703, -79.203354747, 0.0
17.0, 3, 4228.000, , 3148, 0.0, , 470.8, 11771, -0.814, 0.255, 0.0, 0.0, 0.0, 0.0, 0.29, , , 40.000, -27.14, 1780000105700, 3276.8, 2.1, 3276.8, 3276.8, 0, , , , 0.0, 0.0, 36.560003519, -79.203355103, 0.0
19.3, 3, 4232.000, , 3036, 0.0, , 474.8, 11871, -0.789, 0.289, 0.0, 0.0, 0.0, 0.0, 0.26, , , 40.000, -26.29, 1780000105800, 3276.8, 2.1, 3276.8, 3276.8, 0, , , , 0.0, 0.0, 36.559967334, -79.203354863, 0.0
21.4, 3, 4236.000, , 2928, 0.0, , 478.8, 11971, -0.760, 0.321, 0.0, 0.0, 0.0, 0.0, 0.23, , , 40.000, -25.33, 1780000105900, 3276.8, 2.1, 3276.8, 3276.8, 0, , , , 0.0, 0.0, 36.559931154, -79.203354026, 0.0
23.5, 3, 4240.000, , 2824, 0.0, , 482.8, 12071, -0.728, 0.353, 0.0, 0.0, 0.0, 0.0, 0.21, , , 40.000, -24.27, 1780000106000, 3276.8, 2.1, 3276.8, 3276.8, 0, , , , 0.0, 0.0, 36.559894987, -79.203352593, 0.0
25.5, 3, 4244.000, , 2725, 0.0, , 486.8, 12171, -0.693, 0.382, 0.0, 0.0, 0.0, 0.0, 0.18, , , 40.000, -23.12, 1780000106100, 3276.8, 2.1, 3276.8, 3276.8, 0, , , , 0.0, 0.0, 36.559858839, -79.203350564, 0.0
27.4, 3, 4248.000, , 2631, 0.0, , 490.8, 12271, -0.656, 0.411, 0.0, 0.0, 0.0, 0.0, 0.16, , , 40.000, -21.87, 1780000106200, 3276.8, 2.1, 3276.8, 3276.8, 0, , , , 0.0, 0.0, 36.559822715, -79.203347940, 0.0
29.2, 3, 4252.000, , 2542, 0.0, , 494.8, 12371, -0.616, 0.437, 0.0, 0.0, 0.0, 0.0, 0.14, , , 40.000, -20.54, 1780000106300, 3276.8, 2.1, 3276.8, 3276.8, 0, , , , 0.0, 0.0, 36.559786623, -79.203344720, 0.0
30.8, 3, 4256.000, , 2459, 0.0, , 498.8, 12471, -0.574, 0.462, 0.0, 0.0, 0.0, 0.0, 0.11, , , 40.000, -19.12, 1780000106400, 3276.8, 2.1, 3276.8, 3276.8, 0, , , , 0.0, 0.0, 36.559750569, -79.203340906, 0.0
32.4, 3, 4260.000, , 2382, 0.0, , 502.8, 12571, -0.529, 0.485, 0.0, 0.0, 0.0, 0.0, 0.10, , , 40.000, -17.63, 1780000106500, 3276.8, 2.1, 3276.8, 3276.8, 0, , , , 0.0, 0.0, 36.559714560, -79.203336497, 0.0
33.8, 3, 4264.000, , 2311, 0.0, , 506.8, 12671, -0.482, 0.507, 0.0, 0.0, 0.0, 0.0, 0.08, , , 40.000, -16.07, 1780000106600, 3276.8, 2.1, 3276.8, 3276.8, 0, , , , 0.0, 0.0, 36.559678601, -79.203331496, 0.0
35.1, 3, 4268.000, , 2247, 0.0, , 510.8, 12771, -0.434, 0.526, 0.0, 0.0, 0.0, 0.0, 0.06, , , 40.000, -14.45, 1780000106700, 3276.8, 2.1, 3276.8, 3276.8, 0, , , , 0.0, 0.0, 36.559642699, -79.203325902, 0.0
36.2, 3, 4272.000, , 2190, 0.0, , 514.8, 12871, -0.383, 0.543, 0.0, 0.0, 0.0, 0.0, 0.05, , , 40.000, -12.77, 1780000106800, 3276.8, 2.1, 3276.8, 3276.8, 0, , , , 0.0, 0.0, 36.559606861, -79.203319717, 0.0
37.2, 3, 4276.000, , 2140, 0.0, , 518.8, 12971, -0.331, 0.558, 0.0, 0.0, 0.0, 0.0, 0.04, , , 40.000, -11.04, 1780000106900, 3276.8, 2.1, 3276.8, 3276.8, 0, , , , 0.0, 0.0, 36.559571093, -79.203312942, 0.0
38.0, 3, 4280.000, , 2098, 0.0, , 522.8, 13071, -0.278, 0.571, 0.0, 0.0, 0.0, 0.0, 0.02, , , 40.000, -9.27, 1780000107000, 3276.8, 2.1, 3276.8, 3276.8, 0, , , , 0.0, 0.0, 36.559535401, -79.203305578, 0.0
38.7, 3, 4284.000, , 2063, 0.0, , 526.8, 13171, -0.224, 0.581, 0.0, 0.0, 0.0, 0.0, 0.02, , , 40.000, -7.46, 1780000107100, 3276.8, 2.1, 3276.8, 3276.8, 0, , , , 0.0, 0.0, 36.559499791, -79.203297627, 0.0
39.3, 3, 4288.000, , 2035, 0.0, , 530.8, 13271, -0.169, 0.589, 0.0, 0.0, 0.0, 0.0, 0.01, , , 40.000, -5.62, 1780000107200, 3276.8, 2.1, 3276.8, 3276.8, 0, , , , 0.0, 0.0, 36.559464271, -79.203289089, 0.0
39.7, 3, 4292.000, , 2016, 0.0, , 534.8, 13371, -0.113, 0.595, 0.0, 0.0, 0.0, 0.0, 0.00, , , 40.000, -3.76, 1780000107300, 3276.8, 2.1, 3276.8, 3276.8, 0, , , , 0.0, 0.0, 36.559428845, -79.203279966, 0.0
39.9, 3, 4296.000, , 2004, 0.0, , 538.8, 13471, -0.057, 0.599, 0.0, 0.0, 0.0, 0.0, 0.00, , , 40.000, -1.88, 1780000107400, 3276.8, 2.1, 3276.8, 3276.8, 0, , , , 0.0, 0.0, 36.559393522, -79.203270260, 0.0
40.0, 3, 4300.000, , 2000, 0.0, , 542.8, 13571, -0.000, 0.600, 0.0, 0.0, 0.0, 0.0, 0.00, , , 40.000, -0.00, 1780000107500, 3276.8, 2.1, 3276.8, 3276.8, 0, , , , 0.0, 0.0, 36.559358306, -79.203259973, 0.0
39.9, 3, 4304.000, , 2004, 0.0, , 546.8, 13671, 0.057, 0.599, 0.0, 0.0, 0.0, 0.0, 0.00, , , 40.000, 1.88, 1780000107600, 3276.8, 2.1, 3276.8, 3276.8, 0, , , , 0.0, 0.0, 36.559323204, -79.203249106, 0.0
39.7, 3, 4308.000, , 2016, 0.0, , 550.8, 13771, 0.113, 0.595, 0.0, 0.0, 0.0, 0.0, 0.00, , , 40.000, 3.76, 1780000107700, 3276.8, 2.1, 3276.8, 3276.8, 0, , , , 0.0, 0.0, 36.559288222, -79.203237662, 0.0
39.3, 3, 4312.000, , 2035, 0.0, , 554.8, 13871, 0.169, 0.589, 0.0, 0.0, 0.0, 0.0, 0.01, , , 40.000, 5.62, 1780000107800, 3276.8, 2.1, 3276.8, 3276.8, 0, , , , 0.0, 0.0, 36.559253367, -79.203225642, 0.0
38.7, 3, 4316.000, , 2063, 0.0, , 558.8, 13971, 0.224, 0.581, 0.0, 0.0, 0.0, 0.0, 0.02, , , 40.000, 7.46, 1780000107900, 3276.8, 2.1, 3276.8, 3276.8, 0, , , , 0.0, 0.0, 36.559218645, -79.203213049, 0.0
38.0, 3, 4320.000, , 2098, 0.0, , 562.8, 14071, 0.278, 0.571, 0.0, 0.0, 0.0, 0.0, 0.02, , , 40.000, 9.27, 1780000108000, 3276.8, 2.1, 3276.8, 3276.8, 0, , , , 0.0, 0.0, 36.559184061, -79.203199884, 0.0
37.2, 3, 4324.000, , 2140, 0.0, , 566.8, 14171, 0.331, 0.558, 0.0, 0.0, 0.0, 0.0, 0.04, , , 40.000, 11.04, 1780000108100, 3276.8, 2.1, 3276.8, 3276.8, 0, , , , 0.0, 0.0, 36.559149623, -79.203186151, 0.0
36.2, 3, 4328.000, , 2190, 0.0, , 570.8, 14271, 0.383, 0.543, 0.0, 0.0, 0.0, 0.0, 0.05, , , 40.000, 12.77, 1780000108200, 3276.8, 2.1, 3276.8, 3276.8, 0, , , , 0.0, 0.0, 36.559115336, -79.203171851, 0.0
35.1, 3, 4332.000, , 2247, 0.0, , 574.8, 14371, 0.434, 0.526, 0.0, 0.0, 0.0, 0.0, 0.06, , , 40.000, 14.45, 1780000108300, 3276.8, 2.1, 3276.8, 3276.8, 0, , , , 0.0, 0.0, 36.559081206, -79.203156988, 0.0
33.8, 3, 4336.000, , 2311, 0.0, , 578.8, 14471, 0.482, 0.507, 0.0, 0.0, 0.0, 0.0, 0.08, , , 40.000, 16.07, 1780000108400, 3276.8, 2.1, 3276.8, 3276.8, 0, , , , 0.0, 0.0, 36.559047240, -79.203141563, 0.0
32.4, 3, 4340.000, , 2382, 0.0, , 582.8, 14571, 0.529, 0.485, 0.0, 0.0, 0.0, 0.0, 0.10, , , 40.000, 17.63, 1780000108500, 3276.8, 2.1, 3276.8, 3276.8, 0, , , , 0.0, 0.0, 36.559013442, -79.203125579, 0.0
30.8, 3, 4344.000, , 2459, 0.0, , 586.8, 14671, 0.574, 0.462, 0.0, 0.0, 0.0, 0.0, 0.11, , , 40.000, 19.12, 1780000108600, 3276.8, 2.1, 3276.8, 3276.8, 0, , , , 0.0, 0.0, 36.558979821, -79.203109040, 0.0
29.2, 3, 4348.000, , 2542, 0.0, , 590.8, 14771, 0.616, 0.437, 0.0, 0.0, 0.0, 0.0, 0.14, , , 40.000, 20.54, 1780000108700, 3276.8, 2.1, 3276.8, 3276.8, 0, , , , 0.0, 0.0, 36.558946380, -79.203091949, 0.0
27.4, 3, 4352.000, , 2631, 0.0, , 594.8, 14871, 0.656, 0.411, 0.0, 0.0, 0.0, 0.0, 0.16, , , 40.000, 21.87, 1780000108800, 3276.8, 2.1, 3276.8, 3276.8, 0, , , , 0.0, 0.0, 36.558913127, -79.203074307, 0.0
25.5, 3, 4356.000, , 2725, 0.0, , 598.8, 14971, 0.693, 0.382, 0.0, 0.0, 0.0, 0.0, 0.18, , , 40.000, 23.12, 1780000108900, 3276.8, 2.1, 3276.8, 3276.8, 0, , , , 0.0, 0.0, 36.558880067, -79.203056119, 0.0
23.5, 3, 4360.000, , 2824, 0.0, , 602.8, 15071, 0.728, 0.353, 0.0, 0.0, 0.0, 0.0, 0.21, , , 40.000, 24.27, 1780000109000, 3276.8, 2.1, 3276.8, 3276.8, 0, , , , 0.0, 0.0, 36.558847206, -79.203037388, 0.0
21.4, 3, 4364.000, , 2928, 0.0, , 606.8, 15171, 0.760, 0.321, 0.0, 0.0, 0.0, 0.0, 0.23, , , 40.000, 25.33, 1780000109100, 3276.8, 2.1, 3276.8, 3276.8, 0, , , , 0.0, 0.0, 36.558814551, -79.203018117, 0.0
19.3, 3, 4368.000, , 3036, 0.0, , 610.8, 15271, 0.789, 0.289, 0.0, 0.0, 0.0, 0.0, 0.26, , , 40.000, 26.29, 1780000109200, 3276.8, 2.1, 3276.8, 3276.8, 0, , , , 0.0, 0.0, 36.558782105, -79.202998309, 0.0
17.0, 3, 4372.000, , 3148, 0.0, , 614.8, 15371, 0.814, 0.255, 0.0, 0.0, 0.0, 0.0, 0.29, , , 40.000, 27.14, 1780000109300, 3276.8, 2.1, 3276.8, 3276.8, 0, , , , 0.0, 0.0, 36.558749877, -79.202977968, 0.0
14.7, 3, 4376.000, , 3264, 0.0, , 618.8, 15471, 0.837, 0.221, 0.0, 0.0, 0.0, 0.0, 0.32, , , 40.000, 27.89, 1780000109400, 3276.8, 2.1, 3276.8, 3276.8, 0, , , , 0.0, 0.0, 36.558717870, -79.202957098, 0.0
12.4, 3, 4380.000, , 3382, 0.0, , 622.8, 15571, 0.856, 0.185, 0.0, 0.0, 0.0, 0.0, 0.35, , , 40.000, 28.53, 1780000109500, 3276.8, 2.1, 3276.8, 3276.8, 0, , , , 0.0, 0.0, 36.558686092, -79.202935702, 0.0
9.9, 3, 4384.000, , 3503, 0.0, , 626.8, 15671, 0.872, 0.149, 0.0, 0.0, 0.0, 0.0, 0.38, , , 40.000, 29.06, 1780000109600, 3276.8, 2.1, 3276.8, 3276.8, 0, , , , 0.0, 0.0, 36.558654547, -79.202913784, 0.0
7.5, 3, 4388.000, , 3625, 0.0, , 630.8, 15771, 0.884, 0.112, 0.0, 0.0, 0.0, 0.0, 0.41, , , 40.000, 29.47, 1780000109700, 3276.8, 2.1, 3276.8, 3276.8, 0, , , , 0.0, 0.0, 36.558623242, -79.202891349, 0.0
5.0, 3, 4392.000, , 3749, 0.0, , 634.8, 15871, 0.893, 0.075, 0.0, 0.0, 0.0, 0.0, 0.44, , , 40.000, 29.76, 1780000109800, 3276.8, 2.1, 3276.8, 3276.8, 0, , , , 0.0, 0.0, 36.558592181, -79.202868399, 0.0
2.5, 3, 4396.000, , 3874, 0.0, , 638.8, 15971, 0.898, 0.038, 0.0, 0.0, 0.0, 0.0, 0.47, , , 40.000, 29.94, 1780000109900, 3276.8, 2.1, 3276.8, 3276.8, 0, , , , 0.0, 0.0, 36.558561370, -79.202844939, 0.0
0.0, 4, 4400.000, , 4000, 0.0, , 642.8, 16071, 0.900, -0.000, 0.0, 0.0, 0.0, 0.0, 0.50, , , 40.000, 30.00, 1780000110000, 3276.8, 2.1, 3276.8, 3276.8, 0, , , , 0.0, 0.0, 36.558530815, -79.202820974, 0.0
0.0, 4, 4404.000, , 4126, 0.0, , 646.8, 16171, 0.898, -0.038, 0.0, 0.0, 0.0, 0.0, 0.53, , , 40.000, 29.94, 1780000110100, 3276.8, 2.1, 3276.8, 3276.8, 0, , , , 0.0, 0.0, 36.558500521, -79.202796507, 0.0
0.0, 4, 4408.000, , 4251, 0.0, , 650.8, 16271, 0.893, -0.075, 0.0, 0.0, 0.0, 0.0, 0.56, , , 40.000, 29.76, 1780000110200, 3276.8, 2.1, 3276.8, 3276.8, 0, , , , 0.0, 0.0, 36.558470494, -79.202771542, 0.0
0.0, 4, 4412.000, , 4375, 0.0, , 654.8, 16371, 0.884, -0.112, 0.0, 0.0, 0.0, 0.0, 0.59, , , 40.000, 29.47, 1780000110300, 3276.8, 2.1, 3276.8, 3276.8, 0, , , , 0.0, 0.0, 36.558440739, -79.202746086, 0.0
0.0, 4, 4416.000, , 4497, 0.0, , 658.8, 16471, 0.872, -0.149, 0.0, 0.0, 0.0, 0.0, 0.62, , , 40.000, 29.06, 1780000110400, 3276.8, 2.1, 3276.8, 3276.8, 0, , , , 0.0, 0.0, 36.558411261, -79.202720140, 0.0
0.0, 4, 4420.000, , 4618, 0.0, , 662.8, 16571, 0.856, -0.185, 0.0, 0.0, 0.0, 0.0, 0.65, , , 40.000, 28.53, 1780000110500, 3276.8, 2.1, 3276.8, 3276.8, 0, , , , 0.0, 0.0, 36.558382065, -79.202693712, 0.0
0.0, 4, 4424.000, , 4736, 0.0, , 666.8, 16671, 0.837, -0.221, 0.0, 0.0, 0.0, 0.0, 0.68, , , 40.000, 27.89, 1780000110600, 3276.8, 2.1, 3276.8, 3276.8, 0, , , , 0.0, 0.0, 36.558353158, -79.202666804, 0.0
0.0, 4, 4428.000, , 4852, 0.0, , 670.8, 16771, 0.814, -0.255, 0.0, 0.0, 0.0, 0.0, 0.71, , , 40.000, 27.14, 1780000110700, 3276.8, 2.1, 3276.8, 3276.8, 0, , , , 0.0, 0.0, 36.558324542, -79.202639423, 0.0
0.0, 4, 4432.000, , 4964, 0.0, , 674.8, 16871, 0.789, -0.289, 0.0, 0.0, 0.0, 0.0, 0.74, , , 40.000, 26.29, 1780000110800, 3276.8, 2.1, 3276.8, 3276.8, 0, , , , 0.0, 0.0, 36.558296225, -79.202611572, 0.0
0.0, 4, 4436.000, , 5072, 0.0, , 678.8, 16971, 0.760, -0.321, 0.0, 0.0, 0.0, 0.0, 0.77, , , 40.000, 25.33, 1780000110900, 3276.8, 2.1, 3276.8, 3276.8, 0, , , , 0.0, 0.0, 36.558268211, -79.202583257, 0.0
0.0, 4, 4440.000, , 5176, 0.0, , 682.8, 17071, 0.728, -0.353, 0.0, 0.0, 0.0, 0.0, 0.79, , , 40.000, 24.27, 1780000111000, 3276.8, 2.1, 3276.8, 3276.8, 0, , , , 0.0, 0.0, 36.558240504, -79.202554483, 0.0
0.0, 4, 4444.000, , 5275, 0.0, , 686.8, 17171, 0.693, -0.382, 0.0, 0.0, 0.0, 0.0, 0.82, , , 40.000, 23.12, 1780000111100, 3276.8, 2.1, 3276.8, 3276.8, 0, , , , 0.0, 0.0, 36.558213110, -79.202525254, 0.0
0.0, 4, 4448.000, , 5369, 0.0, , 690.8, 17271, 0.656, -0.411, 0.0, 0.0, 0.0, 0.0, 0.84, , , 40.000, 21.87, 1780000111200, 3276.8, 2.1, 3276.8, 3276.8, 0, , , , 0.0, 0.0, 36.558186034, -79.202495577, 0.0
0.0, 4, 4452.000, , 5458, 0.0, , 694.8, 17371, 0.616, -0.437, 0.0, 0.0, 0.0, 0.0, 0.86, , , 40.000, 20.54, 1780000111300, 3276.8, 2.1, 3276.8, 3276.8, 0, , , , 0.0, 0.0, 36.558159280, -79.202465456, 0.0
0.0, 4, 4456.000, , 5541, 0.0, , 698.8, 17471, 0.574, -0.462, 0.0, 0.0, 0.0, 0.0, 0.89, , , 40.000, 19.12, 1780000111400, 3276.8, 2.1, 3276.8, 3276.8, 0, , , , 0.0, 0.0, 36.558132854, -79.202434896, 0.0
0.0, 4, 4460.000, , 5618, 0.0, , 702.8, 17571, 0.529, -0.485, 0.0, 0.0, 0.0, 0.0, 0.90, , , 40.000, 17.63, 1780000111500, 3276.8, 2.1, 3276.8, 3276.8, 0, , , , 0.0, 0.0, 36.558106760, -79.202403904, 0.0
0.0, 4, 4464.000, , 5689, 0.0, , 706.8, 17671, 0.482, -0.507, 0.0, 0.0, 0.0, 0.0, 0.92, , , 40.000, 16.07, 1780000111600, 3276.8, 2.1, 3276.8, 3276.8, 0, , , , 0.0, 0.0, 36.558081002, -79.202372485, 0.0
0.0, 4, 4468.000, , 5753, 0.0, , 710.8, 17771, 0.434, -0.526, 0.0, 0.0, 0.0, 0.0, 0.94, , , 40.000, 14.45, 1780000111700, 3276.8, 2.1, 3276.8, 3276.8, 0, , , , 0.0, 0.0, 36.558055585, -79.202340643, 0.0
0.0, 4, 4472.000, , 5810, 0.0, , 714.8, 17871, 0.383, -0.543, 0.0, 0.0, 0.0, 0.0, 0.95, , , 40.000, 12.77, 1780000111800, 3276.8, 2.1, 3276.8, 3276.8, 0, , , , 0.0, 0.0, 36.558030514, -79.202308386, 0.0
0.0, 4, 4476.000, , 5860, 0.0, , 718.8, 17971, 0.331, -0.558, 0.0, 0.0, 0.0, 0.0, 0.96, , , 40.000, 11.04, 1780000111900, 3276.8, 2.1, 3276.8, 3276.8, 0, , , , 0.0, 0.0, 36.558005793, -79.202275718, 0.0
0.0, 4, 4480.000, , 5902, 0.0, , 722.8, 18071, 0.278, -0.571, 0.0, 0.0, 0.0, 0.0, 0.98, , , 40.000, 9.27, 1780000112000, 3276.8, 2.1, 3276.8, 3276.8, 0, , , , 0.0, 0.0, 36.557981426, -79.202242646, 0.0
0.0, 4, 4484.000, , 5937, 0.0, , 726.8, 18171, 0.224, -0.581, 0.0, 0.0, 0.0, 0.0, 0.98, , , 40.000, 7.46, 1780000112100, 3276.8, 2.1, 3276.8, 3276.8, 0, , , , 0.0, 0.0, 36.557957419, -79.202209175, 0.0
0.0, 4, 4488.000, , 5965, 0.0, , 730.8, 18271, 0.169, -0.589, 0.0, 0.0, 0.0, 0.0, 0.99, , , 40.000, 5.62, 1780000112200, 3276.8, 2.1, 3276.8, 3276.8, 0, , , , 0.0, 0.0, 36.557933774, -79.202175311, 0.0
0.0, 4, 4492.000, , 5984, 0.0, , 734.8, 18371, 0.113, -0.595, 0.0, 0.0, 0.0, 0.0, 1.00, , , 40.000, 3.76, 1780000112300, 3276.8, 2.1, 3276.8, 3276.8, 0, , , , 0.0, 0.0, 36.557910497, -79.202141061, 0.0
0.0, 4, 4496.000, , 5996, 0.0, , 738.8, 18471, 0.057, -0.599, 0.0, 0.0, 0.0, 0.0, 1.00, , , 40.000, 1.88, 1780000112400, 3276.8, 2.1, 3276.8, 3276.8, 0, , , , 0.0, 0.0, 36.557887592, -79.202106430, 0.0
0.0, 4, 4500.000, , 6000, 0.0, , 742.8, 18571, 0.000, -0.600, 0.0, 0.0, 0.0, 0.0, 1.00, , , 40.000, 0.00, 1780000112500, 3276.8, 2.1, 3276.8, 3276.8, 0, , , , 0.0, 0.0, 36.557865061, -79.202071424, 0.0
0.0, 4, 4504.000, , 5996, 0.0, , 746.8, 18671, -0.057, -0.599, 0.0, 0.0, 0.0, 0.0, 1.00, , , 40.000, -1.88, 1780000112600, 3276.8, 2.1, 3276.8, 3276.8, 0, , , , 0.0, 0.0, 36.557842911, -79.202036050, 0.0
0.0, 4, 4508.000, , 5984, 0.0, , 750.8, 18771, -0.113, -0.595, 0.0, 0.0, 0.0, 0.0, 1.00, , , 40.000, -3.76, 1780000112700, 3276.8, 2.1, 3276.8, 3276.8, 0, , , , 0.0, 0.0, 36.557821144, -79.202000314, 0.0
0.0, 4, 4512.000, , 5965, 0.0, , 754.8, 18871, -0.169, -0.589, 0.0, 0.0, 0.0, 0.0, 0.99, , , 40.000, -5.62, 1780000112800, 3276.8, 2.1, 3276.8, 3276.8, 0, , , , 0.0, 0.0, 36.557799764, -79.201964223, 0.0
0.0, 4, 4516.000, , 5937, 0.0, , 758.8, 18971, -0.224, -0.581, 0.0, 0.0, 0.0, 0.0, 0.98, , , 40.000, -7.46, 1780000112900, 3276.8, 2.1, 3276.8, 3276.8, 0, , , , 0.0, 0.0, 36.557778775, -79.201927782, 0.0
0.0, 4, 4520.000, , 5902, 0.0, , 762.8, 19071, -0.278, -0.571, 0.0, 0.0, 0.0, 0.0, 0.98, , , 40.000, -9.27, 1780000113000, 3276.8, 2.1, 3276.8, 3276.8, 0, , , , 0.0, 0.0, 36.557758182, -79.201890999, 0.0
0.0, 4, 4524.000, , 5860, 0.0, , 766.8, 19171, -0.331, -0.558, 0.0, 0.0, 0.0, 0.0, 0.96, , , 40.000, -11.04, 1780000113100, 3276.8, 2.1, 3276.8, 3276.8, 0, , , , 0.0, 0.0, 36.557737986, -79.201853880, 0.0
0.0, 4, 4528.000, , 5810, 0.0, , 770.8, 19271, -0.383, -0.543, 0.0, 0.0, 0.0, 0.0, 0.95, , , 40.000, -12.77, 1780000113200, 3276.8, 2.1, 3276.8, 3276.8, 0, , , , 0.0, 0.0, 36.557718193, -79.201816431, 0.0
0.0, 4, 4532.000, , 5753, 0.0, , 774.8, 19371, -0.434, -0.526, 0.0, 0.0, 0.0, 0.0, 0.94, , , 40.000, -14.45, 1780000113300, 3276.8, 2.1, 3276.8, 3276.8, 0, , , , 0.0, 0.0, 36.557698806, -79.201778659, 0.0
0.0, 4, 4536.000, , 5689, 0.0, , 778.8, 19471, -0.482, -0.507, 0.0, 0.0, 0.0, 0.0, 0.92, , , 40.000, -16.07, 1780000113400, 3276.8, 2.1, 3276.8, 3276.8, 0, , , , 0.0, 0.0, 36.557679827, -79.201740570, 0.0
0.0, 4, 4540.000, , 5618, 0.0, , 782.8, 19571, -0.529, -0.485, 0.0, 0.0, 0.0, 0.0, 0.90, , , 40.000, -17.63, 1780000113500, 3276.8, 2.1, 3276.8, 3276.8, 0, , , , 0.0, 0.0, 36.557661262, -79.201702173, 0.0
0.0, 4, 4544.000, , 5541, 0.0, , 786.8, 19671, -0.574, -0.462, 0.0, 0.0, 0.0, 0.0, 0.89, , , 40.000, -19.12, 1780000113600, 3276.8, 2.1, 3276.8, 3276.8, 0, , , , 0.0, 0.0, 36.557643112, -79.201663473, 0.0
0.0, 4, 4548.000, , 5458, 0.0, , 790.8, 19771, -0.616, -0.437, 0.0, 0.0, 0.0, 0.0, 0.86, , , 40.000, -20.54, 1780000113700, 3276.8, 2.1, 3276.8, 3276.8, 0, , , , 0.0, 0.0, 36.557625380, -79.201624477, 0.0
0.0, 4, 4552.000, , 5369, 0.0, , 794.8, 19871, -0.656, -0.411, 0.0, 0.0, 0.0, 0.0, 0.84, , , 40.000, -21.87, 1780000113800, 3276.8, 2.1, 3276.8, 3276.8, 0, , , , 0.0, 0.0, 36.557608071, -79.201585192, 0.0
0.0, 4, 4556.000, , 5275, 0.0, , 798.8, 19971, -0.693, -0.382, 0.0, 0.0, 0.0, 0.0, 0.82, , , 40.000, -23.12, 1780000113900, 3276.8, 2.1, 3276.8, 3276.8, 0, , , , 0.0, 0.0, 36.557591188, -79.201545625, 0.0
0.0, 4, 4560.000, , 5176, 0.0, , 802.8, 20071, -0.728, -0.353, 0.0, 0.0, 0.0, 0.0, 0.79, , , 40.000, -24.27, 1780000114000, 3276.8, 2.1, 3276.8, 3276.8, 0, , , , 0.0, 0.0, 36.557574732, -79.201505784, 0.0
0.0, 4, 4564.000, , 5072, 0.0, , 806.8, 20171, -0.760, -0.321, 0.0, 0.0, 0.0, 0.0, 0.77, , , 40.000, -25.33, 1780000114100, 3276.8, 2.1, 3276.8, 3276.8, 0, , , , 0.0, 0.0, 36.557558708, -79.201465675, 0.0
0.0, 4, 4568.000, , 4964, 0.0, , 810.8, 20271, -0.789, -0.289, 0.0, 0.0, 0.0, 0.0, 0.74, , , 40.000, -26.29, 1780000114200, 3276.8, 2.1, 3276.8, 3276.8, 0, , , , 0.0, 0.0, 36.557543118, -79.201425306, 0.0
0.0, 4, 4572.000, , 4852, 0.0, , 814.8, 20371, -0.814, -0.255, 0.0, 0.0, 0.0, 0.0, 0.71, , , 40.000, -27.14, 1780000114300, 3276.8, 2.1, 3276.8, 3276.8, 0, , , , 0.0, 0.0, 36.557527964, -79.201384683, 0.0
0.0, 4, 4576.000, , 4736, 0.0, , 818.8, 20471, -0.837, -0.221, 0.0, 0.0, 0.0, 0.0, 0.68, , , 40.000, -27.89, 1780000114400, 3276.8, 2.1, 3276.8, 3276.8, 0, , , , 0.0, 0.0, 36.557513250, -79.201343814, 0.0
0.0, 4, 4580.000, , 4618, 0.0, , 822.8, 20571, -0.856, -0.185, 0.0, 0.0, 0.0, 0.0, 0.65, , , 40.000, -28.53, 1780000114500, 3276.8, 2.1, 3276.8, 3276.8, 0, , , , 0.0, 0.0, 36.557498978, -79.201302706, 0.0
0.0, 4, 4584.000, , 4497, 0.0, , 826.8, 20671, -0.872, -0.149, 0.0, 0.0, 0.0, 0.0, 0.62, , , 40.000, -29.06, 1780000114600, 3276.8, 2.1, 3276.8, 3276.8, 0, , , , 0.0, 0.0, 36.557485150, -79.201261366, 0.0
0.0, 4, 4588.000, , 4375, 0.0, , 830.8, 20771, -0.884, -0.112, 0.0, 0.0, 0.0, 0.0, 0.59, , , 40.000, -29.47, 1780000114700, 3276.8, 2.1, 3276.8, 3276.8, 0, , , , 0.0, 0.0, 36.557471770, -79.201219802, 0.0
0.0, 4, 4592.000, , 4251, 0.0, , 834.8, 20871, -0.893, -0.075, 0.0, 0.0, 0.0, 0.0, 0.56, , , 40.000, -29.76, 1780000114800, 3276.8, 2.1, 3276.8, 3276.8, 0, , , , 0.0, 0.0, 36.557458839, -79.201178022, 0.0
0.0, 4, 4596.000, , 4126, 0.0, , 838.8, 20971, -0.898, -0.038, 0.0, 0.0, 0.0, 0.0, 0.53, , , 40.000, -29.94, 1780000114900, 3276.8, 2.1, 3276.8, 3276.8, 0, , , , 0.0, 0.0, 36.557446360, -79.201136031, 0.0
0.0, 3, 4600.000, , 4000, 0.0, , 842.8, 21071, -0.900, 0.000, 0.0, 0.0, 0.0, 0.0, 0.50, , , 40.000, -30.00, 1780000115000, 3276.8, 2.1, 3276.8, 3276.8, 0, , , , 0.0, 0.0, 36.557434335, -79.201093839, 0.0
2.5, 3, 4604.000, , 3874, 0.0, , 846.8, 21171, -0.898, 0.038, 0.0, 0.0, 0.0, 0.0, 0.47, , , 40.000, -29.94, 1780000115100, 3276.8, 2.1, 3276.8, 3276.8, 0, , , , 0.0, 0.0, 36.557422766, -79.201051453, 0.0
5.0, 3, 4608.000, , 3749, 0.0, , 850.8, 21271, -0.893, 0.075, 0.0, 0.0, 0.0, 0.0, 0.44, , , 40.000, -29.76, 1780000115200, 3276.8, 2.1, 3276.8, 3276.8, 0, , , , 0.0, 0.0, 36.557411655, -79.201008879, 0.0
7.5, 3, 4612.000, , 3625, 0.0, , 854.8, 21371, -0.884, 0.112, 0.0, 0.0, 0.0, 0.0, 0.41, , , 40.000, -29.47, 1780000115300, 3276.8, 2.1, 3276.8, 3276.8, 0, , , , 0.0, 0.0, 36.557401004, -79.200966127, 0.0
9.9, 3, 4616.000, , 3503, 0.0, , 858.8, 21471, -0.872, 0.149, 0.0, 0.0, 0.0, 0.0, 0.38, , , 40.000, -29.06, 1780000115400, 3276.8, 2.1, 3276.8, 3276.8, 0, , , , 0.0, 0.0, 36.557390816, -79.200923202, 0.0
12.4, 3, 4620.000, , 3382, 0.0, , 862.8, 21571, -0.856, 0.185, 0.0, 0.0, 0.0, 0.0, 0.35, , , 40.000, -28.53, 1780000115500, 3276.8, 2.1, 3276.8, 3276.8, 0, , , , 0.0, 0.0, 36.557381091, -79.200880113, 0.0
14.7, 3, 4624.000, , 3264, 0.0, , 866.8, 21671, -0.837, 0.221, 0.0, 0.0, 0.0, 0.0, 0.32, , , 40.000, -27.89, 1780000115600, 3276.8, 2.1, 3276.8, 3276.8, 0, , , , 0.0, 0.0, 36.557371831, -79.200836868, 0.0
17.0, 3, 4628.000, , 3148, 0.0, , 870.8, 21771, -0.814, 0.255, 0.0, 0.0, 0.0, 0.0, 0.29, , , 40.000, -27.14, 1780000115700, 3276.8, 2.1, 3276.8, 3276.8, 0, , , , 0.0, 0.0, 36.557363039, -79.200793474, 0.0
19.3, 3, 4632.000, , 3036, 0.0, , 874.8, 21871, -0.789, 0.289, 0.0, 0.0, 0.0, 0.0, 0.26, , , 40.000, -26.29, 1780000115800, 3276.8, 2.1, 3276.8, 3276.8, 0, , , , 0.0, 0.0, 36.557354716, -79.200749940, 0.0
21.4, 3, 4636.000, , 2928, 0.0, , 878.8, 21971, -0.760, 0.321, 0.0, 0.0, 0.0, 0.0, 0.23, , , 40.000, -25.33, 1780000115900, 3276.8, 2.1, 3276.8, 3276.8, 0, , , , 0.0, 0.0, 36.557346863, -79.200706271, 0.0
23.5, 3, 4640.000, , 2824, 0.0, , 882.8, 22071, -0.728, 0.353, 0.0, 0.0, 0.0, 0.0, 0.21, , , 40.000, -24.27, 1780000116000, 3276.8, 2.1, 3276.8, 3276.8, 0, , , , 0.0, 0.0, 36.557339482, -79.200662477, 0.0
25.5, 3, 4644.000, , 2725, 0.0, , 886.8, 22171, -0.693, 0.382, 0.0, 0.0, 0.0, 0.0, 0.18, , , 40.000, -23.12, 1780000116100, 3276.8, 2.1, 3276.8, 3276.8, 0, , , , 0.0, 0.0, 36.557332573, -79.200618566, 0.0
27.4, 3, 4648.000, , 2631, 0.0, , 890.8, 22271, -0.656, 0.411, 0.0, 0.0, 0.0, 0.0, 0.16, , , 40.000, -21.87, 1780000116200, 3276.8, 2.1, 3276.8, 3276.8, 0, , , , 0.0, 0.0, 36.557326139, -79.200574544, 0.0
29.2, 3, 4652.000, , 2542, 0.0, , 894.8, 22371, -0.616, 0.437, 0.0, 0.0, 0.0, 0.0, 0.14, , , 40.000, -20.54, 1780000116300, 3276.8, 2.1, 3276.8, 3276.8, 0, , , , 0.0, 0.0, 36.557320181, -79.200530421, 0.0
30.8, 3, 4656.000, , 2459, 0.0, , 898.8, 22471, -0.574, 0.462, 0.0, 0.0, 0.0, 0.0, 0.11, , , 40.000, -19.12, 1780000116400, 3276.8, 2.1, 3276.8, 3276.8, 0, , , , 0.0, 0.0, 36.557314698, -79.200486203, 0.0
32.4, 3, 4660.000, , 2382, 0.0, , 902.8, 22571, -0.529, 0.485, 0.0, 0.0, 0.0, 0.0, 0.10, , , 40.000, -17.63, 1780000116500, 3276.8, 2.1, 3276.8, 3276.8, 0, , , , 0.0, 0.0, 36.557309693, -79.200441898, 0.0
33.8, 3, 4664.000, , 2311, 0.0, , 906.8, 22671, -0.482, 0.507, 0.0, 0.0, 0.0, 0.0, 0.08, , , 40.000, -16.07, 1780000116600, 3276.8, 2.1, 3276.8, 3276.8, 0, , , , 0.0, 0.0, 36.557305166, -79.200397515, 0.0
35.1, 3, 4668.000, , 2247, 0.0, , 910.8, 22771, -0.434, 0.526, 0.0, 0.0, 0.0, 0.0, 0.06, , , 40.000, -14.45, 1780000116700, 3276.8, 2.1, 3276.8, 3276.8, 0, , , , 0.0, 0.0, 36.557301119, -79.200353061, 0.0
36.2, 3, 4672.000, , 2190, 0.0, , 914.8, 22871, -0.383, 0.543, 0.0, 0.0, 0.0, 0.0, 0.05, , , 40.000, -12.77, 1780000116800, 3276.8, 2.1, 3276.8, 3276.8, 0, , , , 0.0, 0.0, 36.557297551, -79.200308545, 0.0
37.2, 3, 4676.000, , 2140, 0.0, , 918.8, 22971, -0.331, 0.558, 0.0, 0.0, 0.0, 0.0, 0.04, , , 40.000, -11.04, 1780000116900, 3276.8, 2.1, 3276.8, 3276.8, 0, , , , 0.0, 0.0, 36.557294463, -79.200263974, 0.0
38.0, 3, 4680.000, , 2098, 0.0, , 922.8, 23071, -0.278, 0.571, 0.0, 0.0, 0.0, 0.0, 0.02, , , 40.000, -9.27, 1780000117000, 3276.8, 2.1, 3276.8, 3276.8, 0, , , , 0.0, 0.0, 36.557291857, -79.200219355, 0.0
38.7, 3, 4684.000, , 2063, 0.0, , 926.8, 23171, -0.224, 0.581, 0.0, 0.0, 0.0, 0.0, 0.02, , , 40.000, -7.46, 1780000117100, 3276.8, 2.1, 3276.8, 3276.8, 0, , , , 0.0, 0.0, 36.557289732, -79.200174698, 0.0
39.3, 3, 4688.000, , 2035, 0.0, , 930.8, 23271, -0.169, 0.589, 0.0, 0.0, 0.0, 0.0, 0.01, , , 40.000, -5.62, 1780000117200, 3276.8, 2.1, 3276.8, 3276.8, 0, , , , 0.0, 0.0, 36.557288089, -79.200130010, 0.0
39.7, 3, 4692.000, , 2016, 0.0, , 934.8, 23371, -0.113, 0.595, 0.0, 0.0, 0.0, 0.0, 0.00, , , 40.000, -3.76, 1780000117300, 3276.8, 2.1, 3276.8, 3276.8, 0, , , , 0.0, 0.0, 36.557286928, -79.200085299, 0.0
39.9, 3, 4696.000, , 2004, 0.0, , 938.8, 23471, -0.057, 0.599, 0.0, 0.0, 0.0, 0.0, 0.00, , , 40.000, -1.88, 1780000117400, 3276.8, 2.1, 3276.8, 3276.8, 0, , , , 0.0, 0.0, 36.557286249, -79.200040572, 0.0
40.0, 3, 4700.000, , 2000, 0.0, , 942.8, 23571, 0.000, 0.600, 0.0, 0.0, 0.0, 0.0, 0.00, , , 40.000, 0.00, 1780000117500, 3276.8, 2.1, 3276.8, 3276.8, 0, , , , 0.0, 0.0, 36.557286052, -79.199995838, 0.0
39.9, 3, 4704.000, , 2004, 0.0, , 946.8, 23671, 0.057, 0.599, 0.0, 0.0, 0.0, 0.0, 0.00, , , 40.000, 1.88, 1780000117600, 3276.8, 2.1, 3276.8, 3276.8, 0, , , , 0.0, 0.0, 36.557286339, -79.199951105, 0.0
39.7, 3, 4708.000, , 2016, 0.0, , 950.8, 23771, 0.113, 0.595, 0.0, 0.0, 0.0, 0.0, 0.00, , , 40.000, 3.76, 1780000117700, 3276.8, 2.1, 3276.8, 3276.8, 0, , , , 0.0, 0.0, 36.557287107, -79.199906381, 0.0
39.3, 3, 4712.000, , 2035, 0.0, , 954.8, 23871, 0.169, 0.589, 0.0, 0.0, 0.0, 0.0, 0.01, , , 40.000, 5.62, 1780000117800, 3276.8, 2.1, 3276.8, 3276.8, 0, , , , 0.0, 0.0, 36.557288358, -79.199861673, 0.0
38.7, 3, 4716.000, , 2063, 0.0, , 958.8, 23971, 0.224, 0.581, 0.0, 0.0, 0.0, 0.0, 0.02, , , 40.000, 7.46, 1780000117900, 3276.8, 2.1, 3276.8, 3276.8, 0, , , , 0.0, 0.0, 36.557290091, -79.199816990, 0.0
38.0, 3, 4720.000, , 2098, 0.0, , 962.8, 24071, 0.278, 0.571, 0.0, 0.0, 0.0, 0.0, 0.02, , , 40.000, 9.27, 1780000118000, 3276.8, 2.1, 3276.8, 3276.8, 0, , , , 0.0, 0.0, 36.557292305, -79.199772340, 0.0
37.2, 3, 4724.000, , 2140, 0.0, , 966.8, 24171, 0.331, 0.558, 0.0, 0.0, 0.0, 0.0, 0.04, , , 40.000, 11.04, 1780000118100, 3276.8, 2.1, 3276.8, 3276.8, 0, , , , 0.0, 0.0, 36.557295001, -79.199727730, 0.0
36.2, 3, 4728.000, , 2190, 0.0, , 970.8, 24271, 0.383, 0.543, 0.0, 0.0, 0.0, 0.0, 0.05, , , 40.000, 12.77, 1780000118200, 3276.8, 2.1, 3276.8, 3276.8, 0, , , , 0.0, 0.0, 36.557298178, -79.199683168, 0.0
35.1, 3, 4732.000, , 2247, 0.0, , 974.8, 24371, 0.434, 0.526, 0.0, 0.0, 0.0, 0.0, 0.06, , , 40.000, 14.45, 1780000118300, 3276.8, 2.1, 3276.8, 3276.8, 0, , , , 0.0, 0.0, 36.557301836, -79.199638663, 0.0
33.8, 3, 4736.000, , 2311, 0.0, , 978.8, 24471, 0.482, 0.507, 0.0, 0.0, 0.0, 0.0, 0.08, , , 40.000, 16.07, 1780000118400, 3276.8, 2.1, 3276.8, 3276.8, 0, , , , 0.0, 0.0, 36.557305972, -79.199594221, 0.0
32.4, 3, 4740.000, , 2382, 0.0, , 982.8, 24571, 0.529, 0.485, 0.0, 0.0, 0.0, 0.0, 0.10, , , 40.000, 17.63, 1780000118500, 3276.8, 2.1, 3276.8, 3276.8, 0, , , , 0.0, 0.0, 36.557310588, -79.199549852, 0.0
30.8, 3, 4744.000, , 2459, 0.0, , 986.8, 24671, 0.574, 0.462, 0.0, 0.0, 0.0, 0.0, 0.11, , , 40.000, 19.12, 1780000118600, 3276.8, 2.1, 3276.8, 3276.8, 0, , , , 0.0, 0.0, 36.557315682, -79.199505563, 0.0
29.2, 3, 4748.000, , 2542, 0.0, , 990.8, 24771, 0.616, 0.437, 0.0, 0.0, 0.0, 0.0, 0.14, , , 40.000, 20.54, 1780000118700, 3276.8, 2.1, 3276.8, 3276.8, 0, , , , 0.0, 0.0, 36.557321253, -79.199461362, 0.0
27.4, 3, 4752.000, , 2631, 0.0, , 994.8, 24871, 0.656, 0.411, 0.0, 0.0, 0.0, 0.0, 0.16, , , 40.000, 21.87, 1780000118800, 3276.8, 2.1, 3276.8, 3276.8, 0, , , , 0.0, 0.0, 36.557327301, -79.199417257, 0.0
25.5, 3, 4756.000, , 2725, 0.0, , 998.8, 24971, 0.693, 0.382, 0.0, 0.0, 0.0, 0.0, 0.18, , , 40.000, 23.12, 1780000118900, 3276.8, 2.1, 3276.8, 3276.8, 0, , , , 0.0, 0.0, 36.557333823, -79.199373255, 0.0
23.5, 3, 4760.000, , 2824, 0.0, , 1002.8, 25071, 0.728, 0.353, 0.0, 0.0, 0.0, 0.0, 0.21, , , 40.000, 24.27, 1780000119000, 3276.8, 2.1, 3276.8, 3276.8, 0, , , , 0.0, 0.0, 36.557340819, -79.199329365, 0.0
21.4, 3, 4764.000, , 2928, 0.0, , 1006.8, 25171, 0.760, 0.321, 0.0, 0.0, 0.0, 0.0, 0.23, , , 40.000, 25.33, 1780000119100, 3276.8, 2.1, 3276.8, 3276.8, 0, , , , 0.0, 0.0, 36.557348289, -79.199285594, 0.0
19.3, 3, 4768.000, , 3036, 0.0, , 1010.8, 25271, 0.789, 0.289, 0.0, 0.0, 0.0, 0.0, 0.26, , , 40.000, 26.29, 1780000119200, 3276.8, 2.1, 3276.8, 3276.8, 0, , , , 0.0, 0.0, 36.557356229, -79.199241950, 0.0
17.0, 3, 4772.000, , 3148, 0.0, , 1014.8, 25371, 0.814, 0.255, 0.0, 0.0, 0.0, 0.0, 0.29, , , 40.000, 27.14, 1780000119300, 3276.8, 2.1, 3276.8, 3276.8, 0, , , , 0.0, 0.0, 36.557364640, -79.199198441, 0.0
14.7, 3, 4776.000, , 3264, 0.0, , 1018.8, 25471, 0.837, 0.221, 0.0, 0.0, 0.0, 0.0, 0.32, , , 40.000, 27.89, 1780000119400, 3276.8, 2.1, 3276.8, 3276.8, 0, , , , 0.0, 0.0, 36.557373519, -79.199155074, 0.0
12.4, 3, 4780.000, , 3382, 0.0, , 1022.8, 25571, 0.856, 0.185, 0.0, 0.0, 0.0, 0.0, 0.35, , , 40.000, 28.53, 1780000119500, 3276.8, 2.1, 3276.8, 3276.8, 0, , , , 0.0, 0.0, 36.557382865, -79.199111857, 0.0
9.9, 3, 4784.000, , 3503, 0.0, , 1026.8, 25671, 0.872, 0.149, 0.0, 0.0, 0.0, 0.0, 0.38, , , 40.000, 29.06, 1780000119600, 3276.8, 2.1, 3276.8, 3276.8, 0, , , , 0.0, 0.0, 36.557392676, -79.199068799, 0.0
7.5, 3, 4788.000, , 3625, 0.0, , 1030.8, 25771, 0.884, 0.112, 0.0, 0.0, 0.0, 0.0, 0.41, , , 40.000, 29.47, 1780000119700, 3276.8, 2.1, 3276.8, 3276.8, 0, , , , 0.0, 0.0, 36.557402951, -79.199025905, 0.0
5.0, 3, 4792.000, , 3749, 0.0, , 1034.8, 25871, 0.893, 0.075, 0.0, 0.0, 0.0, 0.0, 0.44, , , 40.000, 29.76, 1780000119800, 3276.8, 2.1, 3276.8, 3276.8, 0, , , , 0.0, 0.0, 36.557413687, -79.198983185, 0.0
2.5, 3, 4796.000, , 3874, 0.0, , 1038.8, 25971, 0.898, 0.038, 0.0, 0.0, 0.0, 0.0, 0.47, , , 40.000, 29.94, 1780000119900, 3276.8, 2.1, 3276.8, 3276.8, 0, , , , 0.0, 0.0, 36.557424884, -79.198940646, 0.0
0.0, 3, 4800.000, , 4000, 0.0, , 1042.8, 26071, 0.900, 0.000, 0.0, 0.0, 0.0, 0.0, 0.50, , , 40.000, 30.00, 1780000120000, 3276.8, 2.1, 3276.8, 3276.8, 0, , , , 0.0, 0.0, 36.557436538, -79.198898295, 0.0
0.0, 4, 4804.000, , 4126, 0.0, , 1046.8, 26171, 0.898, -0.038, 0.0, 0.0, 0.0, 0.0, 0.53, , , 40.000, 29.94, 1780000120100, 3276.8, 2.1, 3276.8, 3276.8, 0, , , , 0.0, 0.0, 36.557448648, -79.198856140, 0.0
0.0, 4, 4808.000, , 4251, 0.0, , 1050.8, 26271, 0.893, -0.075, 0.0, 0.0, 0.0, 0.0, 0.56, , , 40.000, 29.76, 1780000120200, 3276.8, 2.1, 3276.8, 3276.8, 0, , , , 0.0, 0.0, 36.557461211, -79.198814189, 0.0
0.0, 4, 4812.000, , 4375, 0.0, , 1054.8, 26371, 0.884, -0.112, 0.0, 0.0, 0.0, 0.0, 0.59, , , 40.000, 29.47, 1780000120300, 3276.8, 2.1, 3276.8, 3276.8, 0, , , , 0.0, 0.0, 36.557474226, -79.198772448, 0.0
0.0, 4, 4816.000, , 4497, 0.0, , 1058.8, 26471, 0.872, -0.149, 0.0, 0.0, 0.0, 0.0, 0.62, , , 40.000, 29.06, 1780000120400, 3276.8, 2.1, 3276.8, 3276.8, 0, , , , 0.0, 0.0, 36.557487689, -79.198730925, 0.0
0.0, 4, 4820.000, , 4618, 0.0, , 1062.8, 26571, 0.856, -0.185, 0.0, 0.0, 0.0, 0.0, 0.65, , , 40.000, 28.53, 1780000120500, 3276.8, 2.1, 3276.8, 3276.8, 0, , , , 0.0, 0.0, 36.557501600, -79.198689628, 0.0
0.0, 4, 4824.000, , 4736, 0.0, , 1066.8, 26671, 0.837, -0.221, 0.0, 0.0, 0.0, 0.0, 0.68, , , 40.000, 27.89, 1780000120600, 3276.8, 2.1, 3276.8, 3276.8, 0, , , , 0.0, 0.0, 36.557515954, -79.198648564, 0.0
0.0, 4, 4828.000, , 4852, 0.0, , 1070.8, 26771, 0.814, -0.255, 0.0, 0.0, 0.0, 0.0, 0.71, , , 40.000, 27.14, 1780000120700, 3276.8, 2.1, 3276.8, 3276.8, 0, , , , 0.0, 0.0, 36.557530750, -79.198607740, 0.0
0.0, 4, 4832.000, , 4964, 0.0, , 1074.8, 26871, 0.789, -0.289, 0.0, 0.0, 0.0, 0.0, 0.74, , , 40.000, 26.29, 1780000120800, 3276.8, 2.1, 3276.8, 3276.8, 0, , , , 0.0, 0.0, 36.557545985, -79.198567164, 0.0
0.0, 4, 4836.000, , 5072, 0.0, , 1078.8, 26971, 0.760, -0.321, 0.0, 0.0, 0.0, 0.0, 0.77, , , 40.000, 25.33, 1780000120900, 3276.8, 2.1, 3276.8, 3276.8, 0, , , , 0.0, 0.0, 36.557561657, -79.198526842, 0.0
0.0, 4, 4840.000, , 5176, 0.0, , 1082.8, 27071, 0.728, -0.353, 0.0, 0.0, 0.0, 0.0, 0.79, , , 40.000, 24.27, 1780000121000, 3276.8, 2.1, 3276.8, 3276.8, 0, , , , 0.0, 0.0, 36.557577761, -79.198486782, 0.0
0.0, 4, 4844.000, , 5275, 0.0, , 1086.8, 27171, 0.693, -0.382, 0.0, 0.0, 0.0, 0.0, 0.82, , , 40.000, 23.12, 1780000121100, 3276.8, 2.1, 3276.8, 3276.8, 0, , , , 0.0, 0.0, 36.557594297, -79.198446992, 0.0
0.0, 4, 4848.000, , 5369, 0.0, , 1090.8, 27271, 0.656, -0.411, 0.0, 0.0, 0.0, 0.0, 0.84, , , 40.000, 21.87, 1780000121200, 3276.8, 2.1, 3276.8, 3276.8, 0, , , , 0.0, 0.0, 36.557611260, -79.198407477, 0.0
0.0, 4, 4852.000, , 5458, 0.0, , 1094.8, 27371, 0.616, -0.437, 0.0, 0.0, 0.0, 0.0, 0.86, , , 40.000, 20.54, 1780000121300, 3276.8, 2.1, 3276.8, 3276.8, 0, , , , 0.0, 0.0, 36.557628648, -79.198368246, 0.0
0.0, 4, 4856.000, , 5541, 0.0, , 1098.8, 27471, 0.574, -0.462, 0.0, 0.0, 0.0, 0.0, 0.89, , , 40.000, 19.12, 1780000121400, 3276.8, 2.1, 3276.8, 3276.8, 0, , , , 0.0, 0.0, 36.557646457, -79.198329304, 0.0
0.0, 4, 4860.000, , 5618, 0.0, , 1102.8, 27571, 0.529, -0.485, 0.0, 0.0, 0.0, 0.0, 0.90, , , 40.000, 17.63, 1780000121500, 3276.8, 2.1, 3276.8, 3276.8, 0, , , , 0.0, 0.0, 36.557664685, -79.198290660, 0.0
0.0, 4, 4864.000, , 5689, 0.0, , 1106.8, 27671, 0.482, -0.507, 0.0, 0.0, 0.0, 0.0, 0.92, , , 40.000, 16.07, 1780000121600, 3276.8, 2.1, 3276.8, 3276.8, 0, , , , 0.0, 0.0, 36.557683327, -79.198252319, 0.0
0.0, 4, 4868.000, , 5753, 0.0, , 1110.8, 27771, 0.434, -0.526, 0.0, 0.0, 0.0, 0.0, 0.94, , , 40.000, 14.45, 1780000121700, 3276.8, 2.1, 3276.8, 3276.8, 0, , , , 0.0, 0.0, 36.557702382, -79.198214289, 0.0
0.0, 4, 4872.000, , 5810, 0.0, , 1114.8, 27871, 0.383, -0.543, 0.0, 0.0, 0.0, 0.0, 0.95, , , 40.000, 12.77, 1780000121800, 3276.8, 2.1, 3276.8, 3276.8, 0, , , , 0.0, 0.0, 36.557721845, -79.198176577, 0.0
0.0, 4, 4876.000, , 5860, 0.0, , 1118.8, 27971, 0.331, -0.558, 0.0, 0.0, 0.0, 0.0, 0.96, , , 40.000, 11.04, 1780000121900, 3276.8, 2.1, 3276.8, 3276.8, 0, , , , 0.0, 0.0, 36.557741714, -79.198139189, 0.0
0.0, 4, 4880.000, , 5902, 0.0, , 1122.8, 28071, 0.278, -0.571, 0.0, 0.0, 0.0, 0.0, 0.98, , , 40.000, 9.27, 1780000122000, 3276.8, 2.1, 3276.8, 3276.8, 0, , , , 0.0, 0.0, 36.557761983, -79.198102131, 0.0
0.0, 4, 4884.000, , 5937, 0.0, , 1126.8, 28171, 0.224, -0.581, 0.0, 0.0, 0.0, 0.0, 0.98, , , 40.000, 7.46, 1780000122100, 3276.8, 2.1, 3276.8, 3276.8, 0, , , , 0.0, 0.0, 36.557782651, -79.198065411, 0.0
0.0, 4, 4888.000, , 5965, 0.0, , 1130.8, 28271, 0.169, -0.589, 0.0, 0.0, 0.0, 0.0, 0.99, , , 40.000, 5.62, 1780000122200, 3276.8, 2.1, 3276.8, 3276.8, 0, , , , 0.0, 0.0, 36.557803712, -79.198029035, 0.0
0.0, 4, 4892.000, , 5984, 0.0, , 1134.8, 28371, 0.113, -0.595, 0.0, 0.0, 0.0, 0.0, 1.00, , , 40.000, 3.76, 1780000122300, 3276.8, 2.1, 3276.8, 3276.8, 0, , , , 0.0, 0.0, 36.557825165, -79.197993010, 0.0
0.0, 4, 4896.000, , 5996, 0.0, , 1138.8, 28471, 0.057, -0.599, 0.0, 0.0, 0.0, 0.0, 1.00, , , 40.000, 1.88, 1780000122400, 3276.8, 2.1, 3276.8, 3276.8, 0, , , , 0.0, 0.0, 36.557847003, -79.197957341, 0.0
0.0, 4, 4900.000, , 6000, 0.0, , 1142.8, 28571, 0.000, -0.600, 0.0, 0.0, 0.0, 0.0, 1.00, , , 40.000, 0.00, 1780000122500, 3276.8, 2.1, 3276.8, 3276.8, 0, , , , 0.0, 0.0, 36.557869225, -79.197922035, 0.0
0.0, 4, 4904.000, , 5996, 0.0, , 1146.8, 28671, -0.057, -0.599, 0.0, 0.0, 0.0, 0.0, 1.00, , , 40.000, -1.88, 1780000122600, 3276.8, 2.1, 3276.8, 3276.8, 0, , , , 0.0, 0.0, 36.557891825, -79.197887098, 0.0
0.0, 4, 4908.000, , 5984, 0.0, , 1150.8, 28771, -0.113, -0.595, 0.0, 0.0, 0.0, 0.0, 1.00, , , 40.000, -3.76, 1780000122700, 3276.8, 2.1, 3276.8, 3276.8, 0, , , , 0.0, 0.0, 36.557914800, -79.197852538, 0.0
0.0, 4, 4912.000, , 5965, 0.0, , 1154.8, 28871, -0.169, -0.589, 0.0, 0.0, 0.0, 0.0, 0.99, , , 40.000, -5.62, 1780000122800, 3276.8, 2.1, 3276.8, 3276.8, 0, , , , 0.0, 0.0, 36.557938146, -79.197818359, 0.0
0.0, 4, 4916.000, , 5937, 0.0, , 1158.8, 28971, -0.224, -0.581, 0.0, 0.0, 0.0, 0.0, 0.98, , , 40.000, -7.46, 1780000122900, 3276.8, 2.1, 3276.8, 3276.8, 0, , , , 0.0, 0.0, 36.557961858, -79.197784568, 0.0
0.0, 4, 4920.000, , 5902, 0.0, , 1162.8, 29071, -0.278, -0.571, 0.0, 0.0, 0.0, 0.0, 0.98, , , 40.000, -9.27, 1780000123000, 3276.8, 2.1, 3276.8, 3276.8, 0, , , , 0.0, 0.0, 36.557985933, -79.197751170, 0.0
0.0, 4, 4924.000, , 5860, 0.0, , 1166.8, 29171, -0.331, -0.558, 0.0, 0.0, 0.0, 0.0, 0.96, , , 40.000, -11.04, 1780000123100, 3276.8, 2.1, 3276.8, 3276.8, 0, , , , 0.0, 0.0, 36.558010366, -79.197718173, 0.0
0.0, 4, 4928.000, , 5810, 0.0, , 1170.8, 29271, -0.383, -0.543, 0.0, 0.0, 0.0, 0.0, 0.95, , , 40.000, -12.77, 1780000123200, 3276.8, 2.1, 3276.8, 3276.8, 0, , , , 0.0, 0.0, 36.558035152, -79.197685581, 0.0
0.0, 4, 4932.000, , 5753, 0.0, , 1174.8, 29371, -0.434, -0.526, 0.0, 0.0, 0.0, 0.0, 0.94, , , 40.000, -14.45, 1780000123300, 3276.8, 2.1, 3276.8, 3276.8, 0, , , , 0.0, 0.0, 36.558060288, -79.197653400, 0.0
0.0, 4, 4936.000, , 5689, 0.0, , 1178.8, 29471, -0.482, -0.507, 0.0, 0.0, 0.0, 0.0, 0.92, , , 40.000, -16.07, 1780000123400, 3276.8, 2.1, 3276.8, 3276.8, 0, , , , 0.0, 0.0, 36.558085769, -79.197621637, 0.0
0.0, 4, 4940.000, , 5618, 0.0, , 1182.8, 29571, -0.529, -0.485, 0.0, 0.0, 0.0, 0.0, 0.90, , , 40.000, -17.63, 1780000123500, 3276.8, 2.1, 3276.8, 3276.8, 0, , , , 0.0, 0.0, 36.558111589, -79.197590297, 0.0
0.0, 4, 4944.000, , 5541, 0.0, , 1186.8, 29671, -0.574, -0.462, 0.0, 0.0, 0.0, 0.0, 0.89, , , 40.000, -19.12, 1780000123600, 3276.8, 2.1, 3276.8, 3276.8, 0, , , , 0.0, 0.0, 36.558137746, -79.197559385, 0.0
0.0, 4, 4948.000, , 5458, 0.0, , 1190.8, 29771, -0.616, -0.437, 0.0, 0.0, 0.0, 0.0, 0.86, , , 40.000, -20.54, 1780000123700, 3276.8, 2.1, 3276.8, 3276.8, 0, , , , 0.0, 0.0, 36.558164234, -79.197528907, 0.0
0.0, 4, 4952.000, , 5369, 0.0, , 1194.8, 29871, -0.656, -0.411, 0.0, 0.0, 0.0, 0.0, 0.84, , , 40.000, -21.87, 1780000123800, 3276.8, 2.1, 3276.8, 3276.8, 0, , , , 0.0, 0.0, 36.558191048, -79.197498868, 0.0
0.0, 4, 4956.000, , 5275, 0.0, , 1198.8, 29971, -0.693, -0.382, 0.0, 0.0, 0.0, 0.0, 0.82, , , 40.000, -23.12, 1780000123900, 3276.8, 2.1, 3276.8, 3276.8, 0, , , , 0.0, 0.0, 36.558218183, -79.197469273, 0.0
0.0, 4, 4960.000, , 5176, 0.0, , 1202.8, 30071, -0.728, -0.353, 0.0, 0.0, 0.0, 0.0, 0.79, , , 40.000, -24.27, 1780000124000, 3276.8, 2.1, 3276.8, 3276.8, 0, , , , 0.0, 0.0, 36.558245636, -79.197440129, 0.0
0.0, 4, 4964.000, , 5072, 0.0, , 1206.8, 30171, -0.760, -0.321, 0.0, 0.0, 0.0, 0.0, 0.77, , , 40.000, -25.33, 1780000124100, 3276.8, 2.1, 3276.8, 3276.8, 0, , , , 0.0, 0.0, 36.558273400, -79.197411440, 0.0
0.0, 4, 4968.000, , 4964, 0.0, , 1210.8, 30271, -0.789, -0.289, 0.0, 0.0, 0.0, 0.0, 0.74, , , 40.000, -26.29, 1780000124200, 3276.8, 2.1, 3276.8, 3276.8, 0, , , , 0.0, 0.0, 36.558301471, -79.197383211, 0.0
0.0, 4, 4972.000, , 4852, 0.0, , 1214.8, 30371, -0.814, -0.255, 0.0, 0.0, 0.0, 0.0, 0.71, , , 40.000, -27.14, 1780000124300, 3276.8, 2.1, 3276.8, 3276.8, 0, , , , 0.0, 0.0, 36.558329844, -79.197355447, 0.0
0.0, 4, 4976.000, , 4736, 0.0, , 1218.8, 30471, -0.837, -0.221, 0.0, 0.0, 0.0, 0.0, 0.68, , , 40.000, -27.89, 1780000124400, 3276.8, 2.1, 3276.8, 3276.8, 0, , , , 0.0, 0.0, 36.558358514, -79.197328153, 0.0
0.0, 4, 4980.000, , 4618, 0.0, , 1222.8, 30571, -0.856, -0.185, 0.0, 0.0, 0.0, 0.0, 0.65, , , 40.000, -28.53, 1780000124500, 3276.8, 2.1, 3276.8, 3276.8, 0, , , , 0.0, 0.0, 36.558387476, -79.197301334, 0.0
0.0, 4, 4984.000, , 4497, 0.0, , 1226.8, 30671, -0.872, -0.149, 0.0, 0.0, 0.0, 0.0, 0.62, , , 40.000, -29.06, 1780000124600, 3276.8, 2.1, 3276.8, 3276.8, 0, , , , 0.0, 0.0, 36.558416725, -79.197274995, 0.0
0.0, 4, 4988.000, , 4375, 0.0, , 1230.8, 30771, -0.884, -0.112, 0.0, 0.0, 0.0, 0.0, 0.59, , , 40.000, -29.47, 1780000124700, 3276.8, 2.1, 3276.8, 3276.8, 0, , , , 0.0, 0.0, 36.558446255, -79.197249141, 0.0
0.0, 4, 4992.000, , 4251, 0.0, , 1234.8, 30871, -0.893, -0.075, 0.0, 0.0, 0.0, 0.0, 0.56, , , 40.000, -29.76, 1780000124800, 3276.8, 2.1, 3276.8, 3276.8, 0, , , , 0.0, 0.0, 36.558476061, -79.197223775, 0.0
0.0, 4, 4996.000, , 4126, 0.0, , 1238.8, 30971, -0.898, -0.038, 0.0, 0.0, 0.0, 0.0, 0.53, , , 40.000, -29.94, 1780000124900, 3276.8, 2.1, 3276.8, 3276.8, 0, , , , 0.0, 0.0, 36.558506138, -79.197198903, 0.0
0.0, 4, 5000.000, , 4000, 0.0, , 1242.8, 31071, -0.900, -0.000, 0.0, 0.0, 0.0, 0.0, 0.50, , , 40.000, -30.00, 1780000125000, 3276.8, 2.1, 3276.8, 3276.8, 0, , , , 0.0, 0.0, 36.558536481, -79.197174529, 0.0
2.5, 3, 5004.000, , 3874, 0.0, , 1246.8, 31171, -0.898, 0.038, 0.0, 0.0, 0.0, 0.0, 0.47, , , 40.000, -29.94, 1780000125100, 3276.8, 2.1, 3276.8, 3276.8, 0, , , , 0.0, 0.0, 36.558567083, -79.197150658, 0.0
5.0, 3, 5008.000, , 3749, 0.0, , 1250.8, 31271, -0.893, 0.075, 0.0, 0.0, 0.0, 0.0, 0.44, , , 40.000, -29.76, 1780000125200, 3276.8, 2.1, 3276.8, 3276.8, 0, , , , 0.0, 0.0, 36.558597941, -79.197127292, 0.0
7.5, 3, 5012.000, , 3625, 0.0, , 1254.8, 31371, -0.884, 0.112, 0.0, 0.0, 0.0, 0.0, 0.41, , , 40.000, -29.47, 1780000125300, 3276.8, 2.1, 3276.8, 3276.8, 0, , , , 0.0, 0.0, 36.558629048, -79.197104438, 0.0
9.9, 3, 5016.000, , 3503, 0.0, , 1258.8, 31471, -0.872, 0.149, 0.0, 0.0, 0.0, 0.0, 0.38, , , 40.000, -29.06, 1780000125400, 3276.8, 2.1, 3276.8, 3276.8, 0, , , , 0.0, 0.0, 36.558660399, -79.197082098, 0.0
12.4, 3, 5020.000, , 3382, 0.0, , 1262.8, 31571, -0.856, 0.185, 0.0, 0.0, 0.0, 0.0, 0.35, , , 40.000, -28.53, 1780000125500, 3276.8, 2.1, 3276.8, 3276.8, 0, , , , 0.0, 0.0, 36.558691987, -79.197060277, 0.0
14.7, 3, 5024.000, , 3264, 0.0, , 1266.8, 31671, -0.837, 0.221, 0.0, 0.0, 0.0, 0.0, 0.32, , , 40.000, -27.89, 1780000125600, 3276.8, 2.1, 3276.8, 3276.8, 0, , , , 0.0, 0.0, 36.558723809, -79.197038979, 0.0
17.0, 3, 5028.000, , 3148, 0.0, , 1270.8, 31771, -0.814, 0.255, 0.0, 0.0, 0.0, 0.0, 0.29, , , 40.000, -27.14, 1780000125700, 3276.8, 2.1, 3276.8, 3276.8, 0, , , , 0.0, 0.0, 36.558755857, -79.197018207, 0.0
19.3, 3, 5032.000, , 3036, 0.0, , 1274.8, 31871, -0.789, 0.289, 0.0, 0.0, 0.0, 0.0, 0.26, , , 40.000, -26.29, 1780000125800, 3276.8, 2.1, 3276.8, 3276.8, 0, , , , 0.0, 0.0, 36.558788126, -79.196997965, 0.0
21.4, 3, 5036.000, , 2928, 0.0, , 1278.8, 31971, -0.760, 0.321, 0.0, 0.0, 0.0, 0.0, 0.23, , , 40.000, -25.33, 1780000125900, 3276.8, 2.1, 3276.8, 3276.8, 0, , , , 0.0, 0.0, 36.558820611, -79.196978257, 0.0
23.5, 3, 5040.000, , 2824, 0.0, , 1282.8, 32071, -0.728, 0.353, 0.0, 0.0, 0.0, 0.0, 0.21, , , 40.000, -24.27, 1780000126000, 3276.8, 2.1, 3276.8, 3276.8, 0, , , , 0.0, 0.0, 36.558853305, -79.196959086, 0.0
25.5, 3, 5044.000, , 2725, 0.0, , 1286.8, 32171, -0.693, 0.382, 0.0, 0.0, 0.0, 0.0, 0.18, , , 40.000, -23.12, 1780000126100, 3276.8, 2.1, 3276.8, 3276.8, 0, , , , 0.0, 0.0, 36.558886203, -79.196940455, 0.0
27.4, 3, 5048.000, , 2631, 0.0, , 1290.8, 32271, -0.656, 0.411, 0.0, 0.0, 0.0, 0.0, 0.16, , , 40.000, -21.87, 1780000126200, 3276.8, 2.1, 3276.8, 3276.8, 0, , , , 0.0, 0.0, 36.558919300, -79.196922369, 0.0
29.2, 3, 5052.000, , 2542, 0.0, , 1294.8, 32371, -0.616, 0.437, 0.0, 0.0, 0.0, 0.0, 0.14, , , 40.000, -20.54, 1780000126300, 3276.8, 2.1, 3276.8, 3276.8, 0, , , , 0.0, 0.0, 36.558952588, -79.196904830, 0.0
30.8, 3, 5056.000, , 2459, 0.0, , 1298.8, 32471, -0.574, 0.462, 0.0, 0.0, 0.0, 0.0, 0.11, , , 40.000, -19.12, 1780000126400, 3276.8, 2.1, 3276.8, 3276.8, 0, , , , 0.0, 0.0, 36.558986063, -79.196887840, 0.0
32.4, 3, 5060.000, , 2382, 0.0, , 1302.8, 32571, -0.529, 0.485, 0.0, 0.0, 0.0, 0.0, 0.10, , , 40.000, -17.63, 1780000126500, 3276.8, 2.1, 3276.8, 3276.8, 0, , , , 0.0, 0.0, 36.559019718, -79.196871405, 0.0
33.8, 3, 5064.000, , 2311, 0.0, , 1306.8, 32671, -0.482, 0.507, 0.0, 0.0, 0.0, 0.0, 0.08, , , 40.000, -16.07, 1780000126600, 3276.8, 2.1, 3276.8, 3276.8, 0, , , , 0.0, 0.0, 36.559053547, -79.196855525, 0.0
35.1, 3, 5068.000, , 2247, 0.0, , 1310.8, 32771, -0.434, 0.526, 0.0, 0.0, 0.0, 0.0, 0.06, , , 40.000, -14.45, 1780000126700, 3276.8, 2.1, 3276.8, 3276.8, 0, , , , 0.0, 0.0, 36.559087544, -79.196840204, 0.0
36.2, 3, 5072.000, , 2190, 0.0, , 1314.8, 32871, -0.383, 0.543, 0.0, 0.0, 0.0, 0.0, 0.05, , , 40.000, -12.77, 1780000126800, 3276.8, 2.1, 3276.8, 3276.8, 0, , , , 0.0, 0.0, 36.559121704, -79.196825445, 0.0
37.2, 3, 5076.000, , 2140, 0.0, , 1318.8, 32971, -0.331, 0.558, 0.0, 0.0, 0.0, 0.0, 0.04, , , 40.000, -11.04, 1780000126900, 3276.8, 2.1, 3276.8, 3276.8, 0, , , , 0.0, 0.0, 36.559156020, -79.196811251, 0.0
38.0, 3, 5080.000, , 2098, 0.0, , 1322.8, 33071, -0.278, 0.571, 0.0, 0.0, 0.0, 0.0, 0.02, , , 40.000, -9.27, 1780000127000, 3276.8, 2.1, 3276.8, 3276.8, 0, , , , 0.0, 0.0, 36.559190485, -79.196797623, 0.0
38.7, 3, 5084.000, , 2063, 0.0, , 1326.8, 33171, -0.224, 0.581, 0.0, 0.0, 0.0, 0.0, 0.02, , , 40.000, -7.46, 1780000127100, 3276.8, 2.1, 3276.8, 3276.8, 0, , , , 0.0, 0.0, 36.559225095, -79.196784565, 0.0
39.3, 3, 5088.000, , 2035, 0.0, , 1330.8, 33271, -0.169, 0.589, 0.0, 0.0, 0.0, 0.0, 0.01, , , 40.000, -5.62, 1780000127200, 3276.8, 2.1, 3276.8, 3276.8, 0, , , , 0.0, 0.0, 36.559259842, -79.196772078, 0.0
39.7, 3, 5092.000, , 2016, 0.0, , 1334.8, 33371, -0.113, 0.595, 0.0, 0.0, 0.0, 0.0, 0.00, , , 40.000, -3.76, 1780000127300, 3276.8, 2.1, 3276.8, 3276.8, 0, , , , 0.0, 0.0, 36.559294721, -79.196760165, 0.0
39.9, 3, 5096.000, , 2004, 0.0, , 1338.8, 33471, -0.057, 0.599, 0.0, 0.0, 0.0, 0.0, 0.00, , , 40.000, -1.88, 1780000127400, 3276.8, 2.1, 3276.8, 3276.8, 0, , , , 0.0, 0.0, 36.559329726, -79.196748828, 0.0
40.0, 3, 5100.000, , 2000, 0.0, , 1342.8, 33571, -0.000, 0.600, 0.0, 0.0, 0.0, 0.0, 0.00, , , 40.000, -0.00, 1780000127500, 3276.8, 2.1, 3276.8, 3276.8, 0, , , , 0.0, 0.0, 36.559364849, -79.196738069, 0.0
39.9, 3, 5104.000, , 2004, 0.0, , 1346.8, 33671, 0.057, 0.599, 0.0, 0.0, 0.0, 0.0, 0.00, , , 40.000, 1.88, 1780000127600, 3276.8, 2.1, 3276.8, 3276.8, 0, , , , 0.0, 0.0, 36.559400086, -79.196727890, 0.0
39.7, 3, 5108.000, , 2016, 0.0, , 1350.8, 33771, 0.113, 0.595, 0.0, 0.0, 0.0, 0.0, 0.00, , , 40.000, 3.76, 1780000127700, 3276.8, 2.1, 3276.8, 3276.8, 0, , , , 0.0, 0.0, 36.559435429, -79.196718292, 0.0
39.3, 3, 5112.000, , 2035, 0.0, , 1354.8, 33871, 0.169, 0.589, 0.0, 0.0, 0.0, 0.0, 0.01, , , 40.000, 5.62, 1780000127800, 3276.8, 2.1, 3276.8, 3276.8, 0, , , , 0.0, 0.0, 36.559470873, -79.196709278, 0.0
38.7, 3, 5116.000, , 2063, 0.0, , 1358.8, 33971, 0.224, 0.581, 0.0, 0.0, 0.0, 0.0, 0.02, , , 40.000, 7.46, 1780000127900, 3276.8, 2.1, 3276.8, 3276.8, 0, , , , 0.0, 0.0, 36.559506410, -79.196700849, 0.0
38.0, 3, 5120.000, , 2098, 0.0, , 1362.8, 34071, 0.278, 0.571, 0.0, 0.0, 0.0, 0.0, 0.02, , , 40.000, 9.27, 1780000128000, 3276.8, 2.1, 3276.8, 3276.8, 0, , , , 0.0, 0.0, 36.559542035, -79.196693007, 0.0
37.2, 3, 5124.000, , 2140, 0.0, , 1366.8, 34171, 0.331, 0.558, 0.0, 0.0, 0.0, 0.0, 0.04, , , 40.000, 11.04, 1780000128100, 3276.8, 2.1, 3276.8, 3276.8, 0, , , , 0.0, 0.0, 36.559577742, -79.196685752, 0.0
36.2, 3, 5128.000, , 2190, 0.0, , 1370.8, 34271, 0.383, 0.543, 0.0, 0.0, 0.0, 0.0, 0.05, , , 40.000, 12.77, 1780000128200, 3276.8, 2.1, 3276.8, 3276.8, 0, , , , 0.0, 0.0, 36.559613524, -79.196679087, 0.0
35.1, 3, 5132.000, , 2247, 0.0, , 1374.8, 34371, 0.434, 0.526, 0.0, 0.0, 0.0, 0.0, 0.06, , , 40.000, 14.45, 1780000128300, 3276.8, 2.1, 3276.8, 3276.8, 0, , , , 0.0, 0.0, 36.559649375, -79.196673012, 0.0
33.8, 3, 5136.000, , 2311, 0.0, , 1378.8, 34471, 0.482, 0.507, 0.0, 0.0, 0.0, 0.0, 0.08, , , 40.000, 16.07, 1780000128400, 3276.8, 2.1, 3276.8, 3276.8, 0, , , , 0.0, 0.0, 36.559685287, -79.196667528, 0.0
32.4, 3, 5140.000, , 2382, 0.0, , 1382.8, 34571, 0.529, 0.485, 0.0, 0.0, 0.0, 0.0, 0.10, , , 40.000, 17.63, 1780000128500, 3276.8, 2.1, 3276.8, 3276.8, 0, , , , 0.0, 0.0, 36.559721256, -79.196662637, 0.0
30.8, 3, 5144.000, , 2459, 0.0, , 1386.8, 34671, 0.574, 0.462, 0.0, 0.0, 0.0, 0.0, 0.11, , , 40.000, 19.12, 1780000128600, 3276.8, 2.1, 3276.8, 3276.8, 0, , , , 0.0, 0.0, 36.559757274, -79.196658340, 0.0
29.2, 3, 5148.000, , 2542, 0.0, , 1390.8, 34771, 0.616, 0.437, 0.0, 0.0, 0.0, 0.0, 0.14, , , 40.000, 20.54, 1780000128700, 3276.8, 2.1, 3276.8, 3276.8, 0, , , , 0.0, 0.0, 36.559793336, -79.196654636, 0.0
27.4, 3, 5152.000, , 2631, 0.0, , 1394.8, 34871, 0.656, 0.411, 0.0, 0.0, 0.0, 0.0, 0.16, , , 40.000, 21.87, 1780000128800, 3276.8, 2.1, 3276.8, 3276.8, 0, , , , 0.0, 0.0, 36.559829434, -79.196651527, 0.0
25.5, 3, 5156.000, , 2725, 0.0, , 1398.8, 34971, 0.693, 0.382, 0.0, 0.0, 0.0, 0.0, 0.18, , , 40.000, 23.12, 1780000128900, 3276.8, 2.1, 3276.8, 3276.8, 0, , , , 0.0, 0.0, 36.559865563, -79.196649013, 0.0
23.5, 3, 5160.000, , 2824, 0.0, , 1402.8, 35071, 0.728, 0.353, 0.0, 0.0, 0.0, 0.0, 0.21, , , 40.000, 24.27, 1780000129000, 3276.8, 2.1, 3276.8, 3276.8, 0, , , , 0.0, 0.0, 36.559901715, -79.196647095, 0.0
21.4, 3, 5164.000, , 2928, 0.0, , 1406.8, 35171, 0.760, 0.321, 0.0, 0.0, 0.0, 0.0, 0.23, , , 40.000, 25.33, 1780000129100, 3276.8, 2.1, 3276.8, 3276.8, 0, , , , 0.0, 0.0, 36.559937885, -79.196645773, 0.0
19.3, 3, 5168.000, , 3036, 0.0, , 1410.8, 35271, 0.789, 0.289, 0.0, 0.0, 0.0, 0.0, 0.26, , , 40.000, 26.29, 1780000129200, 3276.8, 2.1, 3276.8, 3276.8, 0, , , , 0.0, 0.0, 36.559974066, -79.196645047, 0.0
17.0, 3, 5172.000, , 3148, 0.0, , 1414.8, 35371, 0.814, 0.255, 0.0, 0.0, 0.0, 0.0, 0.29, , , 40.000, 27.14, 1780000129300, 3276.8, 2.1, 3276.8, 3276.8, 0, , , , 0.0, 0.0, 36.560010252, -79.196644918, 0.0
14.7, 3, 5176.000, , 3264, 0.0, , 1418.8, 35471, 0.837, 0.221, 0.0, 0.0, 0.0, 0.0, 0.32, , , 40.000, 27.89, 1780000129400, 3276.8, 2.1, 3276.8, 3276.8, 0, , , , 0.0, 0.0, 36.560046435, -79.196645385, 0.0
12.4, 3, 5180.000, , 3382, 0.0, , 1422.8, 35571, 0.856, 0.185, 0.0, 0.0, 0.0, 0.0, 0.35, , , 40.000, 28.53, 1780000129500, 3276.8, 2.1, 3276.8, 3276.8, 0, , , , 0.0, 0.0, 36.560082611, -79.196646449, 0.0
9.9, 3, 5184.000, , 3503, 0.0, , 1426.8, 35671, 0.872, 0.149, 0.0, 0.0, 0.0, 0.0, 0.38, , , 40.000, 29.06, 1780000129600, 3276.8, 2.1, 3276.8, 3276.8, 0, , , , 0.0, 0.0, 36.560118772, -79.196648109, 0.0
7.5, 3, 5188.000, , 3625, 0.0, , 1430.8, 35771, 0.884, 0.112, 0.0, 0.0, 0.0, 0.0, 0.41, , , 40.000, 29.47, 1780000129700, 3276.8, 2.1, 3276.8, 3276.8, 0, , , , 0.0, 0.0, 36.560154911, -79.196650364, 0.0
5.0, 3, 5192.000, , 3749, 0.0, , 1434.8, 35871, 0.893, 0.075, 0.0, 0.0, 0.0, 0.0, 0.44, , , 40.000, 29.76, 1780000129800, 3276.8, 2.1, 3276.8, 3276.8, 0, , , , 0.0, 0.0, 36.560191024, -79.196653215, 0.0
2.5, 3, 5196.000, , 3874, 0.0, , 1438.8, 35971, 0.898, 0.038, 0.0, 0.0, 0.0, 0.0, 0.47, , , 40.000, 29.94, 1780000129900, 3276.8, 2.1, 3276.8, 3276.8, 0, , , , 0.0, 0.0, 36.560227102, -79.196656661, 0.0
0.0, 3, 5200.000, , 4000, 0.0, , 1442.8, 36071, 0.900, 0.000, 0.0, 0.0, 0.0, 0.0, 0.50, , , 40.000, 30.00, 1780000130000, 3276.8, 2.1, 3276.8, 3276.8, 0, , , , 0.0, 0.0, 36.560263140, -79.196660702, 0.0
0.0, 4, 5204.000, , 4126, 0.0, , 1446.8, 36171, 0.898, -0.038, 0.0, 0.0, 0.0, 0.0, 0.53, , , 40.000, 29.94, 1780000130100, 3276.8, 2.1, 3276.8, 3276.8, 0, , , , 0.0, 0.0, 36.560299131, -79.196665336, 0.0
0.0, 4, 5208.000, , 4251, 0.0, , 1450.8, 36271, 0.893, -0.075, 0.0, 0.0, 0.0, 0.0, 0.56, , , 40.000, 29.76, 1780000130200, 3276.8, 2.1, 3276.8, 3276.8, 0, , , , 0.0, 0.0, 36.560335069, -79.196670563, 0.0
0.0, 4, 5212.000, , 4375, 0.0, , 1454.8, 36371, 0.884, -0.112, 0.0, 0.0, 0.0, 0.0, 0.59, , , 40.000, 29.47, 1780000130300, 3276.8, 2.1, 3276.8, 3276.8, 0, , , , 0.0, 0.0, 36.560370947, -79.196676382, 0.0
0.0, 4, 5216.000, , 4497, 0.0, , 1458.8, 36471, 0.872, -0.149, 0.0, 0.0, 0.0, 0.0, 0.62, , , 40.000, 29.06, 1780000130400, 3276.8, 2.1, 3276.8, 3276.8, 0, , , , 0.0, 0.0, 36.560406759, -79.196682791, 0.0
0.0, 4, 5220.000, , 4618, 0.0, , 1462.8, 36571, 0.856, -0.185, 0.0, 0.0, 0.0, 0.0, 0.65, , , 40.000, 28.53, 1780000130500, 3276.8, 2.1, 3276.8, 3276.8, 0, , , , 0.0, 0.0, 36.560442499, -79.196689791, 0.0
0.0, 4, 5224.000, , 4736, 0.0, , 1466.8, 36671, 0.837, -0.221, 0.0, 0.0, 0.0, 0.0, 0.68, , , 40.000, 27.89, 1780000130600, 3276.8, 2.1, 3276.8, 3276.8, 0, , , , 0.0, 0.0, 36.560478161, -79.196697379, 0.0
0.0, 4, 5228.000, , 4852, 0.0, , 1470.8, 36771, 0.814, -0.255, 0.0, 0.0, 0.0, 0.0, 0.71, , , 40.000, 27.14, 1780000130700, 3276.8, 2.1, 3276.8, 3276.8, 0, , , , 0.0, 0.0, 36.560513737, -79.196705554, 0.0
0.0, 4, 5232.000, , 4964, 0.0, , 1474.8, 36871, 0.789, -0.289, 0.0, 0.0, 0.0, 0.0, 0.74, , , 40.000, 26.29, 1780000130800, 3276.8, 2.1, 3276.8, 3276.8, 0, , , , 0.0, 0.0, 36.560549222, -79.196714314, 0.0
0.0, 4, 5236.000, , 5072, 0.0, , 1478.8, 36971, 0.760, -0.321, 0.0, 0.0, 0.0, 0.0, 0.77, , , 40.000, 25.33, 1780000130900, 3276.8, 2.1, 3276.8, 3276.8, 0, , , , 0.0, 0.0, 36.560584609, -79.196723659, 0.0
0.0, 4, 5240.000, , 5176, 0.0, , 1482.8, 37071, 0.728, -0.353, 0.0, 0.0, 0.0, 0.0, 0.79, , , 40.000, 24.27, 1780000131000, 3276.8, 2.1, 3276.8, 3276.8, 0, , , , 0.0, 0.0, 36.560619893, -79.196733586, 0.0
0.0, 4, 5244.000, , 5275, 0.0, , 1486.8, 37171, 0.693, -0.382, 0.0, 0.0, 0.0, 0.0, 0.82, , , 40.000, 23.12, 1780000131100, 3276.8, 2.1, 3276.8, 3276.8, 0, , , , 0.0, 0.0, 36.560655066, -79.196744094, 0.0
0.0, 4, 5248.000, , 5369, 0.0, , 1490.8, 37271, 0.656, -0.411, 0.0, 0.0, 0.0, 0.0, 0.84, , , 40.000, 21.87, 1780000131200, 3276.8, 2.1, 3276.8, 3276.8, 0, , , , 0.0, 0.0, 36.560690123, -79.196755181, 0.0
0.0, 4, 5252.000, , 5458, 0.0, , 1494.8, 37371, 0.616, -0.437, 0.0, 0.0, 0.0, 0.0, 0.86, , , 40.000, 20.54, 1780000131300, 3276.8, 2.1, 3276.8, 3276.8, 0, , , , 0.0, 0.0, 36.560725057, -79.196766844, 0.0
0.0, 4, 5256.000, , 5541, 0.0, , 1498.8, 37471, 0.574, -0.462, 0.0, 0.0, 0.0, 0.0, 0.89, , , 40.000, 19.12, 1780000131400, 3276.8, 2.1, 3276.8, 3276.8, 0, , , , 0.0, 0.0, 36.560759862, -79.196779083, 0.0
0.0, 4, 5260.000, , 5618, 0.0, , 1502.8, 37571, 0.529, -0.485, 0.0, 0.0, 0.0, 0.0, 0.90, , , 40.000, 17.63, 1780000131500, 3276.8, 2.1, 3276.8, 3276.8, 0, , , , 0.0, 0.0, 36.560794533, -79.196791894, 0.0
0.0, 4, 5264.000, , 5689, 0.0, , 1506.8, 37671, 0.482, -0.507, 0.0, 0.0, 0.0, 0.0, 0.92, , , 40.000, 16.07, 1780000131600, 3276.8, 2.1, 3276.8, 3276.8, 0, , , , 0.0, 0.0, 36.560829061, -79.196805275, 0.0
0.0, 4, 5268.000, , 5753, 0.0, , 1510.8, 37771, 0.434, -0.526, 0.0, 0.0, 0.0, 0.0, 0.94, , , 40.000, 14.45, 1780000131700, 3276.8, 2.1, 3276.8, 3276.8, 0, , , , 0.0, 0.0, 36.560863443, -79.196819224, 0.0
0.0, 4, 5272.000, , 5810, 0.0, , 1514.8, 37871, 0.383, -0.543, 0.0, 0.0, 0.0, 0.0, 0.95, , , 40.000, 12.77, 1780000131800, 3276.8, 2.1, 3276.8, 3276.8, 0, , , , 0.0, 0.0, 36.560897671, -79.196833739, 0.0
0.0, 4, 5276.000, , 5860, 0.0, , 1518.8, 37971, 0.331, -0.558, 0.0, 0.0, 0.0, 0.0, 0.96, , , 40.000, 11.04, 1780000131900, 3276.8, 2.1, 3276.8, 3276.8, 0, , , , 0.0, 0.0, 36.560931739, -79.196848816, 0.0
0.0, 4, 5280.000, , 5902, 0.0, , 1522.8, 38071, 0.278, -0.571, 0.0, 0.0, 0.0, 0.0, 0.98, , , 40.000, 9.27, 1780000132000, 3276.8, 2.1, 3276.8, 3276.8, 0, , , , 0.0, 0.0, 36.560965642, -79.196864454, 0.0
0.0, 4, 5284.000, , 5937, 0.0, , 1526.8, 38171, 0.224, -0.581, 0.0, 0.0, 0.0, 0.0, 0.98, , , 40.000, 7.46, 1780000132100, 3276.8, 2.1, 3276.8, 3276.8, 0, , , , 0.0, 0.0, 36.560999373, -79.196880649, 0.0
0.0, 4, 5288.000, , 5965, 0.0, , 1530.8, 38271, 0.169, -0.589, 0.0, 0.0, 0.0, 0.0, 0.99, , , 40.000, 5.62, 1780000132200, 3276.8, 2.1, 3276.8, 3276.8, 0, , , , 0.0, 0.0, 36.561032927, -79.196897399, 0.0
0.0, 4, 5292.000, , 5984, 0.0, , 1534.8, 38371, 0.113, -0.595, 0.0, 0.0, 0.0, 0.0, 1.00, , , 40.000, 3.76, 1780000132300, 3276.8, 2.1, 3276.8, 3276.8, 0, , , , 0.0, 0.0, 36.561066297, -79.196914700, 0.0
0.0, 4, 5296.000, , 5996, 0.0, , 1538.8, 38471, 0.057, -0.599, 0.0, 0.0, 0.0, 0.0, 1.00, , , 40.000, 1.88, 1780000132400, 3276.8, 2.1, 3276.8, 3276.8, 0, , , , 0.0, 0.0, 36.561099477, -79.196932550, 0.0
0.0, 4, 5300.000, , 6000, 0.0, , 1542.8, 38571, 0.000, -0.600, 0.0, 0.0, 0.0, 0.0, 1.00, , , 40.000, 0.00, 1780000132500, 3276.8, 2.1, 3276.8, 3276.8, 0, , , , 0.0, 0.0, 36.561132462, -79.196950945, 0.0
0.0, 4, 5304.000, , 5996, 0.0, , 1546.8, 38671, -0.057, -0.599, 0.0, 0.0, 0.0, 0.0, 1.00, , , 40.000, -1.88, 1780000132600, 3276.8, 2.1, 3276.8, 3276.8, 0, , , , 0.0, 0.0, 36.561165245, -79.196969882, 0.0
0.0, 4, 5308.000, , 5984, 0.0, , 1550.8, 38771, -0.113, -0.595, 0.0, 0.0, 0.0, 0.0, 1.00, , , 40.000, -3.76, 1780000132700, 3276.8, 2.1, 3276.8, 3276.8, 0, , , , 0.0, 0.0, 36.561197822, -79.196989358, 0.0
0.0, 4, 5312.000, , 5965, 0.0, , 1554.8, 38871, -0.169, -0.589, 0.0, 0.0, 0.0, 0.0, 0.99, , , 40.000, -5.62, 1780000132800, 3276.8, 2.1, 3276.8, 3276.8, 0, , , , 0.0, 0.0, 36.561230185, -79.197009369, 0.0
0.0, 4, 5316.000, , 5937, 0.0, , 1558.8, 38971, -0.224, -0.581, 0.0, 0.0, 0.0, 0.0, 0.98, , , 40.000, -7.46, 1780000132900, 3276.8, 2.1, 3276.8, 3276.8, 0, , , , 0.0, 0.0, 36.561262330, -79.197029912, 0.0
0.0, 4, 5320.000, , 5902, 0.0, , 1562.8, 39071, -0.278, -0.571, 0.0, 0.0, 0.0, 0.0, 0.98, , , 40.000, -9.27, 1780000133000, 3276.8, 2.1, 3276.8, 3276.8, 0, , , , 0.0, 0.0, 36.561294250, -79.197050982, 0.0
0.0, 4, 5324.000, , 5860, 0.0, , 1566.8, 39171, -0.331, -0.558, 0.0, 0.0, 0.0, 0.0, 0.96, , , 40.000, -11.04, 1780000133100, 3276.8, 2.1, 3276.8, 3276.8, 0, , , , 0.0, 0.0, 36.561325940, -79.197072577, 0.0
0.0, 4, 5328.000, , 5810, 0.0, , 1570.8, 39271, -0.383, -0.543, 0.0, 0.0, 0.0, 0.0, 0.95, , , 40.000, -12.77, 1780000133200, 3276.8, 2.1, 3276.8, 3276.8, 0, , , , 0.0, 0.0, 36.561357395, -79.197094693, 0.0
0.0, 4, 5332.000, , 5753, 0.0, , 1574.8, 39371, -0.434, -0.526, 0.0, 0.0, 0.0, 0.0, 0.94, , , 40.000, -14.45, 1780000133300, 3276.8, 2.1, 3276.8, 3276.8, 0, , , , 0.0, 0.0, 36.561388608, -79.197117325, 0.0
0.0, 4, 5336.000, , 5689, 0.0, , 1578.8, 39471, -0.482, -0.507, 0.0, 0.0, 0.0, 0.0, 0.92, , , 40.000, -16.07, 1780000133400, 3276.8, 2.1, 3276.8, 3276.8, 0, , , , 0.0, 0.0, 36.561419574, -79.197140469, 0.0
0.0, 4, 5340.000, , 5618, 0.0, , 1582.8, 39571, -0.529, -0.485, 0.0, 0.0, 0.0, 0.0, 0.90, , , 40.000, -17.63, 1780000133500, 3276.8, 2.1, 3276.8, 3276.8, 0, , , , 0.0, 0.0, 36.561450288, -79.197164122, 0.0
0.0, 4, 5344.000, , 5541, 0.0, , 1586.8, 39671, -0.574, -0.462, 0.0, 0.0, 0.0, 0.0, 0.89, , , 40.000, -19.12, 1780000133600, 3276.8, 2.1, 3276.8, 3276.8, 0, , , , 0.0, 0.0, 36.561480744, -79.197188279, 0.0
0.0, 4, 5348.000, , 5458, 0.0, , 1590.8, 39771, -0.616, -0.437, 0.0, 0.0, 0.0, 0.0, 0.86, , , 40.000, -20.54, 1780000133700, 3276.8, 2.1, 3276.8, 3276.8, 0, , , , 0.0, 0.0, 36.561510937, -79.197212935, 0.0
0.0, 4, 5352.000, , 5369, 0.0, , 1594.8, 39871, -0.656, -0.411, 0.0, 0.0, 0.0, 0.0, 0.84, , , 40.000, -21.87, 1780000133800, 3276.8, 2.1, 3276.8, 3276.8, 0, , , , 0.0, 0.0, 36.561540861, -79.197238087, 0.0
0.0, 4, 5356.000, , 5275, 0.0, , 1598.8, 39971, -0.693, -0.382, 0.0, 0.0, 0.0, 0.0, 0.82, , , 40.000, -23.12, 1780000133900, 3276.8, 2.1, 3276.8, 3276.8, 0, , , , 0.0, 0.0, 36.561570512, -79.197263731, 0.0
0.0, 4, 5360.000, , 5176, 0.0, , 1602.8, 40071, -0.728, -0.353, 0.0, 0.0, 0.0, 0.0, 0.79, , , 40.000, -24.27, 1780000134000, 3276.8, 2.1, 3276.8, 3276.8, 0, , , , 0.0, 0.0, 36.561599883, -79.197289860, 0.0
0.0, 4, 5364.000, , 5072, 0.0, , 1606.8, 40171, -0.760, -0.321, 0.0, 0.0, 0.0, 0.0, 0.77, , , 40.000, -25.33, 1780000134100, 3276.8, 2.1, 3276.8, 3276.8, 0, , , , 0.0, 0.0, 36.561628970, -79.197316472, 0.0
0.0, 4, 5368.000, , 4964, 0.0, , 1610.8, 40271, -0.789, -0.289, 0.0, 0.0, 0.0, 0.0, 0.74, , , 40.000, -26.29, 1780000134200, 3276.8, 2.1, 3276.8, 3276.8, 0, , , , 0.0, 0.0, 36.561657767, -79.197343560, 0.0
0.0, 4, 5372.000, , 4852, 0.0, , 1614.8, 40371, -0.814, -0.255, 0.0, 0.0, 0.0, 0.0, 0.71, , , 40.000, -27.14, 1780000134300, 3276.8, 2.1, 3276.8, 3276.8, 0, , , , 0.0, 0.0, 36.561686269, -79.197371121, 0.0
0.0, 4, 5376.000, , 4736, 0.0, , 1618.8, 40471, -0.837, -0.221, 0.0, 0.0, 0.0, 0.0, 0.68, , , 40.000, -27.89, 1780000134400, 3276.8, 2.1, 3276.8, 3276.8, 0, , , , 0.0, 0.0, 36.561714472, -79.197399149, 0.0
0.0, 4, 5380.000, , 4618, 0.0, , 1622.8, 40571, -0.856, -0.185, 0.0, 0.0, 0.0, 0.0, 0.65, , , 40.000, -28.53, 1780000134500, 3276.8, 2.1, 3276.8, 3276.8, 0, , , , 0.0, 0.0, 36.561742370, -79.197427639, 0.0
0.0, 4, 5384.000, , 4497, 0.0, , 1626.8, 40671, -0.872, -0.149, 0.0, 0.0, 0.0, 0.0, 0.62, , , 40.000, -29.06, 1780000134600, 3276.8, 2.1, 3276.8, 3276.8, 0, , , , 0.0, 0.0, 36.561769958, -79.197456587, 0.0
0.0, 4, 5388.000, , 4375, 0.0, , 1630.8, 40771, -0.884, -0.112, 0.0, 0.0, 0.0, 0.0, 0.59, , , 40.000, -29.47, 1780000134700, 3276.8, 2.1, 3276.8, 3276.8, 0, , , , 0.0, 0.0, 36.561797231, -79.197485987, 0.0
0.0, 4, 5392.000, , 4251, 0.0, , 1634.8, 40871, -0.893, -0.075, 0.0, 0.0, 0.0, 0.0, 0.56, , , 40.000, -29.76, 1780000134800, 3276.8, 2.1, 3276.8, 3276.8, 0, , , , 0.0, 0.0, 36.561824185, -79.197515834, 0.0
0.0, 4, 5396.000, , 4126, 0.0, , 1638.8, 40971, -0.898, -0.038, 0.0, 0.0, 0.0, 0.0, 0.53, , , 40.000, -29.94, 1780000134900, 3276.8, 2.1, 3276.8, 3276.8, 0, , , , 0.0, 0.0, 36.561850815, -79.197546122, 0.0
0.0, 4, 5400.000, , 4000, 0.0, , 1642.8, 41071, -0.900, -0.000, 0.0, 0.0, 0.0, 0.0, 0.50, , , 40.000, -30.00, 1780000135000, 3276.8, 2.1, 3276.8, 3276.8, 0, , , , 0.0, 0.0, 36.561877116, -79.197576847, 0.0
2.5, 3, 5404.000, , 3874, 0.0, , 1646.8, 41171, -0.898, 0.038, 0.0, 0.0, 0.0, 0.0, 0.47, , , 40.000, -29.94, 1780000135100, 3276.8, 2.1, 3276.8, 3276.8, 0, , , , 0.0, 0.0, 36.561903083, -79.197608002, 0.0
5.0, 3, 5408.000, , 3749, 0.0, , 1650.8, 41271, -0.893, 0.075, 0.0, 0.0, 0.0, 0.0, 0.44, , , 40.000, -29.76, 1780000135200, 3276.8, 2.1, 3276.8, 3276.8, 0, , , , 0.0, 0.0, 36.561928711, -79.197639583, 0.0
7.5, 3, 5412.000, , 3625, 0.0, , 1654.8, 41371, -0.884, 0.112, 0.0, 0.0, 0.0, 0.0, 0.41, , , 40.000, -29.47, 1780000135300, 3276.8, 2.1, 3276.8, 3276.8, 0, , , , 0.0, 0.0, 36.561953997, -79.197671583, 0.0
9.9, 3, 5416.000, , 3503, 0.0, , 1658.8, 41471, -0.872, 0.149, 0.0, 0.0, 0.0, 0.0, 0.38, , , 40.000, -29.06, 1780000135400, 3276.8, 2.1, 3276.8, 3276.8, 0, , , , 0.0, 0.0, 36.561978935, -79.197703998, 0.0
12.4, 3, 5420.000, , 3382, 0.0, , 1662.8, 41571, -0.856, 0.185, 0.0, 0.0, 0.0, 0.0, 0.35, , , 40.000, -28.53, 1780000135500, 3276.8, 2.1, 3276.8, 3276.8, 0, , , , 0.0, 0.0, 36.562003522, -79.197736820, 0.0
14.7, 3, 5424.000, , 3264, 0.0, , 1666.8, 41671, -0.837, 0.221, 0.0, 0.0, 0.0, 0.0, 0.32, , , 40.000, -27.89, 1780000135600, 3276.8, 2.1, 3276.8, 3276.8, 0, , , , 0.0, 0.0, 36.562027752, -79.197770045, 0.0
17.0, 3, 5428.000, , 3148, 0.0, , 1670.8, 41771, -0.814, 0.255, 0.0, 0.0, 0.0, 0.0, 0.29, , , 40.000, -27.14, 1780000135700, 3276.8, 2.1, 3276.8, 3276.8, 0, , , , 0.0, 0.0, 36.562051622, -79.197803666, 0.0
19.3, 3, 5432.000, , 3036, 0.0, , 1674.8, 41871, -0.789, 0.289, 0.0, 0.0, 0.0, 0.0, 0.26, , , 40.000, -26.29, 1780000135800, 3276.8, 2.1, 3276.8, 3276.8, 0, , , , 0.0, 0.0, 36.562075127, -79.197837678, 0.0
21.4, 3, 5436.000, , 2928, 0.0, , 1678.8, 41971, -0.760, 0.321, 0.0, 0.0, 0.0, 0.0, 0.23, , , 40.000, -25.33, 1780000135900, 3276.8, 2.1, 3276.8, 3276.8, 0, , , , 0.0, 0.0, 36.562098263, -79.197872074, 0.0
23.5, 3, 5440.000, , 2824, 0.0, , 1682.8, 42071, -0.728, 0.353, 0.0, 0.0, 0.0, 0.0, 0.21, , , 40.000, -24.27, 1780000136000, 3276.8, 2.1, 3276.8, 3276.8, 0, , , , 0.0, 0.0, 36.562121027, -79.197906848, 0.0
25.5, 3, 5444.000, , 2725, 0.0, , 1686.8, 42171, -0.693, 0.382, 0.0, 0.0, 0.0, 0.0, 0.18, , , 40.000, -23.12, 1780000136100, 3276.8, 2.1, 3276.8, 3276.8, 0, , , , 0.0, 0.0, 36.562143413, -79.197941995, 0.0
27.4, 3, 5448.000, , 2631, 0.0, , 1690.8, 42271, -0.656, 0.411, 0.0, 0.0, 0.0, 0.0, 0.16, , , 40.000, -21.87, 1780000136200, 3276.8, 2.1, 3276.8, 3276.8, 0, , , , 0.0, 0.0, 36.562165418, -79.197977507, 0.0
29.2, 3, 5452.000, , 2542, 0.0, , 1694.8, 42371, -0.616, 0.437, 0.0, 0.0, 0.0, 0.0, 0.14, , , 40.000, -20.54, 1780000136300, 3276.8, 2.1, 3276.8, 3276.8, 0, , , , 0.0, 0.0, 36.562187038, -79.198013379, 0.0
30.8, 3, 5456.000, , 2459, 0.0, , 1698.8, 42471, -0.574, 0.462, 0.0, 0.0, 0.0, 0.0, 0.11, , , 40.000, -19.12, 1780000136400, 3276.8, 2.1, 3276.8, 3276.8, 0, , , , 0.0, 0.0, 36.562208270, -79.198049604, 0.0
32.4, 3, 5460.000, , 2382, 0.0, , 1702.8, 42571, -0.529, 0.485, 0.0, 0.0, 0.0, 0.0, 0.10, , , 40.000, -17.63, 1780000136500, 3276.8, 2.1, 3276.8, 3276.8, 0, , , , 0.0, 0.0, 36.562229108, -79.198086176, 0.0
33.8, 3, 5464.000, , 2311, 0.0, , 1706.8, 42671, -0.482, 0.507, 0.0, 0.0, 0.0, 0.0, 0.08, , , 40.000, -16.07, 1780000136600, 3276.8, 2.1, 3276.8, 3276.8, 0, , , , 0.0, 0.0, 36.562249551, -79.198123088, 0.0
35.1, 3, 5468.000, , 2247, 0.0, , 1710.8, 42771, -0.434, 0.526, 0.0, 0.0, 0.0, 0.0, 0.06, , , 40.000, -14.45, 1780000136700, 3276.8, 2.1, 3276.8, 3276.8, 0, , , , 0.0, 0.0, 36.562269594, -79.198160333, 0.0
36.2, 3, 5472.000, , 2190, 0.0, , 1714.8, 42871, -0.383, 0.543, 0.0, 0.0, 0.0, 0.0, 0.05, , , 40.000, -12.77, 1780000136800, 3276.8, 2.1, 3276.8, 3276.8, 0, , , , 0.0, 0.0, 36.562289233, -79.198197906, 0.0
37.2, 3, 5476.000, , 2140, 0.0, , 1718.8, 42971, -0.331, 0.558, 0.0, 0.0, 0.0, 0.0, 0.04, , , 40.000, -11.04, 1780000136900, 3276.8, 2.1, 3276.8, 3276.8, 0, , , , 0.0, 0.0, 36.562308465, -79.198235799, 0.0
38.0, 3, 5480.000, , 2098, 0.0, , 1722.8, 43071, -0.278, 0.571, 0.0, 0.0, 0.0, 0.0, 0.02, , , 40.000, -9.27, 1780000137000, 3276.8, 2.1, 3276.8, 3276.8, 0, , , , 0.0, 0.0, 36.562327287, -79.198274006, 0.0
38.7, 3, 5484.000, , 2063, 0.0, , 1726.8, 43171, -0.224, 0.581, 0.0, 0.0, 0.0, 0.0, 0.02, , , 40.000, -7.46, 1780000137100, 3276.8, 2.1, 3276.8, 3276.8, 0, , , , 0.0, 0.0, 36.562345695, -79.198312519, 0.0
39.3, 3, 5488.000, , 2035, 0.0, , 1730.8, 43271, -0.169, 0.589, 0.0, 0.0, 0.0, 0.0, 0.01, , , 40.000, -5.62, 1780000137200, 3276.8, 2.1, 3276.8, 3276.8, 0, , , , 0.0, 0.0, 36.562363686, -79.198351333, 0.0
39.7, 3, 5492.000, , 2016, 0.0, , 1734.8, 43371, -0.113, 0.595, 0.0, 0.0, 0.0, 0.0, 0.00, , , 40.000, -3.76, 1780000137300, 3276.8, 2.1, 3276.8, 3276.8, 0, , , , 0.0, 0.0, 36.562381256, -79.198390439, 0.0
39.9, 3, 5496.000, , 2004, 0.0, , 1738.8, 43471, -0.057, 0.599, 0.0, 0.0, 0.0, 0.0, 0.00, , , 40.000, -1.88, 1780000137400, 3276.8, 2.1, 3276.8, 3276.8, 0, , , , 0.0, 0.0, 36.562398404, -79.198429832, 0.0
40.0, 3, 5500.000, , 2000, 0.0, , 1742.8, 43571, 0.000, 0.600, 0.0, 0.0, 0.0, 0.0, 0.00, , , 40.000, 0.00, 1780000137500, 3276.8, 2.1, 3276.8, 3276.8, 0, , , , 0.0, 0.0, 36.562415125, -79.198469504, 0.0
39.9, 3, 5504.000, , 2004, 0.0, , 1746.8, 43671, 0.057, 0.599, 0.0, 0.0, 0.0, 0.0, 0.00, , , 40.000, 1.88, 1780000137600, 3276.8, 2.1, 3276.8, 3276.8, 0, , , , 0.0, 0.0, 36.562431417, -79.198509448, 0.0
39.7, 3, 5508.000, , 2016, 0.0, , 1750.8, 43771, 0.113, 0.595, 0.0, 0.0, 0.0, 0.0, 0.00, , , 40.000, 3.76, 1780000137700, 3276.8, 2.1, 3276.8, 3276.8, 0, , , , 0.0, 0.0, 36.562447276, -79.198549657, 0.0
39.3, 3, 5512.000, , 2035, 0.0, , 1754.8, 43871, 0.169, 0.589, 0.0, 0.0, 0.0, 0.0, 0.01, , , 40.000, 5.62, 1780000137800, 3276.8, 2.1, 3276.8, 3276.8, 0, , , , 0.0, 0.0, 36.562462701, -79.198590124, 0.0
38.7, 3, 5516.000, , 2063, 0.0, , 1758.8, 43971, 0.224, 0.581, 0.0, 0.0, 0.0, 0.0, 0.02, , , 40.000, 7.46, 1780000137900, 3276.8, 2.1, 3276.8, 3276.8, 0, , , , 0.0, 0.0, 36.562477687, -79.198630841, 0.0
38.0, 3, 5520.000, , 2098, 0.0, , 1762.8, 44071, 0.278, 0.571, 0.0, 0.0, 0.0, 0.0, 0.02, , , 40.000, 9.27, 1780000138000, 3276.8, 2.1, 3276.8, 3276.8, 0, , , , 0.0, 0.0, 36.562492234, -79.198671802, 0.0
37.2, 3, 5524.000, , 2140, 0.0, , 1766.8, 44171, 0.331, 0.558, 0.0, 0.0, 0.0, 0.0, 0.04, , , 40.000, 11.04, 1780000138100, 3276.8, 2.1, 3276.8, 3276.8, 0, , , , 0.0, 0.0, 36.562506337, -79.198712999, 0.0
36.2, 3, 5528.000, , 2190, 0.0, , 1770.8, 44271, 0.383, 0.543, 0.0, 0.0, 0.0, 0.0, 0.05, , , 40.000, 12.77, 1780000138200, 3276.8, 2.1, 3276.8, 3276.8, 0, , , , 0.0, 0.0, 36.562519994, -79.198754425, 0.0
35.1, 3, 5532.000, , 2247, 0.0, , 1774.8, 44371, 0.434, 0.526, 0.0, 0.0, 0.0, 0.0, 0.06, , , 40.000, 14.45, 1780000138300, 3276.8, 2.1, 3276.8, 3276.8, 0, , , , 0.0, 0.0, 36.562533204, -79.198796072, 0.0
33.8, 3, 5536.000, , 2311, 0.0, , 1778.8, 44471, 0.482, 0.507, 0.0, 0.0, 0.0, 0.0, 0.08, , , 40.000, 16.07, 1780000138400, 3276.8, 2.1, 3276.8, 3276.8, 0, , , , 0.0, 0.0, 36.562545963, -79.198837934, 0.0
32.4, 3, 5540.000, , 2382, 0.0, , 1782.8, 44571, 0.529, 0.485, 0.0, 0.0, 0.0, 0.0, 0.10, , , 40.000, 17.63, 1780000138500, 3276.8, 2.1, 3276.8, 3276.8, 0, , , , 0.0, 0.0, 36.562558270, -79.198880001, 0.0
30.8, 3, 5544.000, , 2459, 0.0, , 1786.8, 44671, 0.574, 0.462, 0.0, 0.0, 0.0, 0.0, 0.11, , , 40.000, 19.12, 1780000138600, 3276.8, 2.1, 3276.8, 3276.8, 0, , , , 0.0, 0.0, 36.562570122, -79.198922268, 0.0
29.2, 3, 5548.000, , 2542, 0.0, , 1790.8, 44771, 0.616, 0.437, 0.0, 0.0, 0.0, 0.0, 0.14, , , 40.000, 20.54, 1780000138700, 3276.8, 2.1, 3276.8, 3276.8, 0, , , , 0.0, 0.0, 36.562581517, -79.198964727, 0.0
27.4, 3, 5552.000, , 2631, 0.0, , 1794.8, 44871, 0.656, 0.411, 0.0, 0.0, 0.0, 0.0, 0.16, , , 40.000, 21.87, 1780000138800, 3276.8, 2.1, 3276.8, 3276.8, 0, , , , 0.0, 0.0, 36.562592453, -79.199007369, 0.0
25.5, 3, 5556.000, , 2725, 0.0, , 1798.8, 44971, 0.693, 0.382, 0.0, 0.0, 0.0, 0.0, 0.18, , , 40.000, 23.12, 1780000138900, 3276.8, 2.1, 3276.8, 3276.8, 0, , , , 0.0, 0.0, 36.562602928, -79.199050188, 0.0
23.5, 3, 5560.000, , 2824, 0.0, , 1802.8, 45071, 0.728, 0.353, 0.0, 0.0, 0.0, 0.0, 0.21, , , 40.000, 24.27, 1780000139000, 3276.8, 2.1, 3276.8, 3276.8, 0, , , , 0.0, 0.0, 36.562612940, -79.199093176, 0.0
21.4, 3, 5564.000, , 2928, 0.0, , 1806.8, 45171, 0.760, 0.321, 0.0, 0.0, 0.0, 0.0, 0.23, , , 40.000, 25.33, 1780000139100, 3276.8, 2.1, 3276.8, 3276.8, 0, , , , 0.0, 0.0, 36.562622488, -79.199136325, 0.0
19.3, 3, 5568.000, , 3036, 0.0, , 1810.8, 45271, 0.789, 0.289, 0.0, 0.0, 0.0, 0.0, 0.26, , , 40.000, 26.29, 1780000139200, 3276.8, 2.1, 3276.8, 3276.8, 0, , , , 0.0, 0.0, 36.562631570, -79.199179628, 0.0
17.0, 3, 5572.000, , 3148, 0.0, , 1814.8, 45371, 0.814, 0.255, 0.0, 0.0, 0.0, 0.0, 0.29, , , 40.000, 27.14, 1780000139300, 3276.8, 2.1, 3276.8, 3276.8, 0, , , , 0.0, 0.0, 36.562640183, -79.199223077, 0.0
14.7, 3, 5576.000, , 3264, 0.0, , 1818.8, 45471, 0.837, 0.221, 0.0, 0.0, 0.0, 0.0, 0.32, , , 40.000, 27.89, 1780000139400, 3276.8, 2.1, 3276.8, 3276.8, 0, , , , 0.0, 0.0, 36.562648328, -79.199266663, 0.0
12.4, 3, 5580.000, , 3382, 0.0, , 1822.8, 45571, 0.856, 0.185, 0.0, 0.0, 0.0, 0.0, 0.35, , , 40.000, 28.53, 1780000139500, 3276.8, 2.1, 3276.8, 3276.8, 0, , , , 0.0, 0.0, 36.562656001, -79.199310380, 0.0
9.9, 3, 5584.000, , 3503, 0.0, , 1826.8, 45671, 0.872, 0.149, 0.0, 0.0, 0.0, 0.0, 0.38, , , 40.000, 29.06, 1780000139600, 3276.8, 2.1, 3276.8, 3276.8, 0, , , , 0.0, 0.0, 36.562663203, -79.199354220, 0.0
7.5, 3, 5588.000, , 3625, 0.0, , 1830.8, 45771, 0.884, 0.112, 0.0, 0.0, 0.0, 0.0, 0.41, , , 40.000, 29.47, 1780000139700, 3276.8, 2.1, 3276.8, 3276.8, 0, , , , 0.0, 0.0, 36.562669931, -79.199398174, 0.0
5.0, 3, 5592.000, , 3749, 0.0, , 1834.8, 45871, 0.893, 0.075, 0.0, 0.0, 0.0, 0.0, 0.44, , , 40.000, 29.76, 1780000139800, 3276.8, 2.1, 3276.8, 3276.8, 0, , , , 0.0, 0.0, 36.562676184, -79.199442235, 0.0
2.5, 3, 5596.000, , 3874, 0.0, , 1838.8, 45971, 0.898, 0.038, 0.0, 0.0, 0.0, 0.0, 0.47, , , 40.000, 29.94, 1780000139900, 3276.8, 2.1, 3276.8, 3276.8, 0, , , , 0.0, 0.0, 36.562681962, -79.199486396, 0.0
0.0, 3, 5600.000, , 4000, 0.0, , 1842.8, 46071, 0.900, 0.000, 0.0, 0.0, 0.0, 0.0, 0.50, , , 40.000, 30.00, 1780000140000, 3276.8, 2.1, 3276.8, 3276.8, 0, , , , 0.0, 0.0, 36.562687263, -79.199530648, 0.0
0.0, 4, 5604.000, , 4126, 0.0, , 1846.8, 46171, 0.898, -0.038, 0.0, 0.0, 0.0, 0.0, 0.53, , , 40.000, 29.94, 1780000140100, 3276.8, 2.1, 3276.8, 3276.8, 0, , , , 0.0, 0.0, 36.562692086, -79.199574983, 0.0
0.0, 4, 5608.000, , 4251, 0.0, , 1850.8, 46271, 0.893, -0.075, 0.0, 0.0, 0.0, 0.0, 0.56, , , 40.000, 29.76, 1780000140200, 3276.8, 2.1, 3276.8, 3276.8, 0, , , , 0.0, 0.0, 36.562696430, -79.199619394, 0.0
0.0, 4, 5612.000, , 4375, 0.0, , 1854.8, 46371, 0.884, -0.112, 0.0, 0.0, 0.0, 0.0, 0.59, , , 40.000, 29.47, 1780000140300, 3276.8, 2.1, 3276.8, 3276.8, 0, , , , 0.0, 0.0, 36.562700296, -79.199663872, 0.0
0.0, 4, 5616.000, , 4497, 0.0, , 1858.8, 46471, 0.872, -0.149, 0.0, 0.0, 0.0, 0.0, 0.62, , , 40.000, 29.06, 1780000140400, 3276.8, 2.1, 3276.8, 3276.8, 0, , , , 0.0, 0.0, 36.562703681, -79.199708411, 0.0
0.0, 4, 5620.000, , 4618, 0.0, , 1862.8, 46571, 0.856, -0.185, 0.0, 0.0, 0.0, 0.0, 0.65, , , 40.000, 28.53, 1780000140500, 3276.8, 2.1, 3276.8, 3276.8, 0, , , , 0.0, 0.0, 36.562706585, -79.199753001, 0.0
0.0, 4, 5624.000, , 4736, 0.0, , 1866.8, 46671, 0.837, -0.221, 0.0, 0.0, 0.0, 0.0, 0.68, , , 40.000, 27.89, 1780000140600, 3276.8, 2.1, 3276.8, 3276.8, 0, , , , 0.0, 0.0, 36.562709009, -79.199797635, 0.0
0.0, 4, 5628.000, , 4852, 0.0, , 1870.8, 46771, 0.814, -0.255, 0.0, 0.0, 0.0, 0.0, 0.71, , , 40.000, 27.14, 1780000140700, 3276.8, 2.1, 3276.8, 3276.8, 0, , , , 0.0, 0.0, 36.562710950, -79.199842305, 0.0
